-3838.000000 7768.000000 -1516.230000
-3839.787739 7767.702771 -1515.384042
-3841.575478 7767.405543 -1514.538084
-3843.363217 7767.108314 -1513.692127
-3845.150956 7766.811086 -1512.846169
-3846.938695 7766.513857 -1512.000211
-3848.726434 7766.216629 -1511.154253
-3850.514173 7765.919400 -1510.308296
-3852.301912 7765.622172 -1509.462338
-3854.089651 7765.324943 -1508.616380
-3855.877390 7765.027715 -1507.770422
-3857.665129 7764.730486 -1506.924465
-3859.452868 7764.433258 -1506.078507
-3861.240607 7764.136029 -1505.232549
-3863.028346 7763.838801 -1504.386591
-3864.816085 7763.541572 -1503.540634
-3866.603824 7763.244344 -1502.694676
-3868.391563 7762.947115 -1501.848718
-3870.179302 7762.649887 -1501.002760
-3871.967041 7762.352658 -1500.156803
-3873.754780 7762.055430 -1499.310845
-3875.542519 7761.758201 -1498.464887
-3877.330258 7761.460973 -1497.618929
-3879.117997 7761.163744 -1496.772972
-3880.905736 7760.866516 -1495.927014
-3882.693475 7760.569287 -1495.081056
-3884.481214 7760.272058 -1494.235098
-3886.268953 7759.974830 -1493.389141
-3888.056692 7759.677601 -1492.543183
-3889.844431 7759.380373 -1491.697225
-3891.632170 7759.083144 -1490.851267
-3893.419909 7758.785916 -1490.005310
-3895.207648 7758.488687 -1489.159352
-3896.995387 7758.191459 -1488.313394
-3898.783126 7757.894230 -1487.467436
-3900.570865 7757.597002 -1486.621479
-3902.358604 7757.299773 -1485.775521
-3904.146343 7757.002545 -1484.929563
-3905.934082 7756.705316 -1484.083605
-3907.721821 7756.408088 -1483.237648
-3909.509559 7756.110859 -1482.391690
-3911.297298 7755.813631 -1481.545732
-3913.085037 7755.516402 -1480.699774
-3914.872776 7755.219174 -1479.853817
-3916.660515 7754.921945 -1479.007859
-3918.448254 7754.624717 -1478.161901
-3920.235993 7754.327488 -1477.315943
-3922.023732 7754.030260 -1476.469986
-3923.811471 7753.733031 -1475.624028
-3925.599210 7753.435802 -1474.778070
-3927.386949 7753.138574 -1473.932112
-3929.174688 7752.841345 -1473.086155
-3930.962427 7752.544117 -1472.240197
-3932.750166 7752.246888 -1471.394239
-3934.537905 7751.949660 -1470.548281
-3936.325644 7751.652431 -1469.702324
-3938.113383 7751.355203 -1468.856366
-3939.901122 7751.057974 -1468.010408
-3941.688861 7750.760746 -1467.164450
-3943.476600 7750.463517 -1466.318493
-3945.264339 7750.166289 -1465.472535
-3947.052078 7749.869060 -1464.626577
-3948.839817 7749.571832 -1463.780619
-3950.627556 7749.274603 -1462.934662
-3952.415295 7748.977375 -1462.088704
-3954.203034 7748.680146 -1461.242746
-3955.990773 7748.382918 -1460.396788
-3957.778512 7748.085689 -1459.550831
-3959.566251 7747.788461 -1458.704873
-3961.353990 7747.491232 -1457.858915
-3963.141729 7747.194004 -1457.012957
-3964.929468 7746.896775 -1456.167000
-3966.717207 7746.599547 -1455.321042
-3968.504946 7746.302318 -1454.475084
-3970.292685 7746.005089 -1453.629126
-3972.080424 7745.707861 -1452.783169
-3973.868163 7745.410632 -1451.937211
-3975.655902 7745.113404 -1451.091253
-3977.443641 7744.816175 -1450.245295
-3979.231380 7744.518947 -1449.399338
-3981.019119 7744.221718 -1448.553380
-3982.806858 7743.924490 -1447.707422
-3984.594597 7743.627261 -1446.861464
-3986.382336 7743.330033 -1446.015507
-3988.170075 7743.032804 -1445.169549
-3989.957814 7742.735576 -1444.323591
-3991.745553 7742.438347 -1443.477633
-3993.533292 7742.141119 -1442.631676
-3995.321031 7741.843890 -1441.785718
-3997.108770 7741.546662 -1440.939760
-3998.896509 7741.249433 -1440.093802
-4000.684248 7740.952205 -1439.247844
-4002.471987 7740.654976 -1438.401887
-4004.259726 7740.357748 -1437.555929
-4006.047465 7740.060519 -1436.709971
-4007.835204 7739.763291 -1435.864013
-4009.622943 7739.466062 -1435.018056
-4011.410682 7739.168833 -1434.172098
-4013.198421 7738.871605 -1433.326140
-4014.986160 7738.574376 -1432.480182
-4016.773899 7738.277148 -1431.634225
-4018.561638 7737.979919 -1430.788267
-4020.349377 7737.682691 -1429.942309
-4022.137116 7737.385462 -1429.096351
-4023.924855 7737.088234 -1428.250394
-4025.712594 7736.791005 -1427.404436
-4027.500333 7736.493777 -1426.558478
-4029.288072 7736.196548 -1425.712520
-4031.075811 7735.899320 -1424.866563
-4032.863550 7735.602091 -1424.020605
-4034.651289 7735.304863 -1423.174647
-4036.439028 7735.007634 -1422.328689
-4038.226767 7734.710406 -1421.482732
-4040.014506 7734.413177 -1420.636774
-4041.802245 7734.115949 -1419.790816
-4043.589984 7733.818720 -1418.944858
-4045.377723 7733.521492 -1418.098901
-4047.165462 7733.224263 -1417.252943
-4048.953201 7732.927035 -1416.406985
-4050.740939 7732.629806 -1415.561027
-4052.528678 7732.332578 -1414.715070
-4054.316417 7732.035349 -1413.869112
-4056.104156 7731.738120 -1413.023154
-4057.891895 7731.440892 -1412.177196
-4059.679634 7731.143663 -1411.331239
-4061.467373 7730.846435 -1410.485281
-4063.255112 7730.549206 -1409.639323
-4065.042851 7730.251978 -1408.793365
-4066.830590 7729.954749 -1407.947408
-4068.618329 7729.657521 -1407.101450
-4070.406068 7729.360292 -1406.255492
-4072.193807 7729.063064 -1405.409534
-4073.981546 7728.765835 -1404.563577
-4075.769285 7728.468607 -1403.717619
-4077.557024 7728.171378 -1402.871661
-4079.344763 7727.874150 -1402.025703
-4081.132502 7727.576921 -1401.179746
-4082.920241 7727.279693 -1400.333788
-4084.707980 7726.982464 -1399.487830
-4086.495719 7726.685236 -1398.641872
-4088.283458 7726.388007 -1397.795915
-4090.071197 7726.090779 -1396.949957
-4091.858936 7725.793550 -1396.103999
-4093.646675 7725.496322 -1395.258041
-4095.434414 7725.199093 -1394.412084
-4097.222153 7724.901864 -1393.566126
-4099.009892 7724.604636 -1392.720168
-4100.797631 7724.307407 -1391.874210
-4102.585370 7724.010179 -1391.028253
-4104.373109 7723.712950 -1390.182295
-4106.160848 7723.415722 -1389.336337
-4107.948587 7723.118493 -1388.490379
-4109.736326 7722.821265 -1387.644422
-4111.524065 7722.524036 -1386.798464
-4113.311804 7722.226808 -1385.952506
-4115.099543 7721.929579 -1385.106548
-4116.887282 7721.632351 -1384.260591
-4118.675021 7721.335122 -1383.414633
-4120.462760 7721.037894 -1382.568675
-4122.250499 7720.740665 -1381.722717
-4124.038238 7720.443437 -1380.876760
-4125.825977 7720.146208 -1380.030802
-4127.613716 7719.848980 -1379.184844
-4129.401455 7719.551751 -1378.338886
-4131.189194 7719.254523 -1377.492929
-4132.976933 7718.957294 -1376.646971
-4134.764672 7718.660066 -1375.801013
-4136.552411 7718.362837 -1374.955055
-4138.340150 7718.065609 -1374.109098
-4140.127889 7717.768380 -1373.263140
-4141.915628 7717.471151 -1372.417182
-4143.703367 7717.173923 -1371.571224
-4145.491106 7716.876694 -1370.725267
-4147.278845 7716.579466 -1369.879309
-4149.066584 7716.282237 -1369.033351
-4150.854323 7715.985009 -1368.187393
-4152.642062 7715.687780 -1367.341436
-4154.429801 7715.390552 -1366.495478
-4156.217540 7715.093323 -1365.649520
-4158.005279 7714.796095 -1364.803562
-4159.793018 7714.498866 -1363.957604
-4161.580757 7714.201638 -1363.111647
-4163.368496 7713.904409 -1362.265689
-4165.156235 7713.607181 -1361.419731
-4166.943974 7713.309952 -1360.573773
-4168.731713 7713.012724 -1359.727816
-4170.519452 7712.715495 -1358.881858
-4172.307191 7712.418267 -1358.035900
-4174.094930 7712.121038 -1357.189942
-4175.882669 7711.823810 -1356.343985
-4177.670408 7711.526581 -1355.498027
-4179.458147 7711.229353 -1354.652069
-4181.245886 7710.932124 -1353.806111
-4183.033625 7710.634896 -1352.960154
-4184.821364 7710.337667 -1352.114196
-4186.609103 7710.040438 -1351.268238
-4188.396842 7709.743210 -1350.422280
-4190.184581 7709.445981 -1349.576323
-4191.972319 7709.148753 -1348.730365
-4193.760058 7708.851524 -1347.884407
-4195.547797 7708.554296 -1347.038449
-4197.335536 7708.257067 -1346.192492
-4199.123275 7707.959839 -1345.346534
-4200.911014 7707.662610 -1344.500576
-4202.698753 7707.365382 -1343.654618
-4204.486492 7707.068153 -1342.808661
-4206.274231 7706.770925 -1341.962703
-4208.061970 7706.473696 -1341.116745
-4209.849709 7706.176468 -1340.270787
-4211.637448 7705.879239 -1339.424830
-4213.425187 7705.582011 -1338.578872
-4215.212926 7705.284782 -1337.732914
-4217.000665 7704.987554 -1336.886956
-4218.788404 7704.690325 -1336.040999
-4220.576143 7704.393097 -1335.195041
-4222.363882 7704.095868 -1334.349083
-4224.151621 7703.798640 -1333.503125
-4225.939360 7703.501411 -1332.657168
-4227.727099 7703.204182 -1331.811210
-4229.514838 7702.906954 -1330.965252
-4231.302577 7702.609725 -1330.119294
-4233.090316 7702.312497 -1329.273337
-4234.878055 7702.015268 -1328.427379
-4236.665794 7701.718040 -1327.581421
-4238.453533 7701.420811 -1326.735463
-4240.241272 7701.123583 -1325.889506
-4242.029011 7700.826354 -1325.043548
-4243.816750 7700.529126 -1324.197590
-4245.604489 7700.231897 -1323.351632
-4247.392228 7699.934669 -1322.505675
-4249.179967 7699.637440 -1321.659717
-4250.967706 7699.340212 -1320.813759
-4252.755445 7699.042983 -1319.967801
-4254.543184 7698.745755 -1319.121844
-4256.330923 7698.448526 -1318.275886
-4258.118662 7698.151298 -1317.429928
-4259.906401 7697.854069 -1316.583970
-4261.694140 7697.556841 -1315.738013
-4263.481879 7697.259612 -1314.892055
-4265.269618 7696.962384 -1314.046097
-4267.057357 7696.665155 -1313.200139
-4268.845096 7696.367927 -1312.354182
-4270.632835 7696.070698 -1311.508224
-4272.420574 7695.773469 -1310.662266
-4274.208313 7695.476241 -1309.816308
-4275.996052 7695.179012 -1308.970351
-4277.783791 7694.881784 -1308.124393
-4279.571530 7694.584555 -1307.278435
-4281.359269 7694.287327 -1306.432477
-4283.147008 7693.990098 -1305.586520
-4284.934747 7693.692870 -1304.740562
-4286.722486 7693.395641 -1303.894604
-4288.510225 7693.098413 -1303.048646
-4290.297964 7692.801184 -1302.202689
-4292.085703 7692.503956 -1301.356731
-4293.873442 7692.206727 -1300.510773
-4295.661181 7691.909499 -1299.664815
-4297.448920 7691.612270 -1298.818858
-4299.236659 7691.315042 -1297.972900
-4301.024398 7691.017813 -1297.126942
-4302.812137 7690.720585 -1296.280984
-4304.599876 7690.423356 -1295.435027
-4306.387615 7690.126128 -1294.589069
-4308.175354 7689.828899 -1293.743111
-4309.963093 7689.531671 -1292.897153
-4311.750832 7689.234442 -1292.051196
-4313.538571 7688.937213 -1291.205238
-4315.326310 7688.639985 -1290.359280
-4317.114049 7688.342756 -1289.513322
-4318.901788 7688.045528 -1288.667365
-4320.689527 7687.748299 -1287.821407
-4322.477266 7687.451071 -1286.975449
-4324.265005 7687.153842 -1286.129491
-4326.052744 7686.856614 -1285.283533
-4327.840483 7686.559385 -1284.437576
-4329.628222 7686.262157 -1283.591618
-4331.415961 7685.964928 -1282.745660
-4333.203700 7685.667700 -1281.899702
-4334.991438 7685.370471 -1281.053745
-4336.779177 7685.073243 -1280.207787
-4338.566916 7684.776014 -1279.361829
-4340.354655 7684.478786 -1278.515871
-4342.142394 7684.181557 -1277.669914
-4343.930133 7683.884329 -1276.823956
-4345.717872 7683.587100 -1275.977998
-4347.505611 7683.289872 -1275.132040
-4349.293350 7682.992643 -1274.286083
-4351.081089 7682.695415 -1273.440125
-4352.868828 7682.398186 -1272.594167
-4354.656567 7682.100958 -1271.748209
-4356.444306 7681.803729 -1270.902252
-4358.232045 7681.506500 -1270.056294
-4360.019784 7681.209272 -1269.210336
-4361.807523 7680.912043 -1268.364378
-4363.595262 7680.614815 -1267.518421
-4365.383001 7680.317586 -1266.672463
-4367.170740 7680.020358 -1265.826505
-4368.958479 7679.723129 -1264.980547
-4370.746218 7679.425901 -1264.134590
-4372.533957 7679.128672 -1263.288632
-4374.321696 7678.831444 -1262.442674
-4376.109435 7678.534215 -1261.596716
-4377.897174 7678.236987 -1260.750759
-4379.684913 7677.939758 -1259.904801
-4381.472652 7677.642530 -1259.058843
-4383.260391 7677.345301 -1258.212885
-4385.048130 7677.048073 -1257.366928
-4386.835869 7676.750844 -1256.520970
-4388.623608 7676.453616 -1255.675012
-4390.411347 7676.156387 -1254.829054
-4392.199086 7675.859159 -1253.983097
-4393.986825 7675.561930 -1253.137139
-4395.774564 7675.264702 -1252.291181
-4397.562303 7674.967473 -1251.445223
-4399.350042 7674.670244 -1250.599266
-4401.137781 7674.373016 -1249.753308
-4402.925520 7674.075787 -1248.907350
-4404.713259 7673.778559 -1248.061392
-4406.500998 7673.481330 -1247.215435
-4408.288737 7673.184102 -1246.369477
-4410.076476 7672.886873 -1245.523519
-4411.864215 7672.589645 -1244.677561
-4413.651954 7672.292416 -1243.831604
-4415.439693 7671.995188 -1242.985646
-4417.227432 7671.697959 -1242.139688
-4419.015171 7671.400731 -1241.293730
-4420.802910 7671.103502 -1240.447773
-4422.590649 7670.806274 -1239.601815
-4424.378388 7670.509045 -1238.755857
-4426.166127 7670.211817 -1237.909899
-4427.953866 7669.914588 -1237.063942
-4429.741605 7669.617360 -1236.217984
-4431.529344 7669.320131 -1235.372026
-4433.317083 7669.022903 -1234.526068
-4435.104822 7668.725674 -1233.680111
-4436.892561 7668.428446 -1232.834153
-4438.680300 7668.131217 -1231.988195
-4440.468039 7667.833989 -1231.142237
-4442.255778 7667.536760 -1230.296280
-4444.043517 7667.239531 -1229.450322
-4445.831256 7666.942303 -1228.604364
-4447.618995 7666.645074 -1227.758406
-4449.406734 7666.347846 -1226.912449
-4451.194473 7666.050617 -1226.066491
-4452.982212 7665.753389 -1225.220533
-4454.769951 7665.456160 -1224.374575
-4456.557690 7665.158932 -1223.528618
-4458.345429 7664.861703 -1222.682660
-4460.133168 7664.564475 -1221.836702
-4461.920907 7664.267246 -1220.990744
-4463.708646 7663.970018 -1220.144787
-4465.496385 7663.672789 -1219.298829
-4467.284124 7663.375561 -1218.452871
-4469.071863 7663.078332 -1217.606913
-4470.859602 7662.781104 -1216.760956
-4472.647341 7662.483875 -1215.914998
-4474.435080 7662.186647 -1215.069040
-4476.222818 7661.889418 -1214.223082
-4478.010557 7661.592190 -1213.377125
-4479.798296 7661.294961 -1212.531167
-4481.586035 7660.997733 -1211.685209
-4483.373774 7660.700504 -1210.839251
-4485.161513 7660.403275 -1209.993293
-4486.949252 7660.106047 -1209.147336
-4488.736991 7659.808818 -1208.301378
-4490.524730 7659.511590 -1207.455420
-4492.312469 7659.214361 -1206.609462
-4494.100208 7658.917133 -1205.763505
-4495.887947 7658.619904 -1204.917547
-4497.675686 7658.322676 -1204.071589
-4499.463425 7658.025447 -1203.225631
-4501.251164 7657.728219 -1202.379674
-4503.038903 7657.430990 -1201.533716
-4504.826642 7657.133762 -1200.687758
-4506.614381 7656.836533 -1199.841800
-4508.402120 7656.539305 -1198.995843
-4510.189859 7656.242076 -1198.149885
-4511.977598 7655.944848 -1197.303927
-4513.765337 7655.647619 -1196.457969
-4515.553076 7655.350391 -1195.612012
-4517.340815 7655.053162 -1194.766054
-4519.128554 7654.755934 -1193.920096
-4520.916293 7654.458705 -1193.074138
-4522.704032 7654.161477 -1192.228181
-4524.491771 7653.864248 -1191.382223
-4526.279510 7653.567020 -1190.536265
-4528.067249 7653.269791 -1189.690307
-4529.854988 7652.972562 -1188.844350
-4531.642727 7652.675334 -1187.998392
-4533.430466 7652.378105 -1187.152434
-4535.218205 7652.080877 -1186.306476
-4537.005944 7651.783648 -1185.460519
-4538.793683 7651.486420 -1184.614561
-4540.581422 7651.189191 -1183.768603
-4542.369161 7650.891963 -1182.922645
-4544.156900 7650.594734 -1182.076688
-4545.944639 7650.297506 -1181.230730
-4547.732378 7650.000277 -1180.384772
-4549.520117 7649.703049 -1179.538814
-4551.307856 7649.405820 -1178.692857
-4553.095595 7649.108592 -1177.846899
-4554.883334 7648.811363 -1177.000941
-4556.671073 7648.514135 -1176.154983
-4558.458812 7648.216906 -1175.309026
-4560.246551 7647.919678 -1174.463068
-4562.034290 7647.622449 -1173.617110
-4563.822029 7647.325221 -1172.771152
-4565.609768 7647.027992 -1171.925195
-4567.397507 7646.730764 -1171.079237
-4569.185246 7646.433535 -1170.233279
-4570.972985 7646.136307 -1169.387321
-4572.760724 7645.839078 -1168.541364
-4574.548463 7645.541849 -1167.695406
-4576.336202 7645.244621 -1166.849448
-4578.123941 7644.947392 -1166.003490
-4579.911680 7644.650164 -1165.157533
-4581.699419 7644.352935 -1164.311575
-4583.487158 7644.055707 -1163.465617
-4585.274897 7643.758478 -1162.619659
-4587.062636 7643.461250 -1161.773702
-4588.850375 7643.164021 -1160.927744
-4590.638114 7642.866793 -1160.081786
-4592.425853 7642.569564 -1159.235828
-4594.213592 7642.272336 -1158.389871
-4596.001331 7641.975107 -1157.543913
-4597.789070 7641.677879 -1156.697955
-4599.576809 7641.380650 -1155.851997
-4601.364548 7641.083422 -1155.006040
-4603.152287 7640.786193 -1154.160082
-4604.940026 7640.488965 -1153.314124
-4606.727765 7640.191736 -1152.468166
-4608.515504 7639.894508 -1151.622209
-4610.303243 7639.597279 -1150.776251
-4612.090982 7639.300051 -1149.930293
-4613.878721 7639.002822 -1149.084335
-4615.666460 7638.705593 -1148.238378
-4617.454198 7638.408365 -1147.392420
-4619.241937 7638.111136 -1146.546462
-4621.029676 7637.813908 -1145.700504
-4622.817415 7637.516679 -1144.854547
-4624.605154 7637.219451 -1144.008589
-4626.392893 7636.922222 -1143.162631
-4628.180632 7636.624994 -1142.316673
-4629.968371 7636.327765 -1141.470716
-4631.756110 7636.030537 -1140.624758
-4633.543849 7635.733308 -1139.778800
-4636.000000 7635.324950 -1138.616550
-4637.708181 7634.438816 -1139.161420
-4639.416362 7633.552682 -1139.706290
-4641.124544 7632.666548 -1140.251160
-4642.832725 7631.780414 -1140.796030
-4644.540906 7630.894279 -1141.340900
-4646.249087 7630.008145 -1141.885771
-4647.957268 7629.122011 -1142.430641
-4649.665449 7628.235877 -1142.975511
-4651.373631 7627.349743 -1143.520381
-4653.081812 7626.463609 -1144.065251
-4654.789993 7625.577475 -1144.610121
-4656.498174 7624.691341 -1145.154991
-4658.206355 7623.805206 -1145.699861
-4659.914536 7622.919072 -1146.244731
-4661.622718 7622.032938 -1146.789601
-4663.330899 7621.146804 -1147.334471
-4665.039080 7620.260670 -1147.879342
-4666.747261 7619.374536 -1148.424212
-4668.455442 7618.488402 -1148.969082
-4670.163623 7617.602268 -1149.513952
-4671.871805 7616.716134 -1150.058822
-4673.579986 7615.829999 -1150.603692
-4675.288167 7614.943865 -1151.148562
-4676.996348 7614.057731 -1151.693432
-4678.704529 7613.171597 -1152.238302
-4680.412710 7612.285463 -1152.783172
-4682.120892 7611.399329 -1153.328042
-4683.829073 7610.513195 -1153.872913
-4685.537254 7609.627061 -1154.417783
-4687.245435 7608.740926 -1154.962653
-4688.953616 7607.854792 -1155.507523
-4690.661797 7606.968658 -1156.052393
-4692.369979 7606.082524 -1156.597263
-4694.078160 7605.196390 -1157.142133
-4695.786341 7604.310256 -1157.687003
-4697.494522 7603.424122 -1158.231873
-4699.202703 7602.537988 -1158.776743
-4700.910884 7601.651854 -1159.321613
-4702.619066 7600.765719 -1159.866484
-4704.327247 7599.879585 -1160.411354
-4706.035428 7598.993451 -1160.956224
-4707.743609 7598.107317 -1161.501094
-4709.451790 7597.221183 -1162.045964
-4711.159971 7596.335049 -1162.590834
-4712.868153 7595.448915 -1163.135704
-4714.576334 7594.562781 -1163.680574
-4716.284515 7593.676647 -1164.225444
-4717.992696 7592.790512 -1164.770314
-4719.700877 7591.904378 -1165.315184
-4721.409059 7591.018244 -1165.860055
-4723.117240 7590.132110 -1166.404925
-4724.825421 7589.245976 -1166.949795
-4726.533602 7588.359842 -1167.494665
-4728.241783 7587.473708 -1168.039535
-4729.949964 7586.587574 -1168.584405
-4731.658146 7585.701439 -1169.129275
-4733.366327 7584.815305 -1169.674145
-4735.074508 7583.929171 -1170.219015
-4736.782689 7583.043037 -1170.763885
-4738.490870 7582.156903 -1171.308755
-4740.199051 7581.270769 -1171.853626
-4741.907233 7580.384635 -1172.398496
-4743.615414 7579.498501 -1172.943366
-4745.323595 7578.612367 -1173.488236
-4747.031776 7577.726232 -1174.033106
-4748.739957 7576.840098 -1174.577976
-4750.448138 7575.953964 -1175.122846
-4752.156320 7575.067830 -1175.667716
-4753.864501 7574.181696 -1176.212586
-4755.572682 7573.295562 -1176.757456
-4757.280863 7572.409428 -1177.302326
-4758.989044 7571.523294 -1177.847197
-4760.697225 7570.637159 -1178.392067
-4762.405407 7569.751025 -1178.936937
-4764.113588 7568.864891 -1179.481807
-4765.821769 7567.978757 -1180.026677
-4767.529950 7567.092623 -1180.571547
-4769.238131 7566.206489 -1181.116417
-4770.946312 7565.320355 -1181.661287
-4772.654494 7564.434221 -1182.206157
-4774.362675 7563.548087 -1182.751027
-4776.070856 7562.661952 -1183.295897
-4777.779037 7561.775818 -1183.840768
-4779.487218 7560.889684 -1184.385638
-4781.195399 7560.003550 -1184.930508
-4782.903581 7559.117416 -1185.475378
-4784.611762 7558.231282 -1186.020248
-4786.319943 7557.345148 -1186.565118
-4788.028124 7556.459014 -1187.109988
-4789.736305 7555.572879 -1187.654858
-4791.444486 7554.686745 -1188.199728
-4793.152668 7553.800611 -1188.744598
-4794.860849 7552.914477 -1189.289469
-4796.569030 7552.028343 -1189.834339
-4798.277211 7551.142209 -1190.379209
-4799.985392 7550.256075 -1190.924079
-4801.693574 7549.369941 -1191.468949
-4803.401755 7548.483807 -1192.013819
-4805.109936 7547.597672 -1192.558689
-4806.818117 7546.711538 -1193.103559
-4808.526298 7545.825404 -1193.648429
-4810.234479 7544.939270 -1194.193299
-4811.942661 7544.053136 -1194.738169
-4813.650842 7543.167002 -1195.283040
-4815.359023 7542.280868 -1195.827910
-4817.067204 7541.394734 -1196.372780
-4818.775385 7540.508600 -1196.917650
-4820.483566 7539.622465 -1197.462520
-4822.191748 7538.736331 -1198.007390
-4823.899929 7537.850197 -1198.552260
-4825.608110 7536.964063 -1199.097130
-4827.316291 7536.077929 -1199.642000
-4829.024472 7535.191795 -1200.186870
-4830.732653 7534.305661 -1200.731740
-4832.440835 7533.419527 -1201.276611
-4834.149016 7532.533392 -1201.821481
-4835.857197 7531.647258 -1202.366351
-4837.565378 7530.761124 -1202.911221
-4839.273559 7529.874990 -1203.456091
-4840.981740 7528.988856 -1204.000961
-4842.689922 7528.102722 -1204.545831
-4844.398103 7527.216588 -1205.090701
-4846.106284 7526.330454 -1205.635571
-4847.814465 7525.444320 -1206.180441
-4849.522646 7524.558185 -1206.725311
-4851.230827 7523.672051 -1207.270182
-4852.939009 7522.785917 -1207.815052
-4854.647190 7521.899783 -1208.359922
-4856.355371 7521.013649 -1208.904792
-4858.063552 7520.127515 -1209.449662
-4859.771733 7519.241381 -1209.994532
-4861.479914 7518.355247 -1210.539402
-4863.188096 7517.469112 -1211.084272
-4864.896277 7516.582978 -1211.629142
-4866.604458 7515.696844 -1212.174012
-4868.312639 7514.810710 -1212.718882
-4870.020820 7513.924576 -1213.263753
-4871.729002 7513.038442 -1213.808623
-4873.437183 7512.152308 -1214.353493
-4875.145364 7511.266174 -1214.898363
-4876.853545 7510.380040 -1215.443233
-4878.561726 7509.493905 -1215.988103
-4880.269907 7508.607771 -1216.532973
-4881.978089 7507.721637 -1217.077843
-4883.686270 7506.835503 -1217.622713
-4885.394451 7505.949369 -1218.167583
-4887.102632 7505.063235 -1218.712453
-4888.810813 7504.177101 -1219.257324
-4890.518994 7503.290967 -1219.802194
-4892.227176 7502.404832 -1220.347064
-4893.935357 7501.518698 -1220.891934
-4895.643538 7500.632564 -1221.436804
-4897.351719 7499.746430 -1221.981674
-4899.059900 7498.860296 -1222.526544
-4900.768081 7497.974162 -1223.071414
-4902.476263 7497.088028 -1223.616284
-4904.184444 7496.201894 -1224.161154
-4905.892625 7495.315760 -1224.706024
-4907.600806 7494.429625 -1225.250895
-4909.308987 7493.543491 -1225.795765
-4911.017168 7492.657357 -1226.340635
-4912.725350 7491.771223 -1226.885505
-4914.433531 7490.885089 -1227.430375
-4916.141712 7489.998955 -1227.975245
-4917.849893 7489.112821 -1228.520115
-4919.558074 7488.226687 -1229.064985
-4921.266255 7487.340553 -1229.609855
-4922.974437 7486.454418 -1230.154725
-4924.682618 7485.568284 -1230.699595
-4926.390799 7484.682150 -1231.244466
-4928.098980 7483.796016 -1231.789336
-4929.807161 7482.909882 -1232.334206
-4931.515342 7482.023748 -1232.879076
-4933.223524 7481.137614 -1233.423946
-4934.931705 7480.251480 -1233.968816
-4936.639886 7479.365345 -1234.513686
-4938.348067 7478.479211 -1235.058556
-4940.056248 7477.593077 -1235.603426
-4941.764429 7476.706943 -1236.148296
-4943.472611 7475.820809 -1236.693166
-4945.180792 7474.934675 -1237.238037
-4946.888973 7474.048541 -1237.782907
-4948.597154 7473.162407 -1238.327777
-4950.305335 7472.276273 -1238.872647
-4952.013517 7471.390138 -1239.417517
-4953.721698 7470.504004 -1239.962387
-4955.429879 7469.617870 -1240.507257
-4957.138060 7468.731736 -1241.052127
-4958.846241 7467.845602 -1241.596997
-4960.554422 7466.959468 -1242.141867
-4962.262604 7466.073334 -1242.686737
-4963.970785 7465.187200 -1243.231608
-4965.678966 7464.301065 -1243.776478
-4967.387147 7463.414931 -1244.321348
-4969.095328 7462.528797 -1244.866218
-4970.803509 7461.642663 -1245.411088
-4972.511691 7460.756529 -1245.955958
-4974.219872 7459.870395 -1246.500828
-4975.928053 7458.984261 -1247.045698
-4977.636234 7458.098127 -1247.590568
-4979.344415 7457.211993 -1248.135438
-4981.052596 7456.325858 -1248.680308
-4982.760778 7455.439724 -1249.225179
-4984.468959 7454.553590 -1249.770049
-4986.177140 7453.667456 -1250.314919
-4987.885321 7452.781322 -1250.859789
-4989.593502 7451.895188 -1251.404659
-4991.301683 7451.009054 -1251.949529
-4993.009865 7450.122920 -1252.494399
-4994.718046 7449.236785 -1253.039269
-4996.426227 7448.350651 -1253.584139
-4998.134408 7447.464517 -1254.129009
-4999.842589 7446.578383 -1254.673879
-5001.550770 7445.692249 -1255.218750
-5003.258952 7444.806115 -1255.763620
-5004.967133 7443.919981 -1256.308490
-5006.675314 7443.033847 -1256.853360
-5008.383495 7442.147713 -1257.398230
-5010.091676 7441.261578 -1257.943100
-5011.799857 7440.375444 -1258.487970
-5013.508039 7439.489310 -1259.032840
-5015.216220 7438.603176 -1259.577710
-5016.924401 7437.717042 -1260.122580
-5018.632582 7436.830908 -1260.667450
-5020.340763 7435.944774 -1261.212321
-5022.048944 7435.058640 -1261.757191
-5023.757126 7434.172506 -1262.302061
-5025.465307 7433.286371 -1262.846931
-5027.173488 7432.400237 -1263.391801
-5028.881669 7431.514103 -1263.936671
-5030.589850 7430.627969 -1264.481541
-5032.298032 7429.741835 -1265.026411
-5034.006213 7428.855701 -1265.571281
-5035.714394 7427.969567 -1266.116151
-5037.422575 7427.083433 -1266.661021
-5039.130756 7426.197298 -1267.205892
-5040.838937 7425.311164 -1267.750762
-5042.547119 7424.425030 -1268.295632
-5044.255300 7423.538896 -1268.840502
-5045.963481 7422.652762 -1269.385372
-5047.671662 7421.766628 -1269.930242
-5049.379843 7420.880494 -1270.475112
-5051.088024 7419.994360 -1271.019982
-5052.796206 7419.108226 -1271.564852
-5054.504387 7418.222091 -1272.109722
-5056.212568 7417.335957 -1272.654592
-5057.920749 7416.449823 -1273.199463
-5059.628930 7415.563689 -1273.744333
-5061.337111 7414.677555 -1274.289203
-5063.045293 7413.791421 -1274.834073
-5064.753474 7412.905287 -1275.378943
-5066.461655 7412.019153 -1275.923813
-5068.169836 7411.133018 -1276.468683
-5069.878017 7410.246884 -1277.013553
-5071.586198 7409.360750 -1277.558423
-5073.294380 7408.474616 -1278.103293
-5075.002561 7407.588482 -1278.648164
-5076.710742 7406.702348 -1279.193034
-5078.418923 7405.816214 -1279.737904
-5080.127104 7404.930080 -1280.282774
-5081.835285 7404.043946 -1280.827644
-5083.543467 7403.157811 -1281.372514
-5085.251648 7402.271677 -1281.917384
-5086.959829 7401.385543 -1282.462254
-5088.668010 7400.499409 -1283.007124
-5090.376191 7399.613275 -1283.551994
-5092.084372 7398.727141 -1284.096864
-5093.792554 7397.841007 -1284.641735
-5095.500735 7396.954873 -1285.186605
-5097.208916 7396.068738 -1285.731475
-5098.917097 7395.182604 -1286.276345
-5100.625278 7394.296470 -1286.821215
-5102.333459 7393.410336 -1287.366085
-5104.041641 7392.524202 -1287.910955
-5105.749822 7391.638068 -1288.455825
-5107.458003 7390.751934 -1289.000695
-5109.166184 7389.865800 -1289.545565
-5110.874365 7388.979666 -1290.090435
-5112.582547 7388.093531 -1290.635306
-5114.290728 7387.207397 -1291.180176
-5115.998909 7386.321263 -1291.725046
-5117.707090 7385.435129 -1292.269916
-5119.415271 7384.548995 -1292.814786
-5121.123452 7383.662861 -1293.359656
-5122.831634 7382.776727 -1293.904526
-5124.539815 7381.890593 -1294.449396
-5126.247996 7381.004458 -1294.994266
-5127.956177 7380.118324 -1295.539136
-5129.664358 7379.232190 -1296.084006
-5131.372539 7378.346056 -1296.628877
-5133.080721 7377.459922 -1297.173747
-5134.788902 7376.573788 -1297.718617
-5136.497083 7375.687654 -1298.263487
-5138.205264 7374.801520 -1298.808357
-5139.913445 7373.915386 -1299.353227
-5141.621626 7373.029251 -1299.898097
-5143.329808 7372.143117 -1300.442967
-5145.037989 7371.256983 -1300.987837
-5146.746170 7370.370849 -1301.532707
-5148.454351 7369.484715 -1302.077577
-5150.162532 7368.598581 -1302.622448
-5151.870713 7367.712447 -1303.167318
-5153.578895 7366.826313 -1303.712188
-5155.287076 7365.940179 -1304.257058
-5156.995257 7365.054044 -1304.801928
-5158.703438 7364.167910 -1305.346798
-5160.411619 7363.281776 -1305.891668
-5162.119800 7362.395642 -1306.436538
-5163.827982 7361.509508 -1306.981408
-5165.536163 7360.623374 -1307.526278
-5167.244344 7359.737240 -1308.071148
-5168.952525 7358.851106 -1308.616019
-5170.660706 7357.964971 -1309.160889
-5172.368887 7357.078837 -1309.705759
-5174.077069 7356.192703 -1310.250629
-5175.785250 7355.306569 -1310.795499
-5177.493431 7354.420435 -1311.340369
-5179.201612 7353.534301 -1311.885239
-5180.909793 7352.648167 -1312.430109
-5182.617974 7351.762033 -1312.974979
-5184.326156 7350.875899 -1313.519849
-5186.034337 7349.989764 -1314.064719
-5187.742518 7349.103630 -1314.609590
-5189.450699 7348.217496 -1315.154460
-5191.158880 7347.331362 -1315.699330
-5192.867062 7346.445228 -1316.244200
-5194.575243 7345.559094 -1316.789070
-5196.283424 7344.672960 -1317.333940
-5197.991605 7343.786826 -1317.878810
-5199.699786 7342.900691 -1318.423680
-5201.407967 7342.014557 -1318.968550
-5203.116149 7341.128423 -1319.513420
-5204.824330 7340.242289 -1320.058290
-5206.532511 7339.356155 -1320.603161
-5208.240692 7338.470021 -1321.148031
-5209.948873 7337.583887 -1321.692901
-5211.657054 7336.697753 -1322.237771
-5213.365236 7335.811619 -1322.782641
-5215.073417 7334.925484 -1323.327511
-5216.781598 7334.039350 -1323.872381
-5218.489779 7333.153216 -1324.417251
-5220.197960 7332.267082 -1324.962121
-5221.906141 7331.380948 -1325.506991
-5223.614323 7330.494814 -1326.051861
-5225.322504 7329.608680 -1326.596732
-5227.030685 7328.722546 -1327.141602
-5228.738866 7327.836411 -1327.686472
-5230.447047 7326.950277 -1328.231342
-5232.155228 7326.064143 -1328.776212
-5233.863410 7325.178009 -1329.321082
-5235.571591 7324.291875 -1329.865952
-5237.279772 7323.405741 -1330.410822
-5238.987953 7322.519607 -1330.955692
-5240.696134 7321.633473 -1331.500562
-5242.404315 7320.747339 -1332.045432
-5244.112497 7319.861204 -1332.590303
-5245.820678 7318.975070 -1333.135173
-5247.528859 7318.088936 -1333.680043
-5249.237040 7317.202802 -1334.224913
-5250.945221 7316.316668 -1334.769783
-5252.653402 7315.430534 -1335.314653
-5254.361584 7314.544400 -1335.859523
-5256.069765 7313.658266 -1336.404393
-5257.777946 7312.772132 -1336.949263
-5259.486127 7311.885997 -1337.494133
-5261.194308 7310.999863 -1338.039003
-5262.902490 7310.113729 -1338.583874
-5264.610671 7309.227595 -1339.128744
-5266.318852 7308.341461 -1339.673614
-5268.027033 7307.455327 -1340.218484
-5269.735214 7306.569193 -1340.763354
-5271.443395 7305.683059 -1341.308224
-5273.151577 7304.796924 -1341.853094
-5274.859758 7303.910790 -1342.397964
-5276.567939 7303.024656 -1342.942834
-5278.276120 7302.138522 -1343.487704
-5279.984301 7301.252388 -1344.032574
-5281.692482 7300.366254 -1344.577445
-5283.400664 7299.480120 -1345.122315
-5285.108845 7298.593986 -1345.667185
-5286.817026 7297.707852 -1346.212055
-5288.525207 7296.821717 -1346.756925
-5290.233388 7295.935583 -1347.301795
-5291.941569 7295.049449 -1347.846665
-5293.649751 7294.163315 -1348.391535
-5295.357932 7293.277181 -1348.936405
-5297.066113 7292.391047 -1349.481275
-5298.774294 7291.504913 -1350.026145
-5300.482475 7290.618779 -1350.571016
-5302.190656 7289.732644 -1351.115886
-5303.898838 7288.846510 -1351.660756
-5305.607019 7287.960376 -1352.205626
-5307.315200 7287.074242 -1352.750496
-5309.023381 7286.188108 -1353.295366
-5310.731562 7285.301974 -1353.840236
-5312.439743 7284.415840 -1354.385106
-5314.147925 7283.529706 -1354.929976
-5315.856106 7282.643572 -1355.474846
-5317.564287 7281.757437 -1356.019716
-5319.272468 7280.871303 -1356.564587
-5320.980649 7279.985169 -1357.109457
-5322.688830 7279.099035 -1357.654327
-5324.397012 7278.212901 -1358.199197
-5326.105193 7277.326767 -1358.744067
-5327.813374 7276.440633 -1359.288937
-5329.521555 7275.554499 -1359.833807
-5331.229736 7274.668364 -1360.378677
-5332.937917 7273.782230 -1360.923547
-5334.646099 7272.896096 -1361.468417
-5336.354280 7272.009962 -1362.013287
-5338.062461 7271.123828 -1362.558158
-5339.770642 7270.237694 -1363.103028
-5341.478823 7269.351560 -1363.647898
-5343.187005 7268.465426 -1364.192768
-5344.895186 7267.579292 -1364.737638
-5346.603367 7266.693157 -1365.282508
-5348.311548 7265.807023 -1365.827378
-5350.019729 7264.920889 -1366.372248
-5351.727910 7264.034755 -1366.917118
-5353.436092 7263.148621 -1367.461988
-5355.144273 7262.262487 -1368.006859
-5356.852454 7261.376353 -1368.551729
-5358.560635 7260.490219 -1369.096599
-5360.268816 7259.604085 -1369.641469
-5361.976997 7258.717950 -1370.186339
-5363.685179 7257.831816 -1370.731209
-5365.393360 7256.945682 -1371.276079
-5367.101541 7256.059548 -1371.820949
-5368.809722 7255.173414 -1372.365819
-5370.517903 7254.287280 -1372.910689
-5372.226084 7253.401146 -1373.455559
-5373.934266 7252.515012 -1374.000430
-5375.642447 7251.628877 -1374.545300
-5377.350628 7250.742743 -1375.090170
-5379.058809 7249.856609 -1375.635040
-5380.766990 7248.970475 -1376.179910
-5382.475171 7248.084341 -1376.724780
-5384.183353 7247.198207 -1377.269650
-5385.891534 7246.312073 -1377.814520
-5387.599715 7245.425939 -1378.359390
-5389.307896 7244.539805 -1378.904260
-5391.016077 7243.653670 -1379.449130
-5392.724258 7242.767536 -1379.994001
-5394.432440 7241.881402 -1380.538871
-5396.140621 7240.995268 -1381.083741
-5397.848802 7240.109134 -1381.628611
-5399.556983 7239.223000 -1382.173481
-5401.265164 7238.336866 -1382.718351
-5402.973345 7237.450732 -1383.263221
-5404.681527 7236.564597 -1383.808091
-5406.389708 7235.678463 -1384.352961
-5408.097889 7234.792329 -1384.897831
-5409.806070 7233.906195 -1385.442701
-5411.514251 7233.020061 -1385.987572
-5413.222432 7232.133927 -1386.532442
-5414.930614 7231.247793 -1387.077312
-5416.638795 7230.361659 -1387.622182
-5418.346976 7229.475525 -1388.167052
-5420.055157 7228.589390 -1388.711922
-5421.763338 7227.703256 -1389.256792
-5423.471520 7226.817122 -1389.801662
-5425.179701 7225.930988 -1390.346532
-5426.887882 7225.044854 -1390.891402
-5428.596063 7224.158720 -1391.436272
-5430.304244 7223.272586 -1391.981143
-5432.012425 7222.386452 -1392.526013
-5433.720607 7221.500317 -1393.070883
-5435.428788 7220.614183 -1393.615753
-5437.136969 7219.728049 -1394.160623
-5438.845150 7218.841915 -1394.705493
-5440.553331 7217.955781 -1395.250363
-5442.261512 7217.069647 -1395.795233
-5443.969694 7216.183513 -1396.340103
-5445.677875 7215.297379 -1396.884973
-5447.386056 7214.411245 -1397.429843
-5449.094237 7213.525110 -1397.974714
-5450.802418 7212.638976 -1398.519584
-5452.510599 7211.752842 -1399.064454
-5454.218781 7210.866708 -1399.609324
-5455.926962 7209.980574 -1400.154194
-5457.635143 7209.094440 -1400.699064
-5459.343324 7208.208306 -1401.243934
-5461.051505 7207.322172 -1401.788804
-5462.759686 7206.436038 -1402.333674
-5464.467868 7205.549903 -1402.878544
-5466.176049 7204.663769 -1403.423414
-5467.884230 7203.777635 -1403.968285
-5469.592411 7202.891501 -1404.513155
-5471.300592 7202.005367 -1405.058025
-5473.008773 7201.119233 -1405.602895
-5474.716955 7200.233099 -1406.147765
-5476.425136 7199.346965 -1406.692635
-5478.133317 7198.460830 -1407.237505
-5479.841498 7197.574696 -1407.782375
-5481.549679 7196.688562 -1408.327245
-5483.257860 7195.802428 -1408.872115
-5484.966042 7194.916294 -1409.416985
-5486.674223 7194.030160 -1409.961856
-5488.382404 7193.144026 -1410.506726
-5490.090585 7192.257892 -1411.051596
-5491.798766 7191.371758 -1411.596466
-5493.506947 7190.485623 -1412.141336
-5495.215129 7189.599489 -1412.686206
-5496.923310 7188.713355 -1413.231076
-5498.631491 7187.827221 -1413.775946
-5500.339672 7186.941087 -1414.320816
-5502.047853 7186.054953 -1414.865686
-5503.756035 7185.168819 -1415.410556
-5505.464216 7184.282685 -1415.955427
-5507.172397 7183.396550 -1416.500297
-5508.880578 7182.510416 -1417.045167
-5510.588759 7181.624282 -1417.590037
-5512.296940 7180.738148 -1418.134907
-5514.005122 7179.852014 -1418.679777
-5515.713303 7178.965880 -1419.224647
-5517.421484 7178.079746 -1419.769517
-5519.129665 7177.193612 -1420.314387
-5520.837846 7176.307478 -1420.859257
-5522.546027 7175.421343 -1421.404127
-5524.254209 7174.535209 -1421.948998
-5525.962390 7173.649075 -1422.493868
-5527.670571 7172.762941 -1423.038738
-5529.378752 7171.876807 -1423.583608
-5531.086933 7170.990673 -1424.128478
-5532.795114 7170.104539 -1424.673348
-5534.503296 7169.218405 -1425.218218
-5536.211477 7168.332270 -1425.763088
-5537.919658 7167.446136 -1426.307958
-5539.627839 7166.560002 -1426.852828
-5541.336020 7165.673868 -1427.397698
-5543.044201 7164.787734 -1427.942569
-5544.752383 7163.901600 -1428.487439
-5546.460564 7163.015466 -1429.032309
-5548.168745 7162.129332 -1429.577179
-5549.876926 7161.243198 -1430.122049
-5551.585107 7160.357063 -1430.666919
-5553.293288 7159.470929 -1431.211789
-5555.001470 7158.584795 -1431.756659
-5556.709651 7157.698661 -1432.301529
-5558.417832 7156.812527 -1432.846399
-5560.126013 7155.926393 -1433.391269
-5561.834194 7155.040259 -1433.936140
-5563.542375 7154.154125 -1434.481010
-5565.250557 7153.267990 -1435.025880
-5566.958738 7152.381856 -1435.570750
-5568.666919 7151.495722 -1436.115620
-5570.375100 7150.609588 -1436.660490
-5572.083281 7149.723454 -1437.205360
-5573.791462 7148.837320 -1437.750230
-5575.499644 7147.951186 -1438.295100
-5577.207825 7147.065052 -1438.839970
-5578.916006 7146.178918 -1439.384840
-5580.624187 7145.292783 -1439.929711
-5582.332368 7144.406649 -1440.474581
-5584.040550 7143.520515 -1441.019451
-5585.748731 7142.634381 -1441.564321
-5587.456912 7141.748247 -1442.109191
-5589.165093 7140.862113 -1442.654061
-5590.873274 7139.975979 -1443.198931
-5592.581455 7139.089845 -1443.743801
-5594.289637 7138.203711 -1444.288671
-5595.997818 7137.317576 -1444.833541
-5597.705999 7136.431442 -1445.378411
-5599.414180 7135.545308 -1445.923282
-5601.122361 7134.659174 -1446.468152
-5602.830542 7133.773040 -1447.013022
-5604.538724 7132.886906 -1447.557892
-5606.246905 7132.000772 -1448.102762
-5607.955086 7131.114638 -1448.647632
-5609.663267 7130.228503 -1449.192502
-5611.371448 7129.342369 -1449.737372
-5613.079629 7128.456235 -1450.282242
-5614.787811 7127.570101 -1450.827112
-5616.495992 7126.683967 -1451.371982
-5618.204173 7125.797833 -1451.916853
-5619.912354 7124.911699 -1452.461723
-5621.620535 7124.025565 -1453.006593
-5623.328716 7123.139431 -1453.551463
-5625.036898 7122.253296 -1454.096333
-5626.745079 7121.367162 -1454.641203
-5628.453260 7120.481028 -1455.186073
-5630.161441 7119.594894 -1455.730943
-5631.869622 7118.708760 -1456.275813
-5633.577803 7117.822626 -1456.820683
-5635.285985 7116.936492 -1457.365554
-5636.994166 7116.050358 -1457.910424
-5638.702347 7115.164223 -1458.455294
-5640.410528 7114.278089 -1459.000164
-5642.118709 7113.391955 -1459.545034
-5643.826890 7112.505821 -1460.089904
-5645.535072 7111.619687 -1460.634774
-5647.243253 7110.733553 -1461.179644
-5648.951434 7109.847419 -1461.724514
-5650.659615 7108.961285 -1462.269384
-5652.367796 7108.075151 -1462.814254
-5654.075978 7107.189016 -1463.359125
-5655.784159 7106.302882 -1463.903995
-5657.492340 7105.416748 -1464.448865
-5659.200521 7104.530614 -1464.993735
-5660.908702 7103.644480 -1465.538605
-5662.616883 7102.758346 -1466.083475
-5664.325065 7101.872212 -1466.628345
-5666.033246 7100.986078 -1467.173215
-5667.741427 7100.099943 -1467.718085
-5669.449608 7099.213809 -1468.262955
-5671.157789 7098.327675 -1468.807825
-5672.865970 7097.441541 -1469.352696
-5674.574152 7096.555407 -1469.897566
-5676.282333 7095.669273 -1470.442436
-5677.990514 7094.783139 -1470.987306
-5679.698695 7093.897005 -1471.532176
-5681.406876 7093.010871 -1472.077046
-5683.115057 7092.124736 -1472.621916
-5684.823239 7091.238602 -1473.166786
-5686.531420 7090.352468 -1473.711656
-5688.239601 7089.466334 -1474.256526
-5689.947782 7088.580200 -1474.801396
-5691.655963 7087.694066 -1475.346267
-5693.364144 7086.807932 -1475.891137
-5695.072326 7085.921798 -1476.436007
-5696.780507 7085.035664 -1476.980877
-5698.488688 7084.149529 -1477.525747
-5700.196869 7083.263395 -1478.070617
-5701.905050 7082.377261 -1478.615487
-5703.613231 7081.491127 -1479.160357
-5705.321413 7080.604993 -1479.705227
-5707.029594 7079.718859 -1480.250097
-5708.737775 7078.832725 -1480.794967
-5710.445956 7077.946591 -1481.339838
-5712.154137 7077.060456 -1481.884708
-5713.862318 7076.174322 -1482.429578
-5715.570500 7075.288188 -1482.974448
-5717.278681 7074.402054 -1483.519318
-5718.986862 7073.515920 -1484.064188
-5720.695043 7072.629786 -1484.609058
-5722.403224 7071.743652 -1485.153928
-5724.111405 7070.857518 -1485.698798
-5725.819587 7069.971384 -1486.243668
-5727.527768 7069.085249 -1486.788538
-5729.235949 7068.199115 -1487.333409
-5730.944130 7067.312981 -1487.878279
-5732.652311 7066.426847 -1488.423149
-5734.360493 7065.540713 -1488.968019
-5736.068674 7064.654579 -1489.512889
-5737.776855 7063.768445 -1490.057759
-5739.485036 7062.882311 -1490.602629
-5741.193217 7061.996176 -1491.147499
-5742.901398 7061.110042 -1491.692369
-5744.609580 7060.223908 -1492.237239
-5746.317761 7059.337774 -1492.782109
-5748.025942 7058.451640 -1493.326980
-5749.734123 7057.565506 -1493.871850
-5751.442304 7056.679372 -1494.416720
-5753.150485 7055.793238 -1494.961590
-5754.858667 7054.907104 -1495.506460
-5756.566848 7054.020969 -1496.051330
-5758.275029 7053.134835 -1496.596200
-5759.983210 7052.248701 -1497.141070
-5761.691391 7051.362567 -1497.685940
-5763.399572 7050.476433 -1498.230810
-5765.107754 7049.590299 -1498.775680
-5766.815935 7048.704165 -1499.320551
-5768.524116 7047.818031 -1499.865421
-5770.232297 7046.931896 -1500.410291
-5771.940478 7046.045762 -1500.955161
-5773.648659 7045.159628 -1501.500031
-5775.356841 7044.273494 -1502.044901
-5777.065022 7043.387360 -1502.589771
-5778.773203 7042.501226 -1503.134641
-5780.481384 7041.615092 -1503.679511
-5782.189565 7040.728958 -1504.224381
-5783.897746 7039.842824 -1504.769251
-5785.605928 7038.956689 -1505.314122
-5787.314109 7038.070555 -1505.858992
-5789.022290 7037.184421 -1506.403862
-5790.730471 7036.298287 -1506.948732
-5792.438652 7035.412153 -1507.493602
-5794.146833 7034.526019 -1508.038472
-5795.855015 7033.639885 -1508.583342
-5797.563196 7032.753751 -1509.128212
-5799.271377 7031.867617 -1509.673082
-5800.979558 7030.981482 -1510.217952
-5802.687739 7030.095348 -1510.762822
-5804.395920 7029.209214 -1511.307693
-5806.104102 7028.323080 -1511.852563
-5807.812283 7027.436946 -1512.397433
-5809.520464 7026.550812 -1512.942303
-5811.228645 7025.664678 -1513.487173
-5812.936826 7024.778544 -1514.032043
-5814.645008 7023.892409 -1514.576913
-5816.353189 7023.006275 -1515.121783
-5818.061370 7022.120141 -1515.666653
-5819.769551 7021.234007 -1516.211523
-5821.477732 7020.347873 -1516.756393
-5823.185913 7019.461739 -1517.301264
-5824.894095 7018.575605 -1517.846134
-5826.602276 7017.689471 -1518.391004
-5828.310457 7016.803337 -1518.935874
-5830.018638 7015.917202 -1519.480744
-5831.726819 7015.031068 -1520.025614
-5833.435000 7014.144934 -1520.570484
-5835.143182 7013.258800 -1521.115354
-5836.851363 7012.372666 -1521.660224
-5838.559544 7011.486532 -1522.205094
-5840.267725 7010.600398 -1522.749964
-5841.975906 7009.714264 -1523.294835
-5843.684087 7008.828129 -1523.839705
-5845.392269 7007.941995 -1524.384575
-5847.100450 7007.055861 -1524.929445
-5848.808631 7006.169727 -1525.474315
-5850.516812 7005.283593 -1526.019185
-5852.224993 7004.397459 -1526.564055
-5853.933174 7003.511325 -1527.108925
-5855.641356 7002.625191 -1527.653795
-5857.349537 7001.739057 -1528.198665
-5859.057718 7000.852922 -1528.743535
-5860.765899 6999.966788 -1529.288406
-5862.474080 6999.080654 -1529.833276
-5864.182261 6998.194520 -1530.378146
-5865.890443 6997.308386 -1530.923016
-5867.598624 6996.422252 -1531.467886
-5869.306805 6995.536118 -1532.012756
-5871.014986 6994.649984 -1532.557626
-5872.723167 6993.763849 -1533.102496
-5874.431348 6992.877715 -1533.647366
-5876.139530 6991.991581 -1534.192236
-5877.847711 6991.105447 -1534.737106
-5879.555892 6990.219313 -1535.281977
-5881.264073 6989.333179 -1535.826847
-5882.972254 6988.447045 -1536.371717
-5884.680435 6987.560911 -1536.916587
-5886.388617 6986.674777 -1537.461457
-5888.096798 6985.788642 -1538.006327
-5889.804979 6984.902508 -1538.551197
-5891.513160 6984.016374 -1539.096067
-5893.221341 6983.130240 -1539.640937
-5894.929523 6982.244106 -1540.185807
-5896.637704 6981.357972 -1540.730677
-5898.345885 6980.471838 -1541.275548
-5900.054066 6979.585704 -1541.820418
-5901.762247 6978.699570 -1542.365288
-5903.470428 6977.813435 -1542.910158
-5905.178610 6976.927301 -1543.455028
-5906.886791 6976.041167 -1543.999898
-5908.594972 6975.155033 -1544.544768
-5910.303153 6974.268899 -1545.089638
-5912.011334 6973.382765 -1545.634508
-5913.719515 6972.496631 -1546.179378
-5915.427697 6971.610497 -1546.724249
-5917.135878 6970.724362 -1547.269119
-5918.844059 6969.838228 -1547.813989
-5920.552240 6968.952094 -1548.358859
-5922.260421 6968.065960 -1548.903729
-5923.968602 6967.179826 -1549.448599
-5925.676784 6966.293692 -1549.993469
-5927.384965 6965.407558 -1550.538339
-5929.093146 6964.521424 -1551.083209
-5930.801327 6963.635290 -1551.628079
-5932.509508 6962.749155 -1552.172949
-5934.217689 6961.863021 -1552.717820
-5935.925871 6960.976887 -1553.262690
-5937.634052 6960.090753 -1553.807560
-5939.342233 6959.204619 -1554.352430
-5941.050414 6958.318485 -1554.897300
-5942.758595 6957.432351 -1555.442170
-5944.466776 6956.546217 -1555.987040
-5946.174958 6955.660082 -1556.531910
-5947.883139 6954.773948 -1557.076780
-5949.591320 6953.887814 -1557.621650
-5951.299501 6953.001680 -1558.166520
-5953.007682 6952.115546 -1558.711391
-5954.715863 6951.229412 -1559.256261
-5956.424045 6950.343278 -1559.801131
-5958.132226 6949.457144 -1560.346001
-5959.840407 6948.571010 -1560.890871
-5961.548588 6947.684875 -1561.435741
-5963.256769 6946.798741 -1561.980611
-5964.964951 6945.912607 -1562.525481
-5966.673132 6945.026473 -1563.070351
-5968.381313 6944.140339 -1563.615221
-5970.089494 6943.254205 -1564.160091
-5971.797675 6942.368071 -1564.704962
-5973.505856 6941.481937 -1565.249832
-5975.214038 6940.595802 -1565.794702
-5976.922219 6939.709668 -1566.339572
-5978.630400 6938.823534 -1566.884442
-5980.338581 6937.937400 -1567.429312
-5982.046762 6937.051266 -1567.974182
-5983.754943 6936.165132 -1568.519052
-5985.463125 6935.278998 -1569.063922
-5987.171306 6934.392864 -1569.608792
-5988.879487 6933.506730 -1570.153662
-5990.587668 6932.620595 -1570.698533
-5992.295849 6931.734461 -1571.243403
-5994.004030 6930.848327 -1571.788273
-5995.712212 6929.962193 -1572.333143
-5997.420393 6929.076059 -1572.878013
-5999.128574 6928.189925 -1573.422883
-6000.836755 6927.303791 -1573.967753
-6002.544936 6926.417657 -1574.512623
-6004.253117 6925.531523 -1575.057493
-6005.961299 6924.645388 -1575.602363
-6007.669480 6923.759254 -1576.147233
-6009.377661 6922.873120 -1576.692104
-6011.085842 6921.986986 -1577.236974
-6012.794023 6921.100852 -1577.781844
-6014.502204 6920.214718 -1578.326714
-6016.210386 6919.328584 -1578.871584
-6017.918567 6918.442450 -1579.416454
-6019.626748 6917.556315 -1579.961324
-6021.334929 6916.670181 -1580.506194
-6023.043110 6915.784047 -1581.051064
-6024.751291 6914.897913 -1581.595934
-6026.459473 6914.011779 -1582.140804
-6028.167654 6913.125645 -1582.685675
-6029.875835 6912.239511 -1583.230545
-6031.584016 6911.353377 -1583.775415
-6033.292197 6910.467243 -1584.320285
-6035.000378 6909.581108 -1584.865155
-6036.708560 6908.694974 -1585.410025
-6038.416741 6907.808840 -1585.954895
-6040.124922 6906.922706 -1586.499765
-6041.833103 6906.036572 -1587.044635
-6043.541284 6905.150438 -1587.589505
-6045.249466 6904.264304 -1588.134375
-6046.957647 6903.378170 -1588.679246
-6048.665828 6902.492035 -1589.224116
-6050.374009 6901.605901 -1589.768986
-6052.082190 6900.719767 -1590.313856
-6053.790371 6899.833633 -1590.858726
-6055.498553 6898.947499 -1591.403596
-6057.206734 6898.061365 -1591.948466
-6058.914915 6897.175231 -1592.493336
-6060.623096 6896.289097 -1593.038206
-6062.331277 6895.402963 -1593.583076
-6064.039458 6894.516828 -1594.127946
-6065.747640 6893.630694 -1594.672817
-6067.455821 6892.744560 -1595.217687
-6069.164002 6891.858426 -1595.762557
-6070.872183 6890.972292 -1596.307427
-6072.580364 6890.086158 -1596.852297
-6074.288545 6889.200024 -1597.397167
-6075.996727 6888.313890 -1597.942037
-6077.704908 6887.427755 -1598.486907
-6079.413089 6886.541621 -1599.031777
-6081.121270 6885.655487 -1599.576647
-6082.829451 6884.769353 -1600.121517
-6084.537632 6883.883219 -1600.666388
-6086.245814 6882.997085 -1601.211258
-6087.953995 6882.110951 -1601.756128
-6089.662176 6881.224817 -1602.300998
-6091.370357 6880.338683 -1602.845868
-6093.078538 6879.452548 -1603.390738
-6094.786719 6878.566414 -1603.935608
-6096.494901 6877.680280 -1604.480478
-6098.203082 6876.794146 -1605.025348
-6099.911263 6875.908012 -1605.570218
-6101.619444 6875.021878 -1606.115088
-6103.327625 6874.135744 -1606.659959
-6105.035806 6873.249610 -1607.204829
-6106.743988 6872.363475 -1607.749699
-6108.452169 6871.477341 -1608.294569
-6110.160350 6870.591207 -1608.839439
-6111.868531 6869.705073 -1609.384309
-6113.576712 6868.818939 -1609.929179
-6115.284893 6867.932805 -1610.474049
-6116.993075 6867.046671 -1611.018919
-6118.701256 6866.160537 -1611.563789
-6120.409437 6865.274403 -1612.108659
-6122.117618 6864.388268 -1612.653530
-6123.825799 6863.502134 -1613.198400
-6125.533981 6862.616000 -1613.743270
-6127.242162 6861.729866 -1614.288140
-6128.950343 6860.843732 -1614.833010
-6130.658524 6859.957598 -1615.377880
-6132.366705 6859.071464 -1615.922750
-6134.074886 6858.185330 -1616.467620
-6135.783068 6857.299196 -1617.012490
-6137.491249 6856.413061 -1617.557360
-6139.199430 6855.526927 -1618.102230
-6140.907611 6854.640793 -1618.647101
-6142.615792 6853.754659 -1619.191971
-6144.323973 6852.868525 -1619.736841
-6146.032155 6851.982391 -1620.281711
-6147.740336 6851.096257 -1620.826581
-6149.448517 6850.210123 -1621.371451
-6151.156698 6849.323988 -1621.916321
-6152.864879 6848.437854 -1622.461191
-6154.573060 6847.551720 -1623.006061
-6156.281242 6846.665586 -1623.550931
-6157.989423 6845.779452 -1624.095801
-6159.697604 6844.893318 -1624.640672
-6161.405785 6844.007184 -1625.185542
-6163.113966 6843.121050 -1625.730412
-6164.822147 6842.234916 -1626.275282
-6166.530329 6841.348781 -1626.820152
-6168.238510 6840.462647 -1627.365022
-6169.946691 6839.576513 -1627.909892
-6171.654872 6838.690379 -1628.454762
-6173.363053 6837.804245 -1628.999632
-6175.071234 6836.918111 -1629.544502
-6176.779416 6836.031977 -1630.089372
-6178.487597 6835.145843 -1630.634243
-6180.195778 6834.259708 -1631.179113
-6181.903959 6833.373574 -1631.723983
-6183.612140 6832.487440 -1632.268853
-6185.320321 6831.601306 -1632.813723
-6187.028503 6830.715172 -1633.358593
-6188.736684 6829.829038 -1633.903463
-6190.444865 6828.942904 -1634.448333
-6192.153046 6828.056770 -1634.993203
-6193.861227 6827.170636 -1635.538073
-6195.569408 6826.284501 -1636.082944
-6197.277590 6825.398367 -1636.627814
-6198.985771 6824.512233 -1637.172684
-6200.693952 6823.626099 -1637.717554
-6202.402133 6822.739965 -1638.262424
-6204.110314 6821.853831 -1638.807294
-6205.818496 6820.967697 -1639.352164
-6207.526677 6820.081563 -1639.897034
-6209.234858 6819.195428 -1640.441904
-6210.943039 6818.309294 -1640.986774
-6212.651220 6817.423160 -1641.531644
-6214.359401 6816.537026 -1642.076515
-6216.067583 6815.650892 -1642.621385
-6217.775764 6814.764758 -1643.166255
-6219.483945 6813.878624 -1643.711125
-6221.192126 6812.992490 -1644.255995
-6222.900307 6812.106356 -1644.800865
-6224.608488 6811.220221 -1645.345735
-6226.316670 6810.334087 -1645.890605
-6228.024851 6809.447953 -1646.435475
-6229.733032 6808.561819 -1646.980345
-6231.441213 6807.675685 -1647.525215
-6233.149394 6806.789551 -1648.070086
-6234.857575 6805.903417 -1648.614956
-6236.565757 6805.017283 -1649.159826
-6238.273938 6804.131149 -1649.704696
-6239.982119 6803.245014 -1650.249566
-6241.690300 6802.358880 -1650.794436
-6243.398481 6801.472746 -1651.339306
-6245.106662 6800.586612 -1651.884176
-6246.814844 6799.700478 -1652.429046
-6248.523025 6798.814344 -1652.973916
-6250.231206 6797.928210 -1653.518786
-6251.939387 6797.042076 -1654.063657
-6253.647568 6796.155941 -1654.608527
-6255.355749 6795.269807 -1655.153397
-6257.063931 6794.383673 -1655.698267
-6258.772112 6793.497539 -1656.243137
-6260.480293 6792.611405 -1656.788007
-6262.188474 6791.725271 -1657.332877
-6263.896655 6790.839137 -1657.877747
-6265.604836 6789.953003 -1658.422617
-6267.313018 6789.066869 -1658.967487
-6269.021199 6788.180734 -1659.512357
-6270.729380 6787.294600 -1660.057228
-6272.437561 6786.408466 -1660.602098
-6274.145742 6785.522332 -1661.146968
-6275.853923 6784.636198 -1661.691838
-6277.562105 6783.750064 -1662.236708
-6279.270286 6782.863930 -1662.781578
-6280.978467 6781.977796 -1663.326448
-6282.686648 6781.091661 -1663.871318
-6284.394829 6780.205527 -1664.416188
-6286.103011 6779.319393 -1664.961058
-6287.811192 6778.433259 -1665.505928
-6289.519373 6777.547125 -1666.050799
-6291.227554 6776.660991 -1666.595669
-6292.935735 6775.774857 -1667.140539
-6294.643916 6774.888723 -1667.685409
-6296.352098 6774.002589 -1668.230279
-6298.060279 6773.116454 -1668.775149
-6299.768460 6772.230320 -1669.320019
-6301.476641 6771.344186 -1669.864889
-6303.184822 6770.458052 -1670.409759
-6304.893003 6769.571918 -1670.954629
-6306.601185 6768.685784 -1671.499499
-6308.309366 6767.799650 -1672.044370
-6310.017547 6766.913516 -1672.589240
-6311.725728 6766.027381 -1673.134110
-6313.433909 6765.141247 -1673.678980
-6315.142090 6764.255113 -1674.223850
-6316.850272 6763.368979 -1674.768720
-6318.558453 6762.482845 -1675.313590
-6320.266634 6761.596711 -1675.858460
-6321.974815 6760.710577 -1676.403330
-6323.682996 6759.824443 -1676.948200
-6325.391177 6758.938309 -1677.493070
-6327.099359 6758.052174 -1678.037941
-6328.807540 6757.166040 -1678.582811
-6330.515721 6756.279906 -1679.127681
-6332.223902 6755.393772 -1679.672551
-6333.932083 6754.507638 -1680.217421
-6335.640264 6753.621504 -1680.762291
-6337.348446 6752.735370 -1681.307161
-6339.056627 6751.849236 -1681.852031
-6340.764808 6750.963102 -1682.396901
-6342.472989 6750.076967 -1682.941771
-6344.181170 6749.190833 -1683.486641
-6345.889351 6748.304699 -1684.031512
-6347.597533 6747.418565 -1684.576382
-6349.305714 6746.532431 -1685.121252
-6351.013895 6745.646297 -1685.666122
-6352.722076 6744.760163 -1686.210992
-6354.430257 6743.874029 -1686.755862
-6356.138439 6742.987894 -1687.300732
-6357.846620 6742.101760 -1687.845602
-6359.554801 6741.215626 -1688.390472
-6361.262982 6740.329492 -1688.935342
-6362.971163 6739.443358 -1689.480212
-6364.679344 6738.557224 -1690.025083
-6366.387526 6737.671090 -1690.569953
-6368.095707 6736.784956 -1691.114823
-6369.803888 6735.898822 -1691.659693
-6371.512069 6735.012687 -1692.204563
-6373.220250 6734.126553 -1692.749433
-6374.928431 6733.240419 -1693.294303
-6376.636613 6732.354285 -1693.839173
-6378.344794 6731.468151 -1694.384043
-6380.052975 6730.582017 -1694.928913
-6381.761156 6729.695883 -1695.473783
-6383.469337 6728.809749 -1696.018654
-6385.177518 6727.923614 -1696.563524
-6386.885700 6727.037480 -1697.108394
-6388.593881 6726.151346 -1697.653264
-6390.302062 6725.265212 -1698.198134
-6392.010243 6724.379078 -1698.743004
-6393.718424 6723.492944 -1699.287874
-6395.426605 6722.606810 -1699.832744
-6397.134787 6721.720676 -1700.377614
-6398.842968 6720.834542 -1700.922484
-6400.551149 6719.948407 -1701.467354
-6402.259330 6719.062273 -1702.012225
-6403.967511 6718.176139 -1702.557095
-6405.675692 6717.290005 -1703.101965
-6407.383874 6716.403871 -1703.646835
-6409.092055 6715.517737 -1704.191705
-6410.800236 6714.631603 -1704.736575
-6412.508417 6713.745469 -1705.281445
-6414.216598 6712.859334 -1705.826315
-6415.924779 6711.973200 -1706.371185
-6417.632961 6711.087066 -1706.916055
-6419.341142 6710.200932 -1707.460925
-6421.049323 6709.314798 -1708.005796
-6422.757504 6708.428664 -1708.550666
-6424.465685 6707.542530 -1709.095536
-6426.173866 6706.656396 -1709.640406
-6427.882048 6705.770262 -1710.185276
-6429.590229 6704.884127 -1710.730146
-6431.298410 6703.997993 -1711.275016
-6433.006591 6703.111859 -1711.819886
-6434.714772 6702.225725 -1712.364756
-6436.422954 6701.339591 -1712.909626
-6438.131135 6700.453457 -1713.454496
-6439.839316 6699.567323 -1713.999367
-6441.547497 6698.681189 -1714.544237
-6443.255678 6697.795055 -1715.089107
-6444.963859 6696.908920 -1715.633977
-6446.672041 6696.022786 -1716.178847
-6448.380222 6695.136652 -1716.723717
-6450.088403 6694.250518 -1717.268587
-6451.796584 6693.364384 -1717.813457
-6453.504765 6692.478250 -1718.358327
-6455.212946 6691.592116 -1718.903197
-6456.921128 6690.705982 -1719.448067
-6458.629309 6689.819847 -1719.992938
-6460.337490 6688.933713 -1720.537808
-6462.045671 6688.047579 -1721.082678
-6463.753852 6687.161445 -1721.627548
-6465.462033 6686.275311 -1722.172418
-6467.170215 6685.389177 -1722.717288
-6468.878396 6684.503043 -1723.262158
-6470.586577 6683.616909 -1723.807028
-6472.294758 6682.730775 -1724.351898
-6474.002939 6681.844640 -1724.896768
-6475.711120 6680.958506 -1725.441639
-6477.419302 6680.072372 -1725.986509
-6479.127483 6679.186238 -1726.531379
-6480.835664 6678.300104 -1727.076249
-6482.543845 6677.413970 -1727.621119
-6484.252026 6676.527836 -1728.165989
-6485.960207 6675.641702 -1728.710859
-6487.668389 6674.755567 -1729.255729
-6489.376570 6673.869433 -1729.800599
-6491.084751 6672.983299 -1730.345469
-6492.792932 6672.097165 -1730.890339
-6494.501113 6671.211031 -1731.435210
-6496.209294 6670.324897 -1731.980080
-6497.917476 6669.438763 -1732.524950
-6499.625657 6668.552629 -1733.069820
-6501.333838 6667.666495 -1733.614690
-6503.042019 6666.780360 -1734.159560
-6504.750200 6665.894226 -1734.704430
-6506.458381 6665.008092 -1735.249300
-6508.166563 6664.121958 -1735.794170
-6509.874744 6663.235824 -1736.339040
-6511.582925 6662.349690 -1736.883910
-6513.291106 6661.463556 -1737.428781
-6514.999287 6660.577422 -1737.973651
-6516.707469 6659.691287 -1738.518521
-6518.415650 6658.805153 -1739.063391
-6520.123831 6657.919019 -1739.608261
-6521.832012 6657.032885 -1740.153131
-6523.540193 6656.146751 -1740.698001
-6525.248374 6655.260617 -1741.242871
-6526.956556 6654.374483 -1741.787741
-6528.664737 6653.488349 -1742.332611
-6530.372918 6652.602215 -1742.877481
-6532.081099 6651.716080 -1743.422352
-6533.789280 6650.829946 -1743.967222
-6535.497461 6649.943812 -1744.512092
-6537.205643 6649.057678 -1745.056962
-6538.913824 6648.171544 -1745.601832
-6540.622005 6647.285410 -1746.146702
-6542.330186 6646.399276 -1746.691572
-6544.038367 6645.513142 -1747.236442
-6545.746548 6644.627007 -1747.781312
-6547.454730 6643.740873 -1748.326182
-6549.162911 6642.854739 -1748.871052
-6550.871092 6641.968605 -1749.415923
-6552.579273 6641.082471 -1749.960793
-6554.287454 6640.196337 -1750.505663
-6555.995635 6639.310203 -1751.050533
-6557.703817 6638.424069 -1751.595403
-6559.411998 6637.537935 -1752.140273
-6561.120179 6636.651800 -1752.685143
-6562.828360 6635.765666 -1753.230013
-6564.536541 6634.879532 -1753.774883
-6566.244722 6633.993398 -1754.319753
-6567.952904 6633.107264 -1754.864623
-6569.661085 6632.221130 -1755.409494
-6571.369266 6631.334996 -1755.954364
-6573.077447 6630.448862 -1756.499234
-6574.785628 6629.562728 -1757.044104
-6576.493809 6628.676593 -1757.588974
-6578.201991 6627.790459 -1758.133844
-6579.910172 6626.904325 -1758.678714
-6581.618353 6626.018191 -1759.223584
-6583.326534 6625.132057 -1759.768454
-6585.034715 6624.245923 -1760.313324
-6586.742896 6623.359789 -1760.858194
-6588.451078 6622.473655 -1761.403065
-6590.159259 6621.587520 -1761.947935
-6591.867440 6620.701386 -1762.492805
-6593.575621 6619.815252 -1763.037675
-6595.283802 6618.929118 -1763.582545
-6596.991984 6618.042984 -1764.127415
-6598.700165 6617.156850 -1764.672285
-6600.408346 6616.270716 -1765.217155
-6602.116527 6615.384582 -1765.762025
-6603.824708 6614.498448 -1766.306895
-6605.532889 6613.612313 -1766.851765
-6607.241071 6612.726179 -1767.396636
-6608.949252 6611.840045 -1767.941506
-6610.657433 6610.953911 -1768.486376
-6612.365614 6610.067777 -1769.031246
-6614.073795 6609.181643 -1769.576116
-6615.781976 6608.295509 -1770.120986
-6617.490158 6607.409375 -1770.665856
-6619.198339 6606.523240 -1771.210726
-6620.906520 6605.637106 -1771.755596
-6622.614701 6604.750972 -1772.300466
-6624.322882 6603.864838 -1772.845336
-6626.031063 6602.978704 -1773.390207
-6627.739245 6602.092570 -1773.935077
-6629.447426 6601.206436 -1774.479947
-6631.155607 6600.320302 -1775.024817
-6632.863788 6599.434168 -1775.569687
-6634.571969 6598.548033 -1776.114557
-6636.280150 6597.661899 -1776.659427
-6637.988332 6596.775765 -1777.204297
-6639.696513 6595.889631 -1777.749167
-6641.404694 6595.003497 -1778.294037
-6643.112875 6594.117363 -1778.838907
-6644.821056 6593.231229 -1779.383778
-6646.529237 6592.345095 -1779.928648
-6648.237419 6591.458960 -1780.473518
-6649.945600 6590.572826 -1781.018388
-6651.653781 6589.686692 -1781.563258
-6653.361962 6588.800558 -1782.108128
-6655.070143 6587.914424 -1782.652998
-6656.778324 6587.028290 -1783.197868
-6658.486506 6586.142156 -1783.742738
-6660.194687 6585.256022 -1784.287608
-6661.902868 6584.369888 -1784.832478
-6663.611049 6583.483753 -1785.377349
-6665.319230 6582.597619 -1785.922219
-6667.027411 6581.711485 -1786.467089
-6668.735593 6580.825351 -1787.011959
-6670.443774 6579.939217 -1787.556829
-6672.151955 6579.053083 -1788.101699
-6673.860136 6578.166949 -1788.646569
-6675.568317 6577.280815 -1789.191439
-6677.276499 6576.394681 -1789.736309
-6678.984680 6575.508546 -1790.281179
-6680.692861 6574.622412 -1790.826049
-6682.401042 6573.736278 -1791.370920
-6684.109223 6572.850144 -1791.915790
-6685.817404 6571.964010 -1792.460660
-6687.525586 6571.077876 -1793.005530
-6689.233767 6570.191742 -1793.550400
-6690.941948 6569.305608 -1794.095270
-6692.650129 6568.419473 -1794.640140
-6694.358310 6567.533339 -1795.185010
-6696.066491 6566.647205 -1795.729880
-6697.774673 6565.761071 -1796.274750
-6699.482854 6564.874937 -1796.819620
-6701.191035 6563.988803 -1797.364491
-6702.899216 6563.102669 -1797.909361
-6704.607397 6562.216535 -1798.454231
-6706.315578 6561.330401 -1798.999101
-6708.023760 6560.444266 -1799.543971
-6709.731941 6559.558132 -1800.088841
-6711.440122 6558.671998 -1800.633711
-6713.148303 6557.785864 -1801.178581
-6714.856484 6556.899730 -1801.723451
-6716.564665 6556.013596 -1802.268321
-6718.272847 6555.127462 -1802.813191
-6719.981028 6554.241328 -1803.358062
-6721.689209 6553.355193 -1803.902932
-6723.397390 6552.469059 -1804.447802
-6725.105571 6551.582925 -1804.992672
-6726.813752 6550.696791 -1805.537542
-6728.521934 6549.810657 -1806.082412
-6730.230115 6548.924523 -1806.627282
-6731.938296 6548.038389 -1807.172152
-6733.646477 6547.152255 -1807.717022
-6735.354658 6546.266121 -1808.261892
-6737.062839 6545.379986 -1808.806762
-6738.771021 6544.493852 -1809.351633
-6740.479202 6543.607718 -1809.896503
-6742.187383 6542.721584 -1810.441373
-6743.895564 6541.835450 -1810.986243
-6745.603745 6540.949316 -1811.531113
-6747.311927 6540.063182 -1812.075983
-6749.020108 6539.177048 -1812.620853
-6750.728289 6538.290913 -1813.165723
-6752.436470 6537.404779 -1813.710593
-6754.144651 6536.518645 -1814.255463
-6755.852832 6535.632511 -1814.800334
-6757.561014 6534.746377 -1815.345204
-6759.269195 6533.860243 -1815.890074
-6760.977376 6532.974109 -1816.434944
-6762.685557 6532.087975 -1816.979814
-6764.393738 6531.201841 -1817.524684
-6766.101919 6530.315706 -1818.069554
-6767.810101 6529.429572 -1818.614424
-6769.518282 6528.543438 -1819.159294
-6771.226463 6527.657304 -1819.704164
-6772.934644 6526.771170 -1820.249034
-6774.642825 6525.885036 -1820.793905
-6776.351006 6524.998902 -1821.338775
-6778.059188 6524.112768 -1821.883645
-6779.767369 6523.226634 -1822.428515
-6781.475550 6522.340499 -1822.973385
-6783.183731 6521.454365 -1823.518255
-6784.891912 6520.568231 -1824.063125
-6786.600093 6519.682097 -1824.607995
-6788.308275 6518.795963 -1825.152865
-6790.016456 6517.909829 -1825.697735
-6791.724637 6517.023695 -1826.242605
-6793.432818 6516.137561 -1826.787476
-6795.140999 6515.251426 -1827.332346
-6796.849180 6514.365292 -1827.877216
-6798.557362 6513.479158 -1828.422086
-6800.265543 6512.593024 -1828.966956
-6801.973724 6511.706890 -1829.511826
-6803.681905 6510.820756 -1830.056696
-6805.390086 6509.934622 -1830.601566
-6807.098267 6509.048488 -1831.146436
-6808.806449 6508.162354 -1831.691306
-6810.514630 6507.276219 -1832.236176
-6812.222811 6506.390085 -1832.781047
-6813.930992 6505.503951 -1833.325917
-6815.639173 6504.617817 -1833.870787
-6817.347354 6503.731683 -1834.415657
-6819.055536 6502.845549 -1834.960527
-6820.763717 6501.959415 -1835.505397
-6822.471898 6501.073281 -1836.050267
-6824.180079 6500.187146 -1836.595137
-6825.888260 6499.301012 -1837.140007
-6827.596442 6498.414878 -1837.684877
-6829.304623 6497.528744 -1838.229747
-6831.012804 6496.642610 -1838.774618
-6832.720985 6495.756476 -1839.319488
-6834.429166 6494.870342 -1839.864358
-6836.137347 6493.984208 -1840.409228
-6837.845529 6493.098074 -1840.954098
-6839.553710 6492.211939 -1841.498968
-6841.261891 6491.325805 -1842.043838
-6842.970072 6490.439671 -1842.588708
-6844.678253 6489.553537 -1843.133578
-6846.386434 6488.667403 -1843.678448
-6848.094616 6487.781269 -1844.223318
-6849.802797 6486.895135 -1844.768189
-6851.510978 6486.009001 -1845.313059
-6853.219159 6485.122866 -1845.857929
-6854.927340 6484.236732 -1846.402799
-6856.635521 6483.350598 -1846.947669
-6858.343703 6482.464464 -1847.492539
-6860.051884 6481.578330 -1848.037409
-6861.760065 6480.692196 -1848.582279
-6863.468246 6479.806062 -1849.127149
-6865.176427 6478.919928 -1849.672019
-6866.884608 6478.033794 -1850.216889
-6868.592790 6477.147659 -1850.761760
-6870.300971 6476.261525 -1851.306630
-6872.009152 6475.375391 -1851.851500
-6873.717333 6474.489257 -1852.396370
-6875.425514 6473.603123 -1852.941240
-6877.133695 6472.716989 -1853.486110
-6878.841877 6471.830855 -1854.030980
-6880.550058 6470.944721 -1854.575850
-6882.258239 6470.058587 -1855.120720
-6883.966420 6469.172452 -1855.665590
-6885.674601 6468.286318 -1856.210460
-6887.382782 6467.400184 -1856.755331
-6889.090964 6466.514050 -1857.300201
-6890.799145 6465.627916 -1857.845071
-6892.507326 6464.741782 -1858.389941
-6894.215507 6463.855648 -1858.934811
-6895.923688 6462.969514 -1859.479681
-6897.631869 6462.083379 -1860.024551
-6899.340051 6461.197245 -1860.569421
-6901.048232 6460.311111 -1861.114291
-6902.756413 6459.424977 -1861.659161
-6904.464594 6458.538843 -1862.204031
-6906.172775 6457.652709 -1862.748902
-6907.880957 6456.766575 -1863.293772
-6909.589138 6455.880441 -1863.838642
-6911.297319 6454.994307 -1864.383512
-6913.005500 6454.108172 -1864.928382
-6914.713681 6453.222038 -1865.473252
-6916.421862 6452.335904 -1866.018122
-6918.130044 6451.449770 -1866.562992
-6919.838225 6450.563636 -1867.107862
-6921.546406 6449.677502 -1867.652732
-6923.254587 6448.791368 -1868.197602
-6924.962768 6447.905234 -1868.742473
-6926.670949 6447.019099 -1869.287343
-6928.379131 6446.132965 -1869.832213
-6930.087312 6445.246831 -1870.377083
-6931.795493 6444.360697 -1870.921953
-6933.503674 6443.474563 -1871.466823
-6935.211855 6442.588429 -1872.011693
-6936.920036 6441.702295 -1872.556563
-6938.628218 6440.816161 -1873.101433
-6940.336399 6439.930027 -1873.646303
-6942.044580 6439.043892 -1874.191173
-6943.752761 6438.157758 -1874.736044
-6945.460942 6437.271624 -1875.280914
-6947.169123 6436.385490 -1875.825784
-6948.877305 6435.499356 -1876.370654
-6950.585486 6434.613222 -1876.915524
-6952.293667 6433.727088 -1877.460394
-6954.001848 6432.840954 -1878.005264
-6955.710029 6431.954819 -1878.550134
-6957.418210 6431.068685 -1879.095004
-6959.126392 6430.182551 -1879.639874
-6960.834573 6429.296417 -1880.184744
-6962.542754 6428.410283 -1880.729615
-6964.250935 6427.524149 -1881.274485
-6965.959116 6426.638015 -1881.819355
-6967.667297 6425.751881 -1882.364225
-6969.375479 6424.865747 -1882.909095
-6971.083660 6423.979612 -1883.453965
-6972.791841 6423.093478 -1883.998835
-6974.500022 6422.207344 -1884.543705
-6976.208203 6421.321210 -1885.088575
-6977.916384 6420.435076 -1885.633445
-6979.624566 6419.548942 -1886.178315
-6981.332747 6418.662808 -1886.723186
-6983.040928 6417.776674 -1887.268056
-6984.749109 6416.890539 -1887.812926
-6986.457290 6416.004405 -1888.357796
-6988.165472 6415.118271 -1888.902666
-6989.873653 6414.232137 -1889.447536
-6991.581834 6413.346003 -1889.992406
-6993.290015 6412.459869 -1890.537276
-6994.998196 6411.573735 -1891.082146
-6996.706377 6410.687601 -1891.627016
-6998.414559 6409.801467 -1892.171886
-7000.122740 6408.915332 -1892.716757
-7001.830921 6408.029198 -1893.261627
-7003.539102 6407.143064 -1893.806497
-7005.247283 6406.256930 -1894.351367
-7006.955464 6405.370796 -1894.896237
-7008.663646 6404.484662 -1895.441107
-7010.371827 6403.598528 -1895.985977
-7012.080008 6402.712394 -1896.530847
-7013.788189 6401.826260 -1897.075717
-7015.496370 6400.940125 -1897.620587
-7017.204551 6400.053991 -1898.165457
-7018.912733 6399.167857 -1898.710328
-7020.620914 6398.281723 -1899.255198
-7022.329095 6397.395589 -1899.800068
-7024.037276 6396.509455 -1900.344938
-7025.745457 6395.623321 -1900.889808
-7027.453638 6394.737187 -1901.434678
-7029.161820 6393.851052 -1901.979548
-7030.870001 6392.964918 -1902.524418
-7032.578182 6392.078784 -1903.069288
-7034.286363 6391.192650 -1903.614158
-7035.994544 6390.306516 -1904.159029
-7037.702725 6389.420382 -1904.703899
-7039.410907 6388.534248 -1905.248769
-7041.119088 6387.648114 -1905.793639
-7042.827269 6386.761980 -1906.338509
-7044.535450 6385.875845 -1906.883379
-7046.243631 6384.989711 -1907.428249
-7047.951812 6384.103577 -1907.973119
-7049.659994 6383.217443 -1908.517989
-7051.368175 6382.331309 -1909.062859
-7053.076356 6381.445175 -1909.607729
-7054.784537 6380.559041 -1910.152600
-7056.492718 6379.672907 -1910.697470
-7058.200899 6378.786772 -1911.242340
-7059.909081 6377.900638 -1911.787210
-7061.617262 6377.014504 -1912.332080
-7063.325443 6376.128370 -1912.876950
-7065.033624 6375.242236 -1913.421820
-7066.741805 6374.356102 -1913.966690
-7068.449987 6373.469968 -1914.511560
-7070.158168 6372.583834 -1915.056430
-7071.866349 6371.697700 -1915.601300
-7073.574530 6370.811565 -1916.146171
-7075.282711 6369.925431 -1916.691041
-7076.990892 6369.039297 -1917.235911
-7078.699074 6368.153163 -1917.780781
-7080.407255 6367.267029 -1918.325651
-7082.115436 6366.380895 -1918.870521
-7083.823617 6365.494761 -1919.415391
-7085.531798 6364.608627 -1919.960261
-7087.239979 6363.722492 -1920.505131
-7088.948161 6362.836358 -1921.050001
-7090.656342 6361.950224 -1921.594871
-7092.364523 6361.064090 -1922.139742
-7094.072704 6360.177956 -1922.684612
-7095.780885 6359.291822 -1923.229482
-7097.489066 6358.405688 -1923.774352
-7099.197248 6357.519554 -1924.319222
-7100.905429 6356.633420 -1924.864092
-7102.613610 6355.747285 -1925.408962
-7104.321791 6354.861151 -1925.953832
-7106.029972 6353.975017 -1926.498702
-7107.738153 6353.088883 -1927.043572
-7109.446335 6352.202749 -1927.588442
-7111.154516 6351.316615 -1928.133313
-7112.862697 6350.430481 -1928.678183
-7114.570878 6349.544347 -1929.223053
-7116.279059 6348.658213 -1929.767923
-7117.987240 6347.772078 -1930.312793
-7119.695422 6346.885944 -1930.857663
-7121.403603 6345.999810 -1931.402533
-7123.111784 6345.113676 -1931.947403
-7124.819965 6344.227542 -1932.492273
-7126.528146 6343.341408 -1933.037143
-7128.236327 6342.455274 -1933.582013
-7129.944509 6341.569140 -1934.126884
-7131.652690 6340.683005 -1934.671754
-7133.360871 6339.796871 -1935.216624
-7135.069052 6338.910737 -1935.761494
-7136.777233 6338.024603 -1936.306364
-7138.485415 6337.138469 -1936.851234
-7140.193596 6336.252335 -1937.396104
-7141.901777 6335.366201 -1937.940974
-7143.609958 6334.480067 -1938.485844
-7145.318139 6333.593933 -1939.030714
-7147.026320 6332.707798 -1939.575584
-7148.734502 6331.821664 -1940.120455
-7150.442683 6330.935530 -1940.665325
-7152.150864 6330.049396 -1941.210195
-7153.859045 6329.163262 -1941.755065
-7155.567226 6328.277128 -1942.299935
-7157.275407 6327.390994 -1942.844805
-7158.983589 6326.504860 -1943.389675
-7160.691770 6325.618725 -1943.934545
-7162.399951 6324.732591 -1944.479415
-7164.108132 6323.846457 -1945.024285
-7165.816313 6322.960323 -1945.569155
-7167.524494 6322.074189 -1946.114026
-7169.232676 6321.188055 -1946.658896
-7170.940857 6320.301921 -1947.203766
-7172.649038 6319.415787 -1947.748636
-7174.357219 6318.529653 -1948.293506
-7176.065400 6317.643518 -1948.838376
-7177.773581 6316.757384 -1949.383246
-7179.481763 6315.871250 -1949.928116
-7181.189944 6314.985116 -1950.472986
-7182.898125 6314.098982 -1951.017856
-7184.606306 6313.212848 -1951.562726
-7186.314487 6312.326714 -1952.107597
-7188.022668 6311.440580 -1952.652467
-7189.730850 6310.554445 -1953.197337
-7191.439031 6309.668311 -1953.742207
-7193.147212 6308.782177 -1954.287077
-7194.855393 6307.896043 -1954.831947
-7196.563574 6307.009909 -1955.376817
-7198.271755 6306.123775 -1955.921687
-7199.979937 6305.237641 -1956.466557
-7201.688118 6304.351507 -1957.011427
-7203.396299 6303.465373 -1957.556297
-7205.104480 6302.579238 -1958.101168
-7206.812661 6301.693104 -1958.646038
-7208.520842 6300.806970 -1959.190908
-7210.229024 6299.920836 -1959.735778
-7211.937205 6299.034702 -1960.280648
-7213.645386 6298.148568 -1960.825518
-7215.353567 6297.262434 -1961.370388
-7217.061748 6296.376300 -1961.915258
-7218.769930 6295.490166 -1962.460128
-7220.478111 6294.604031 -1963.004998
-7222.186292 6293.717897 -1963.549868
-7223.894473 6292.831763 -1964.094739
-7225.602654 6291.945629 -1964.639609
-7227.310835 6291.059495 -1965.184479
-7229.019017 6290.173361 -1965.729349
-7230.727198 6289.287227 -1966.274219
-7232.435379 6288.401093 -1966.819089
-7234.143560 6287.514958 -1967.363959
-7235.851741 6286.628824 -1967.908829
-7237.559922 6285.742690 -1968.453699
-7239.268104 6284.856556 -1968.998569
-7240.976285 6283.970422 -1969.543439
-7242.684466 6283.084288 -1970.088310
-7244.392647 6282.198154 -1970.633180
-7246.100828 6281.312020 -1971.178050
-7247.809009 6280.425886 -1971.722920
-7249.517191 6279.539751 -1972.267790
-7251.225372 6278.653617 -1972.812660
-7252.933553 6277.767483 -1973.357530
-7254.641734 6276.881349 -1973.902400
-7256.349915 6275.995215 -1974.447270
-7258.058096 6275.109081 -1974.992140
-7259.766278 6274.222947 -1975.537010
-7261.474459 6273.336813 -1976.081881
-7263.182640 6272.450678 -1976.626751
-7264.890821 6271.564544 -1977.171621
-7266.599002 6270.678410 -1977.716491
-7268.307183 6269.792276 -1978.261361
-7270.015365 6268.906142 -1978.806231
-7271.723546 6268.020008 -1979.351101
-7273.431727 6267.133874 -1979.895971
-7275.139908 6266.247740 -1980.440841
-7276.848089 6265.361606 -1980.985711
-7278.556270 6264.475471 -1981.530581
-7280.264452 6263.589337 -1982.075452
-7281.972633 6262.703203 -1982.620322
-7283.680814 6261.817069 -1983.165192
-7285.388995 6260.930935 -1983.710062
-7287.097176 6260.044801 -1984.254932
-7288.805357 6259.158667 -1984.799802
-7290.513539 6258.272533 -1985.344672
-7292.221720 6257.386398 -1985.889542
-7293.929901 6256.500264 -1986.434412
-7295.638082 6255.614130 -1986.979282
-7297.346263 6254.727996 -1987.524152
-7299.054445 6253.841862 -1988.069023
-7300.762626 6252.955728 -1988.613893
-7302.470807 6252.069594 -1989.158763
-7304.178988 6251.183460 -1989.703633
-7305.887169 6250.297326 -1990.248503
-7307.595350 6249.411191 -1990.793373
-7309.303532 6248.525057 -1991.338243
-7311.011713 6247.638923 -1991.883113
-7312.719894 6246.752789 -1992.427983
-7314.428075 6245.866655 -1992.972853
-7316.136256 6244.980521 -1993.517724
-7317.844437 6244.094387 -1994.062594
-7319.552619 6243.208253 -1994.607464
-7321.260800 6242.322119 -1995.152334
-7322.968981 6241.435984 -1995.697204
-7324.677162 6240.549850 -1996.242074
-7326.385343 6239.663716 -1996.786944
-7328.093524 6238.777582 -1997.331814
-7329.801706 6237.891448 -1997.876684
-7331.509887 6237.005314 -1998.421554
-7333.218068 6236.119180 -1998.966424
-7334.926249 6235.233046 -1999.511295
-7336.634430 6234.346911 -2000.056165
-7338.342611 6233.460777 -2000.601035
-7340.050793 6232.574643 -2001.145905
-7341.758974 6231.688509 -2001.690775
-7343.467155 6230.802375 -2002.235645
-7345.175336 6229.916241 -2002.780515
-7346.883517 6229.030107 -2003.325385
-7348.591698 6228.143973 -2003.870255
-7350.299880 6227.257839 -2004.415125
-7352.008061 6226.371704 -2004.959995
-7353.716242 6225.485570 -2005.504866
-7355.424423 6224.599436 -2006.049736
-7357.132604 6223.713302 -2006.594606
-7358.840785 6222.827168 -2007.139476
-7360.548967 6221.941034 -2007.684346
-7362.257148 6221.054900 -2008.229216
-7363.965329 6220.168766 -2008.774086
-7365.673510 6219.282631 -2009.318956
-7367.381691 6218.396497 -2009.863826
-7369.089872 6217.510363 -2010.408696
-7370.798054 6216.624229 -2010.953566
-7372.506235 6215.738095 -2011.498437
-7374.214416 6214.851961 -2012.043307
-7375.922597 6213.965827 -2012.588177
-7377.630778 6213.079693 -2013.133047
-7379.338960 6212.193559 -2013.677917
-7381.047141 6211.307424 -2014.222787
-7382.755322 6210.421290 -2014.767657
-7384.463503 6209.535156 -2015.312527
-7386.171684 6208.649022 -2015.857397
-7387.879865 6207.762888 -2016.402267
-7389.588047 6206.876754 -2016.947137
-7391.296228 6205.990620 -2017.492008
-7393.004409 6205.104486 -2018.036878
-7394.712590 6204.218351 -2018.581748
-7396.420771 6203.332217 -2019.126618
-7398.128952 6202.446083 -2019.671488
-7399.837134 6201.559949 -2020.216358
-7401.545315 6200.673815 -2020.761228
-7403.253496 6199.787681 -2021.306098
-7404.961677 6198.901547 -2021.850968
-7406.669858 6198.015413 -2022.395838
-7408.378039 6197.129279 -2022.940708
-7410.086221 6196.243144 -2023.485579
-7411.794402 6195.357010 -2024.030449
-7413.502583 6194.470876 -2024.575319
-7415.210764 6193.584742 -2025.120189
-7416.918945 6192.698608 -2025.665059
-7418.627126 6191.812474 -2026.209929
-7420.335308 6190.926340 -2026.754799
-7422.043489 6190.040206 -2027.299669
-7423.751670 6189.154071 -2027.844539
-7425.459851 6188.267937 -2028.389409
-7427.168032 6187.381803 -2028.934279
-7428.876213 6186.495669 -2029.479150
-7430.584395 6185.609535 -2030.024020
-7432.292576 6184.723401 -2030.568890
-7434.000757 6183.837267 -2031.113760
-7435.708938 6182.951133 -2031.658630
-7437.417119 6182.064999 -2032.203500
-7439.125300 6181.178864 -2032.748370
-7440.833482 6180.292730 -2033.293240
-7442.541663 6179.406596 -2033.838110
-7444.249844 6178.520462 -2034.382980
-7445.958025 6177.634328 -2034.927850
-7447.666206 6176.748194 -2035.472721
-7449.374387 6175.862060 -2036.017591
-7452.000000 6174.500000 -2036.855100
-7452.021761 6172.500118 -2036.855100
-7452.043522 6170.500237 -2036.855100
-7452.065283 6168.500355 -2036.855100
-7452.087045 6166.500474 -2036.855100
-7452.108806 6164.500592 -2036.855100
-7452.130567 6162.500710 -2036.855100
-7452.152328 6160.500829 -2036.855100
-7452.174089 6158.500947 -2036.855100
-7452.195850 6156.501066 -2036.855100
-7452.217611 6154.501184 -2036.855100
-7452.239373 6152.501302 -2036.855100
-7452.261134 6150.501421 -2036.855100
-7452.282895 6148.501539 -2036.855100
-7452.304656 6146.501657 -2036.855100
-7452.326417 6144.501776 -2036.855100
-7452.348178 6142.501894 -2036.855100
-7452.369939 6140.502013 -2036.855100
-7452.391700 6138.502131 -2036.855100
-7452.413462 6136.502249 -2036.855100
-7452.435223 6134.502368 -2036.855100
-7452.456984 6132.502486 -2036.855100
-7452.478745 6130.502605 -2036.855100
-7452.500506 6128.502723 -2036.855100
-7452.522267 6126.502841 -2036.855100
-7452.544028 6124.502960 -2036.855100
-7452.565790 6122.503078 -2036.855100
-7452.587551 6120.503197 -2036.855100
-7452.609312 6118.503315 -2036.855100
-7452.631073 6116.503433 -2036.855100
-7452.652834 6114.503552 -2036.855100
-7452.674595 6112.503670 -2036.855100
-7452.696356 6110.503788 -2036.855100
-7452.718118 6108.503907 -2036.855100
-7452.739879 6106.504025 -2036.855100
-7452.761640 6104.504144 -2036.855100
-7452.783401 6102.504262 -2036.855100
-7452.805162 6100.504380 -2036.855100
-7452.826923 6098.504499 -2036.855100
-7452.848684 6096.504617 -2036.855100
-7452.870446 6094.504736 -2036.855100
-7452.892207 6092.504854 -2036.855100
-7452.913968 6090.504972 -2036.855100
-7452.935729 6088.505091 -2036.855100
-7452.957490 6086.505209 -2036.855100
-7452.979251 6084.505328 -2036.855100
-7453.001012 6082.505446 -2036.855100
-7453.022774 6080.505564 -2036.855100
-7453.044535 6078.505683 -2036.855100
-7453.066296 6076.505801 -2036.855100
-7453.088057 6074.505920 -2036.855100
-7453.109818 6072.506038 -2036.855100
-7453.131579 6070.506156 -2036.855100
-7453.153340 6068.506275 -2036.855100
-7453.175101 6066.506393 -2036.855100
-7453.196863 6064.506511 -2036.855100
-7453.218624 6062.506630 -2036.855100
-7453.240385 6060.506748 -2036.855100
-7453.262146 6058.506867 -2036.855100
-7453.283907 6056.506985 -2036.855100
-7453.305668 6054.507103 -2036.855100
-7453.327429 6052.507222 -2036.855100
-7453.349191 6050.507340 -2036.855100
-7453.370952 6048.507459 -2036.855100
-7453.392713 6046.507577 -2036.855100
-7453.414474 6044.507695 -2036.855100
-7453.436235 6042.507814 -2036.855100
-7453.457996 6040.507932 -2036.855100
-7453.479757 6038.508051 -2036.855100
-7453.501519 6036.508169 -2036.855100
-7453.523280 6034.508287 -2036.855100
-7453.545041 6032.508406 -2036.855100
-7453.566802 6030.508524 -2036.855100
-7453.588563 6028.508642 -2036.855100
-7453.610324 6026.508761 -2036.855100
-7453.632085 6024.508879 -2036.855100
-7453.653847 6022.508998 -2036.855100
-7453.675608 6020.509116 -2036.855100
-7453.697369 6018.509234 -2036.855100
-7453.719130 6016.509353 -2036.855100
-7453.740891 6014.509471 -2036.855100
-7453.762652 6012.509590 -2036.855100
-7453.784413 6010.509708 -2036.855100
-7453.806175 6008.509826 -2036.855100
-7453.827936 6006.509945 -2036.855100
-7453.849697 6004.510063 -2036.855100
-7453.871458 6002.510182 -2036.855100
-7453.893219 6000.510300 -2036.855100
-7453.914980 5998.510418 -2036.855100
-7453.936741 5996.510537 -2036.855100
-7453.958502 5994.510655 -2036.855100
-7453.980264 5992.510774 -2036.855100
-7454.002025 5990.510892 -2036.855100
-7454.023786 5988.511010 -2036.855100
-7454.045547 5986.511129 -2036.855100
-7454.067308 5984.511247 -2036.855100
-7454.089069 5982.511365 -2036.855100
-7454.110830 5980.511484 -2036.855100
-7454.132592 5978.511602 -2036.855100
-7454.154353 5976.511721 -2036.855100
-7454.176114 5974.511839 -2036.855100
-7454.197875 5972.511957 -2036.855100
-7454.219636 5970.512076 -2036.855100
-7454.241397 5968.512194 -2036.855100
-7454.263158 5966.512313 -2036.855100
-7454.284920 5964.512431 -2036.855100
-7454.306681 5962.512549 -2036.855100
-7454.328442 5960.512668 -2036.855100
-7454.350203 5958.512786 -2036.855100
-7454.371964 5956.512905 -2036.855100
-7454.393725 5954.513023 -2036.855100
-7454.415486 5952.513141 -2036.855100
-7454.437248 5950.513260 -2036.855100
-7454.459009 5948.513378 -2036.855100
-7454.480770 5946.513496 -2036.855100
-7454.502531 5944.513615 -2036.855100
-7454.524292 5942.513733 -2036.855100
-7454.546053 5940.513852 -2036.855100
-7454.567814 5938.513970 -2036.855100
-7454.589575 5936.514088 -2036.855100
-7454.611337 5934.514207 -2036.855100
-7454.633098 5932.514325 -2036.855100
-7454.654859 5930.514444 -2036.855100
-7454.676620 5928.514562 -2036.855100
-7454.698381 5926.514680 -2036.855100
-7454.720142 5924.514799 -2036.855100
-7454.741903 5922.514917 -2036.855100
-7454.763665 5920.515036 -2036.855100
-7454.785426 5918.515154 -2036.855100
-7454.807187 5916.515272 -2036.855100
-7454.828948 5914.515391 -2036.855100
-7454.850709 5912.515509 -2036.855100
-7454.872470 5910.515628 -2036.855100
-7454.894231 5908.515746 -2036.855100
-7454.915993 5906.515864 -2036.855100
-7454.937754 5904.515983 -2036.855100
-7454.959515 5902.516101 -2036.855100
-7454.981276 5900.516219 -2036.855100
-7455.003037 5898.516338 -2036.855100
-7455.024798 5896.516456 -2036.855100
-7455.046559 5894.516575 -2036.855100
-7455.068321 5892.516693 -2036.855100
-7455.090082 5890.516811 -2036.855100
-7455.111843 5888.516930 -2036.855100
-7455.133604 5886.517048 -2036.855100
-7455.155365 5884.517167 -2036.855100
-7455.177126 5882.517285 -2036.855100
-7455.198887 5880.517403 -2036.855100
-7455.220649 5878.517522 -2036.855100
-7455.242410 5876.517640 -2036.855100
-7455.264171 5874.517759 -2036.855100
-7455.285932 5872.517877 -2036.855100
-7455.307693 5870.517995 -2036.855100
-7455.329454 5868.518114 -2036.855100
-7455.351215 5866.518232 -2036.855100
-7455.372976 5864.518350 -2036.855100
-7455.394738 5862.518469 -2036.855100
-7455.416499 5860.518587 -2036.855100
-7455.438260 5858.518706 -2036.855100
-7455.460021 5856.518824 -2036.855100
-7455.481782 5854.518942 -2036.855100
-7455.503543 5852.519061 -2036.855100
-7455.525304 5850.519179 -2036.855100
-7455.547066 5848.519298 -2036.855100
-7455.568827 5846.519416 -2036.855100
-7455.590588 5844.519534 -2036.855100
-7455.612349 5842.519653 -2036.855100
-7455.634110 5840.519771 -2036.855100
-7455.655871 5838.519890 -2036.855100
-7455.677632 5836.520008 -2036.855100
-7455.699394 5834.520126 -2036.855100
-7455.721155 5832.520245 -2036.855100
-7455.742916 5830.520363 -2036.855100
-7455.764677 5828.520482 -2036.855100
-7455.786438 5826.520600 -2036.855100
-7455.808199 5824.520718 -2036.855100
-7455.829960 5822.520837 -2036.855100
-7455.851722 5820.520955 -2036.855100
-7455.873483 5818.521073 -2036.855100
-7455.895244 5816.521192 -2036.855100
-7455.917005 5814.521310 -2036.855100
-7455.938766 5812.521429 -2036.855100
-7455.960527 5810.521547 -2036.855100
-7455.982288 5808.521665 -2036.855100
-7456.004050 5806.521784 -2036.855100
-7456.025811 5804.521902 -2036.855100
-7456.047572 5802.522021 -2036.855100
-7456.069333 5800.522139 -2036.855100
-7456.091094 5798.522257 -2036.855100
-7456.112855 5796.522376 -2036.855100
-7456.134616 5794.522494 -2036.855100
-7456.156377 5792.522613 -2036.855100
-7456.178139 5790.522731 -2036.855100
-7456.199900 5788.522849 -2036.855100
-7456.221661 5786.522968 -2036.855100
-7456.243422 5784.523086 -2036.855100
-7456.265183 5782.523204 -2036.855100
-7456.286944 5780.523323 -2036.855100
-7456.308705 5778.523441 -2036.855100
-7456.330467 5776.523560 -2036.855100
-7456.352228 5774.523678 -2036.855100
-7456.373989 5772.523796 -2036.855100
-7456.395750 5770.523915 -2036.855100
-7456.417511 5768.524033 -2036.855100
-7456.439272 5766.524152 -2036.855100
-7456.461033 5764.524270 -2036.855100
-7456.482795 5762.524388 -2036.855100
-7456.504556 5760.524507 -2036.855100
-7456.526317 5758.524625 -2036.855100
-7456.548078 5756.524744 -2036.855100
-7456.569839 5754.524862 -2036.855100
-7456.591600 5752.524980 -2036.855100
-7456.613361 5750.525099 -2036.855100
-7456.635123 5748.525217 -2036.855100
-7456.656884 5746.525336 -2036.855100
-7456.678645 5744.525454 -2036.855100
-7456.700406 5742.525572 -2036.855100
-7456.722167 5740.525691 -2036.855100
-7456.743928 5738.525809 -2036.855100
-7456.765689 5736.525927 -2036.855100
-7456.787450 5734.526046 -2036.855100
-7456.809212 5732.526164 -2036.855100
-7456.830973 5730.526283 -2036.855100
-7456.852734 5728.526401 -2036.855100
-7456.874495 5726.526519 -2036.855100
-7456.896256 5724.526638 -2036.855100
-7456.918017 5722.526756 -2036.855100
-7456.939778 5720.526875 -2036.855100
-7456.961540 5718.526993 -2036.855100
-7456.983301 5716.527111 -2036.855100
-7457.005062 5714.527230 -2036.855100
-7457.026823 5712.527348 -2036.855100
-7457.048584 5710.527467 -2036.855100
-7457.070345 5708.527585 -2036.855100
-7457.092106 5706.527703 -2036.855100
-7457.113868 5704.527822 -2036.855100
-7457.135629 5702.527940 -2036.855100
-7457.157390 5700.528058 -2036.855100
-7457.179151 5698.528177 -2036.855100
-7457.200912 5696.528295 -2036.855100
-7457.222673 5694.528414 -2036.855100
-7457.244434 5692.528532 -2036.855100
-7457.266196 5690.528650 -2036.855100
-7457.287957 5688.528769 -2036.855100
-7457.309718 5686.528887 -2036.855100
-7457.331479 5684.529006 -2036.855100
-7457.353240 5682.529124 -2036.855100
-7457.375001 5680.529242 -2036.855100
-7457.396762 5678.529361 -2036.855100
-7457.418524 5676.529479 -2036.855100
-7457.440285 5674.529598 -2036.855100
-7457.462046 5672.529716 -2036.855100
-7457.483807 5670.529834 -2036.855100
-7457.505568 5668.529953 -2036.855100
-7457.527329 5666.530071 -2036.855100
-7457.549090 5664.530190 -2036.855100
-7457.570851 5662.530308 -2036.855100
-7457.592613 5660.530426 -2036.855100
-7457.614374 5658.530545 -2036.855100
-7457.636135 5656.530663 -2036.855100
-7457.657896 5654.530781 -2036.855100
-7457.679657 5652.530900 -2036.855100
-7457.701418 5650.531018 -2036.855100
-7457.723179 5648.531137 -2036.855100
-7457.744941 5646.531255 -2036.855100
-7457.766702 5644.531373 -2036.855100
-7457.788463 5642.531492 -2036.855100
-7457.810224 5640.531610 -2036.855100
-7457.831985 5638.531729 -2036.855100
-7457.853746 5636.531847 -2036.855100
-7457.875507 5634.531965 -2036.855100
-7457.897269 5632.532084 -2036.855100
-7457.919030 5630.532202 -2036.855100
-7457.940791 5628.532321 -2036.855100
-7457.962552 5626.532439 -2036.855100
-7457.984313 5624.532557 -2036.855100
-7458.006074 5622.532676 -2036.855100
-7458.027835 5620.532794 -2036.855100
-7458.049597 5618.532913 -2036.855100
-7458.071358 5616.533031 -2036.855100
-7458.093119 5614.533149 -2036.855100
-7458.114880 5612.533268 -2036.855100
-7458.136641 5610.533386 -2036.855100
-7458.158402 5608.533504 -2036.855100
-7458.180163 5606.533623 -2036.855100
-7458.201925 5604.533741 -2036.855100
-7458.223686 5602.533860 -2036.855100
-7458.245447 5600.533978 -2036.855100
-7458.267208 5598.534096 -2036.855100
-7458.288969 5596.534215 -2036.855100
-7458.310730 5594.534333 -2036.855100
-7458.332491 5592.534452 -2036.855100
-7458.354252 5590.534570 -2036.855100
-7458.376014 5588.534688 -2036.855100
-7458.397775 5586.534807 -2036.855100
-7458.419536 5584.534925 -2036.855100
-7458.441297 5582.535044 -2036.855100
-7458.463058 5580.535162 -2036.855100
-7458.484819 5578.535280 -2036.855100
-7458.506580 5576.535399 -2036.855100
-7458.528342 5574.535517 -2036.855100
-7458.550103 5572.535635 -2036.855100
-7458.571864 5570.535754 -2036.855100
-7458.593625 5568.535872 -2036.855100
-7458.615386 5566.535991 -2036.855100
-7458.637147 5564.536109 -2036.855100
-7458.658908 5562.536227 -2036.855100
-7458.680670 5560.536346 -2036.855100
-7458.702431 5558.536464 -2036.855100
-7458.724192 5556.536583 -2036.855100
-7458.745953 5554.536701 -2036.855100
-7458.767714 5552.536819 -2036.855100
-7458.789475 5550.536938 -2036.855100
-7458.811236 5548.537056 -2036.855100
-7458.832998 5546.537175 -2036.855100
-7458.854759 5544.537293 -2036.855100
-7458.876520 5542.537411 -2036.855100
-7458.898281 5540.537530 -2036.855100
-7458.920042 5538.537648 -2036.855100
-7458.941803 5536.537767 -2036.855100
-7458.963564 5534.537885 -2036.855100
-7458.985325 5532.538003 -2036.855100
-7459.007087 5530.538122 -2036.855100
-7459.028848 5528.538240 -2036.855100
-7459.050609 5526.538358 -2036.855100
-7459.072370 5524.538477 -2036.855100
-7459.094131 5522.538595 -2036.855100
-7459.115892 5520.538714 -2036.855100
-7459.137653 5518.538832 -2036.855100
-7459.159415 5516.538950 -2036.855100
-7459.181176 5514.539069 -2036.855100
-7459.202937 5512.539187 -2036.855100
-7459.224698 5510.539306 -2036.855100
-7459.246459 5508.539424 -2036.855100
-7459.268220 5506.539542 -2036.855100
-7459.289981 5504.539661 -2036.855100
-7459.311743 5502.539779 -2036.855100
-7459.333504 5500.539898 -2036.855100
-7459.355265 5498.540016 -2036.855100
-7459.377026 5496.540134 -2036.855100
-7459.398787 5494.540253 -2036.855100
-7459.420548 5492.540371 -2036.855100
-7459.442309 5490.540489 -2036.855100
-7459.464071 5488.540608 -2036.855100
-7459.485832 5486.540726 -2036.855100
-7459.507593 5484.540845 -2036.855100
-7459.529354 5482.540963 -2036.855100
-7459.551115 5480.541081 -2036.855100
-7459.572876 5478.541200 -2036.855100
-7459.594637 5476.541318 -2036.855100
-7459.616399 5474.541437 -2036.855100
-7459.638160 5472.541555 -2036.855100
-7459.659921 5470.541673 -2036.855100
-7459.681682 5468.541792 -2036.855100
-7459.703443 5466.541910 -2036.855100
-7459.725204 5464.542029 -2036.855100
-7459.746965 5462.542147 -2036.855100
-7459.768726 5460.542265 -2036.855100
-7459.790488 5458.542384 -2036.855100
-7459.812249 5456.542502 -2036.855100
-7459.834010 5454.542621 -2036.855100
-7459.855771 5452.542739 -2036.855100
-7459.877532 5450.542857 -2036.855100
-7459.899293 5448.542976 -2036.855100
-7459.921054 5446.543094 -2036.855100
-7459.942816 5444.543212 -2036.855100
-7459.964577 5442.543331 -2036.855100
-7459.986338 5440.543449 -2036.855100
-7460.008099 5438.543568 -2036.855100
-7460.029860 5436.543686 -2036.855100
-7460.051621 5434.543804 -2036.855100
-7460.073382 5432.543923 -2036.855100
-7460.095144 5430.544041 -2036.855100
-7460.116905 5428.544160 -2036.855100
-7460.138666 5426.544278 -2036.855100
-7460.160427 5424.544396 -2036.855100
-7460.182188 5422.544515 -2036.855100
-7460.203949 5420.544633 -2036.855100
-7460.225710 5418.544752 -2036.855100
-7460.247472 5416.544870 -2036.855100
-7460.269233 5414.544988 -2036.855100
-7460.290994 5412.545107 -2036.855100
-7460.312755 5410.545225 -2036.855100
-7460.334516 5408.545343 -2036.855100
-7460.356277 5406.545462 -2036.855100
-7460.378038 5404.545580 -2036.855100
-7460.399800 5402.545699 -2036.855100
-7460.421561 5400.545817 -2036.855100
-7460.443322 5398.545935 -2036.855100
-7460.465083 5396.546054 -2036.855100
-7460.486844 5394.546172 -2036.855100
-7460.508605 5392.546291 -2036.855100
-7460.530366 5390.546409 -2036.855100
-7460.552127 5388.546527 -2036.855100
-7460.573889 5386.546646 -2036.855100
-7460.595650 5384.546764 -2036.855100
-7460.617411 5382.546883 -2036.855100
-7460.639172 5380.547001 -2036.855100
-7460.660933 5378.547119 -2036.855100
-7460.682694 5376.547238 -2036.855100
-7460.704455 5374.547356 -2036.855100
-7460.726217 5372.547475 -2036.855100
-7460.747978 5370.547593 -2036.855100
-7460.769739 5368.547711 -2036.855100
-7460.791500 5366.547830 -2036.855100
-7460.813261 5364.547948 -2036.855100
-7460.835022 5362.548066 -2036.855100
-7460.856783 5360.548185 -2036.855100
-7460.878545 5358.548303 -2036.855100
-7460.900306 5356.548422 -2036.855100
-7460.922067 5354.548540 -2036.855100
-7460.943828 5352.548658 -2036.855100
-7460.965589 5350.548777 -2036.855100
-7460.987350 5348.548895 -2036.855100
-7461.009111 5346.549014 -2036.855100
-7461.030873 5344.549132 -2036.855100
-7461.052634 5342.549250 -2036.855100
-7461.074395 5340.549369 -2036.855100
-7461.096156 5338.549487 -2036.855100
-7461.117917 5336.549606 -2036.855100
-7461.139678 5334.549724 -2036.855100
-7461.161439 5332.549842 -2036.855100
-7461.183200 5330.549961 -2036.855100
-7461.204962 5328.550079 -2036.855100
-7461.226723 5326.550197 -2036.855100
-7461.248484 5324.550316 -2036.855100
-7461.270245 5322.550434 -2036.855100
-7461.292006 5320.550553 -2036.855100
-7461.313767 5318.550671 -2036.855100
-7461.335528 5316.550789 -2036.855100
-7461.357290 5314.550908 -2036.855100
-7461.379051 5312.551026 -2036.855100
-7461.400812 5310.551145 -2036.855100
-7461.422573 5308.551263 -2036.855100
-7461.444334 5306.551381 -2036.855100
-7461.466095 5304.551500 -2036.855100
-7461.487856 5302.551618 -2036.855100
-7461.509618 5300.551737 -2036.855100
-7461.531379 5298.551855 -2036.855100
-7461.553140 5296.551973 -2036.855100
-7461.574901 5294.552092 -2036.855100
-7461.596662 5292.552210 -2036.855100
-7461.618423 5290.552329 -2036.855100
-7461.640184 5288.552447 -2036.855100
-7461.661946 5286.552565 -2036.855100
-7461.683707 5284.552684 -2036.855100
-7461.705468 5282.552802 -2036.855100
-7461.727229 5280.552920 -2036.855100
-7461.748990 5278.553039 -2036.855100
-7461.770751 5276.553157 -2036.855100
-7461.792512 5274.553276 -2036.855100
-7461.814274 5272.553394 -2036.855100
-7461.836035 5270.553512 -2036.855100
-7461.857796 5268.553631 -2036.855100
-7461.879557 5266.553749 -2036.855100
-7461.901318 5264.553868 -2036.855100
-7461.923079 5262.553986 -2036.855100
-7461.944840 5260.554104 -2036.855100
-7461.966601 5258.554223 -2036.855100
-7461.988363 5256.554341 -2036.855100
-7462.010124 5254.554460 -2036.855100
-7462.031885 5252.554578 -2036.855100
-7462.053646 5250.554696 -2036.855100
-7462.075407 5248.554815 -2036.855100
-7462.097168 5246.554933 -2036.855100
-7462.118929 5244.555051 -2036.855100
-7462.140691 5242.555170 -2036.855100
-7462.162452 5240.555288 -2036.855100
-7462.184213 5238.555407 -2036.855100
-7462.205974 5236.555525 -2036.855100
-7462.227735 5234.555643 -2036.855100
-7462.249496 5232.555762 -2036.855100
-7462.271257 5230.555880 -2036.855100
-7462.293019 5228.555999 -2036.855100
-7462.314780 5226.556117 -2036.855100
-7462.336541 5224.556235 -2036.855100
-7462.358302 5222.556354 -2036.855100
-7462.380063 5220.556472 -2036.855100
-7462.401824 5218.556591 -2036.855100
-7462.423585 5216.556709 -2036.855100
-7462.445347 5214.556827 -2036.855100
-7462.467108 5212.556946 -2036.855100
-7462.488869 5210.557064 -2036.855100
-7462.510630 5208.557183 -2036.855100
-7462.532391 5206.557301 -2036.855100
-7462.554152 5204.557419 -2036.855100
-7462.575913 5202.557538 -2036.855100
-7462.597675 5200.557656 -2036.855100
-7462.619436 5198.557774 -2036.855100
-7462.641197 5196.557893 -2036.855100
-7462.662958 5194.558011 -2036.855100
-7462.684719 5192.558130 -2036.855100
-7462.706480 5190.558248 -2036.855100
-7462.728241 5188.558366 -2036.855100
-7462.750002 5186.558485 -2036.855100
-7462.771764 5184.558603 -2036.855100
-7462.793525 5182.558722 -2036.855100
-7462.815286 5180.558840 -2036.855100
-7462.837047 5178.558958 -2036.855100
-7462.858808 5176.559077 -2036.855100
-7462.880569 5174.559195 -2036.855100
-7462.902330 5172.559314 -2036.855100
-7462.924092 5170.559432 -2036.855100
-7462.945853 5168.559550 -2036.855100
-7462.967614 5166.559669 -2036.855100
-7462.989375 5164.559787 -2036.855100
-7463.011136 5162.559905 -2036.855100
-7463.032897 5160.560024 -2036.855100
-7463.054658 5158.560142 -2036.855100
-7463.076420 5156.560261 -2036.855100
-7463.098181 5154.560379 -2036.855100
-7463.119942 5152.560497 -2036.855100
-7463.141703 5150.560616 -2036.855100
-7463.163464 5148.560734 -2036.855100
-7463.185225 5146.560853 -2036.855100
-7463.206986 5144.560971 -2036.855100
-7463.228748 5142.561089 -2036.855100
-7463.250509 5140.561208 -2036.855100
-7463.272270 5138.561326 -2036.855100
-7463.294031 5136.561445 -2036.855100
-7463.315792 5134.561563 -2036.855100
-7463.337553 5132.561681 -2036.855100
-7463.359314 5130.561800 -2036.855100
-7463.381075 5128.561918 -2036.855100
-7463.402837 5126.562037 -2036.855100
-7463.424598 5124.562155 -2036.855100
-7463.446359 5122.562273 -2036.855100
-7463.468120 5120.562392 -2036.855100
-7463.489881 5118.562510 -2036.855100
-7463.511642 5116.562628 -2036.855100
-7463.533403 5114.562747 -2036.855100
-7463.555165 5112.562865 -2036.855100
-7463.576926 5110.562984 -2036.855100
-7463.598687 5108.563102 -2036.855100
-7463.620448 5106.563220 -2036.855100
-7463.642209 5104.563339 -2036.855100
-7463.663970 5102.563457 -2036.855100
-7463.685731 5100.563576 -2036.855100
-7463.707493 5098.563694 -2036.855100
-7463.729254 5096.563812 -2036.855100
-7463.751015 5094.563931 -2036.855100
-7463.772776 5092.564049 -2036.855100
-7463.794537 5090.564168 -2036.855100
-7463.816298 5088.564286 -2036.855100
-7463.838059 5086.564404 -2036.855100
-7463.859821 5084.564523 -2036.855100
-7463.881582 5082.564641 -2036.855100
-7463.903343 5080.564759 -2036.855100
-7463.925104 5078.564878 -2036.855100
-7463.946865 5076.564996 -2036.855100
-7463.968626 5074.565115 -2036.855100
-7463.990387 5072.565233 -2036.855100
-7464.012149 5070.565351 -2036.855100
-7464.033910 5068.565470 -2036.855100
-7464.055671 5066.565588 -2036.855100
-7464.077432 5064.565707 -2036.855100
-7464.099193 5062.565825 -2036.855100
-7464.120954 5060.565943 -2036.855100
-7464.142715 5058.566062 -2036.855100
-7464.164476 5056.566180 -2036.855100
-7464.186238 5054.566299 -2036.855100
-7464.207999 5052.566417 -2036.855100
-7464.229760 5050.566535 -2036.855100
-7464.251521 5048.566654 -2036.855100
-7464.273282 5046.566772 -2036.855100
-7464.295043 5044.566891 -2036.855100
-7464.316804 5042.567009 -2036.855100
-7464.338566 5040.567127 -2036.855100
-7464.360327 5038.567246 -2036.855100
-7464.382088 5036.567364 -2036.855100
-7464.403849 5034.567482 -2036.855100
-7464.425610 5032.567601 -2036.855100
-7464.447371 5030.567719 -2036.855100
-7464.469132 5028.567838 -2036.855100
-7464.490894 5026.567956 -2036.855100
-7464.512655 5024.568074 -2036.855100
-7464.534416 5022.568193 -2036.855100
-7464.556177 5020.568311 -2036.855100
-7464.577938 5018.568430 -2036.855100
-7464.599699 5016.568548 -2036.855100
-7464.621460 5014.568666 -2036.855100
-7464.643222 5012.568785 -2036.855100
-7464.664983 5010.568903 -2036.855100
-7464.686744 5008.569022 -2036.855100
-7464.708505 5006.569140 -2036.855100
-7464.730266 5004.569258 -2036.855100
-7464.752027 5002.569377 -2036.855100
-7464.773788 5000.569495 -2036.855100
-7464.795550 4998.569613 -2036.855100
-7464.817311 4996.569732 -2036.855100
-7464.839072 4994.569850 -2036.855100
-7464.860833 4992.569969 -2036.855100
-7464.882594 4990.570087 -2036.855100
-7464.904355 4988.570205 -2036.855100
-7464.926116 4986.570324 -2036.855100
-7464.947877 4984.570442 -2036.855100
-7464.969639 4982.570561 -2036.855100
-7464.991400 4980.570679 -2036.855100
-7465.013161 4978.570797 -2036.855100
-7465.034922 4976.570916 -2036.855100
-7465.056683 4974.571034 -2036.855100
-7465.078444 4972.571153 -2036.855100
-7465.100205 4970.571271 -2036.855100
-7465.121967 4968.571389 -2036.855100
-7465.143728 4966.571508 -2036.855100
-7465.165489 4964.571626 -2036.855100
-7465.187250 4962.571745 -2036.855100
-7465.209011 4960.571863 -2036.855100
-7465.230772 4958.571981 -2036.855100
-7465.252533 4956.572100 -2036.855100
-7465.274295 4954.572218 -2036.855100
-7465.296056 4952.572336 -2036.855100
-7465.317817 4950.572455 -2036.855100
-7465.339578 4948.572573 -2036.855100
-7465.361339 4946.572692 -2036.855100
-7465.383100 4944.572810 -2036.855100
-7465.404861 4942.572928 -2036.855100
-7465.426623 4940.573047 -2036.855100
-7465.448384 4938.573165 -2036.855100
-7465.470145 4936.573284 -2036.855100
-7465.491906 4934.573402 -2036.855100
-7465.513667 4932.573520 -2036.855100
-7465.535428 4930.573639 -2036.855100
-7465.557189 4928.573757 -2036.855100
-7465.578950 4926.573876 -2036.855100
-7465.600712 4924.573994 -2036.855100
-7465.622473 4922.574112 -2036.855100
-7465.644234 4920.574231 -2036.855100
-7465.665995 4918.574349 -2036.855100
-7465.687756 4916.574467 -2036.855100
-7465.709517 4914.574586 -2036.855100
-7465.731278 4912.574704 -2036.855100
-7465.753040 4910.574823 -2036.855100
-7465.774801 4908.574941 -2036.855100
-7465.796562 4906.575059 -2036.855100
-7465.818323 4904.575178 -2036.855100
-7465.840084 4902.575296 -2036.855100
-7465.861845 4900.575415 -2036.855100
-7465.883606 4898.575533 -2036.855100
-7465.905368 4896.575651 -2036.855100
-7465.927129 4894.575770 -2036.855100
-7465.948890 4892.575888 -2036.855100
-7465.970651 4890.576007 -2036.855100
-7465.992412 4888.576125 -2036.855100
-7466.014173 4886.576243 -2036.855100
-7466.035934 4884.576362 -2036.855100
-7466.057696 4882.576480 -2036.855100
-7466.079457 4880.576599 -2036.855100
-7466.101218 4878.576717 -2036.855100
-7466.122979 4876.576835 -2036.855100
-7466.144740 4874.576954 -2036.855100
-7466.166501 4872.577072 -2036.855100
-7466.188262 4870.577190 -2036.855100
-7466.210024 4868.577309 -2036.855100
-7466.231785 4866.577427 -2036.855100
-7466.253546 4864.577546 -2036.855100
-7466.275307 4862.577664 -2036.855100
-7466.297068 4860.577782 -2036.855100
-7466.318829 4858.577901 -2036.855100
-7466.340590 4856.578019 -2036.855100
-7466.362351 4854.578138 -2036.855100
-7466.384113 4852.578256 -2036.855100
-7466.405874 4850.578374 -2036.855100
-7466.427635 4848.578493 -2036.855100
-7466.449396 4846.578611 -2036.855100
-7466.471157 4844.578730 -2036.855100
-7466.492918 4842.578848 -2036.855100
-7466.514679 4840.578966 -2036.855100
-7466.536441 4838.579085 -2036.855100
-7466.558202 4836.579203 -2036.855100
-7466.579963 4834.579321 -2036.855100
-7466.601724 4832.579440 -2036.855100
-7466.623485 4830.579558 -2036.855100
-7466.645246 4828.579677 -2036.855100
-7466.667007 4826.579795 -2036.855100
-7466.688769 4824.579913 -2036.855100
-7466.710530 4822.580032 -2036.855100
-7466.732291 4820.580150 -2036.855100
-7466.754052 4818.580269 -2036.855100
-7466.775813 4816.580387 -2036.855100
-7466.797574 4814.580505 -2036.855100
-7466.819335 4812.580624 -2036.855100
-7466.841097 4810.580742 -2036.855100
-7466.862858 4808.580861 -2036.855100
-7466.884619 4806.580979 -2036.855100
-7466.906380 4804.581097 -2036.855100
-7466.928141 4802.581216 -2036.855100
-7466.949902 4800.581334 -2036.855100
-7466.971663 4798.581453 -2036.855100
-7466.993425 4796.581571 -2036.855100
-7467.015186 4794.581689 -2036.855100
-7467.036947 4792.581808 -2036.855100
-7467.058708 4790.581926 -2036.855100
-7467.080469 4788.582044 -2036.855100
-7467.102230 4786.582163 -2036.855100
-7467.123991 4784.582281 -2036.855100
-7467.145752 4782.582400 -2036.855100
-7467.167514 4780.582518 -2036.855100
-7467.189275 4778.582636 -2036.855100
-7467.211036 4776.582755 -2036.855100
-7467.232797 4774.582873 -2036.855100
-7467.254558 4772.582992 -2036.855100
-7467.276319 4770.583110 -2036.855100
-7467.298080 4768.583228 -2036.855100
-7467.319842 4766.583347 -2036.855100
-7467.341603 4764.583465 -2036.855100
-7467.363364 4762.583584 -2036.855100
-7467.385125 4760.583702 -2036.855100
-7467.406886 4758.583820 -2036.855100
-7467.428647 4756.583939 -2036.855100
-7467.450408 4754.584057 -2036.855100
-7467.472170 4752.584175 -2036.855100
-7467.493931 4750.584294 -2036.855100
-7467.515692 4748.584412 -2036.855100
-7467.537453 4746.584531 -2036.855100
-7467.559214 4744.584649 -2036.855100
-7467.580975 4742.584767 -2036.855100
-7467.602736 4740.584886 -2036.855100
-7467.624498 4738.585004 -2036.855100
-7467.646259 4736.585123 -2036.855100
-7467.668020 4734.585241 -2036.855100
-7467.689781 4732.585359 -2036.855100
-7467.711542 4730.585478 -2036.855100
-7467.733303 4728.585596 -2036.855100
-7467.755064 4726.585715 -2036.855100
-7467.776825 4724.585833 -2036.855100
-7467.798587 4722.585951 -2036.855100
-7467.820348 4720.586070 -2036.855100
-7467.842109 4718.586188 -2036.855100
-7467.863870 4716.586307 -2036.855100
-7467.885631 4714.586425 -2036.855100
-7467.907392 4712.586543 -2036.855100
-7467.929153 4710.586662 -2036.855100
-7467.950915 4708.586780 -2036.855100
-7467.972676 4706.586898 -2036.855100
-7467.994437 4704.587017 -2036.855100
-7468.016198 4702.587135 -2036.855100
-7468.037959 4700.587254 -2036.855100
-7468.059720 4698.587372 -2036.855100
-7468.081481 4696.587490 -2036.855100
-7468.103243 4694.587609 -2036.855100
-7468.125004 4692.587727 -2036.855100
-7468.146765 4690.587846 -2036.855100
-7468.168526 4688.587964 -2036.855100
-7468.190287 4686.588082 -2036.855100
-7468.212048 4684.588201 -2036.855100
-7468.233809 4682.588319 -2036.855100
-7468.255571 4680.588438 -2036.855100
-7468.277332 4678.588556 -2036.855100
-7468.299093 4676.588674 -2036.855100
-7468.320854 4674.588793 -2036.855100
-7468.342615 4672.588911 -2036.855100
-7468.364376 4670.589029 -2036.855100
-7468.386137 4668.589148 -2036.855100
-7468.407899 4666.589266 -2036.855100
-7468.429660 4664.589385 -2036.855100
-7468.451421 4662.589503 -2036.855100
-7468.473182 4660.589621 -2036.855100
-7468.494943 4658.589740 -2036.855100
-7468.516704 4656.589858 -2036.855100
-7468.538465 4654.589977 -2036.855100
-7468.560226 4652.590095 -2036.855100
-7468.581988 4650.590213 -2036.855100
-7468.603749 4648.590332 -2036.855100
-7468.625510 4646.590450 -2036.855100
-7468.647271 4644.590569 -2036.855100
-7468.669032 4642.590687 -2036.855100
-7468.690793 4640.590805 -2036.855100
-7468.712554 4638.590924 -2036.855100
-7468.734316 4636.591042 -2036.855100
-7468.756077 4634.591161 -2036.855100
-7468.777838 4632.591279 -2036.855100
-7468.799599 4630.591397 -2036.855100
-7468.821360 4628.591516 -2036.855100
-7468.843121 4626.591634 -2036.855100
-7468.864882 4624.591752 -2036.855100
-7468.886644 4622.591871 -2036.855100
-7468.908405 4620.591989 -2036.855100
-7468.930166 4618.592108 -2036.855100
-7468.951927 4616.592226 -2036.855100
-7468.973688 4614.592344 -2036.855100
-7468.995449 4612.592463 -2036.855100
-7469.017210 4610.592581 -2036.855100
-7469.038972 4608.592700 -2036.855100
-7469.060733 4606.592818 -2036.855100
-7469.082494 4604.592936 -2036.855100
-7469.104255 4602.593055 -2036.855100
-7469.126016 4600.593173 -2036.855100
-7469.147777 4598.593292 -2036.855100
-7469.169538 4596.593410 -2036.855100
-7469.191300 4594.593528 -2036.855100
-7469.213061 4592.593647 -2036.855100
-7469.234822 4590.593765 -2036.855100
-7469.256583 4588.593884 -2036.855100
-7469.278344 4586.594002 -2036.855100
-7469.300105 4584.594120 -2036.855100
-7469.321866 4582.594239 -2036.855100
-7469.343627 4580.594357 -2036.855100
-7469.365389 4578.594475 -2036.855100
-7469.387150 4576.594594 -2036.855100
-7469.408911 4574.594712 -2036.855100
-7469.430672 4572.594831 -2036.855100
-7469.452433 4570.594949 -2036.855100
-7469.474194 4568.595067 -2036.855100
-7469.495955 4566.595186 -2036.855100
-7469.517717 4564.595304 -2036.855100
-7469.539478 4562.595423 -2036.855100
-7469.561239 4560.595541 -2036.855100
-7469.583000 4558.595659 -2036.855100
-7469.604761 4556.595778 -2036.855100
-7469.626522 4554.595896 -2036.855100
-7469.648283 4552.596015 -2036.855100
-7469.670045 4550.596133 -2036.855100
-7469.691806 4548.596251 -2036.855100
-7469.713567 4546.596370 -2036.855100
-7469.735328 4544.596488 -2036.855100
-7469.757089 4542.596606 -2036.855100
-7469.778850 4540.596725 -2036.855100
-7469.800611 4538.596843 -2036.855100
-7469.822373 4536.596962 -2036.855100
-7469.844134 4534.597080 -2036.855100
-7469.865895 4532.597198 -2036.855100
-7469.887656 4530.597317 -2036.855100
-7469.909417 4528.597435 -2036.855100
-7469.931178 4526.597554 -2036.855100
-7469.952939 4524.597672 -2036.855100
-7469.974700 4522.597790 -2036.855100
-7469.996462 4520.597909 -2036.855100
-7470.018223 4518.598027 -2036.855100
-7470.039984 4516.598146 -2036.855100
-7470.061745 4514.598264 -2036.855100
-7470.083506 4512.598382 -2036.855100
-7470.105267 4510.598501 -2036.855100
-7470.127028 4508.598619 -2036.855100
-7470.148790 4506.598738 -2036.855100
-7470.170551 4504.598856 -2036.855100
-7470.192312 4502.598974 -2036.855100
-7470.214073 4500.599093 -2036.855100
-7470.235834 4498.599211 -2036.855100
-7470.257595 4496.599329 -2036.855100
-7470.279356 4494.599448 -2036.855100
-7470.301118 4492.599566 -2036.855100
-7470.322879 4490.599685 -2036.855100
-7470.344640 4488.599803 -2036.855100
-7470.366401 4486.599921 -2036.855100
-7470.388162 4484.600040 -2036.855100
-7470.409923 4482.600158 -2036.855100
-7470.431684 4480.600277 -2036.855100
-7470.453446 4478.600395 -2036.855100
-7470.475207 4476.600513 -2036.855100
-7470.496968 4474.600632 -2036.855100
-7470.518729 4472.600750 -2036.855100
-7470.540490 4470.600869 -2036.855100
-7470.562251 4468.600987 -2036.855100
-7470.584012 4466.601105 -2036.855100
-7470.605774 4464.601224 -2036.855100
-7470.627535 4462.601342 -2036.855100
-7470.649296 4460.601460 -2036.855100
-7470.671057 4458.601579 -2036.855100
-7470.692818 4456.601697 -2036.855100
-7470.714579 4454.601816 -2036.855100
-7470.736340 4452.601934 -2036.855100
-7470.758101 4450.602052 -2036.855100
-7470.779863 4448.602171 -2036.855100
-7470.801624 4446.602289 -2036.855100
-7470.823385 4444.602408 -2036.855100
-7470.845146 4442.602526 -2036.855100
-7470.866907 4440.602644 -2036.855100
-7470.888668 4438.602763 -2036.855100
-7470.910429 4436.602881 -2036.855100
-7470.932191 4434.603000 -2036.855100
-7470.953952 4432.603118 -2036.855100
-7470.975713 4430.603236 -2036.855100
-7470.997474 4428.603355 -2036.855100
-7471.019235 4426.603473 -2036.855100
-7471.040996 4424.603592 -2036.855100
-7471.062757 4422.603710 -2036.855100
-7471.084519 4420.603828 -2036.855100
-7471.106280 4418.603947 -2036.855100
-7471.128041 4416.604065 -2036.855100
-7471.149802 4414.604183 -2036.855100
-7471.171563 4412.604302 -2036.855100
-7471.193324 4410.604420 -2036.855100
-7471.215085 4408.604539 -2036.855100
-7471.236847 4406.604657 -2036.855100
-7471.258608 4404.604775 -2036.855100
-7471.280369 4402.604894 -2036.855100
-7471.302130 4400.605012 -2036.855100
-7471.323891 4398.605131 -2036.855100
-7471.345652 4396.605249 -2036.855100
-7471.367413 4394.605367 -2036.855100
-7471.389175 4392.605486 -2036.855100
-7471.410936 4390.605604 -2036.855100
-7471.432697 4388.605723 -2036.855100
-7471.454458 4386.605841 -2036.855100
-7471.476219 4384.605959 -2036.855100
-7471.497980 4382.606078 -2036.855100
-7471.519741 4380.606196 -2036.855100
-7471.541502 4378.606314 -2036.855100
-7471.563264 4376.606433 -2036.855100
-7471.585025 4374.606551 -2036.855100
-7471.606786 4372.606670 -2036.855100
-7471.628547 4370.606788 -2036.855100
-7471.650308 4368.606906 -2036.855100
-7471.672069 4366.607025 -2036.855100
-7471.693830 4364.607143 -2036.855100
-7471.715592 4362.607262 -2036.855100
-7471.737353 4360.607380 -2036.855100
-7471.759114 4358.607498 -2036.855100
-7471.780875 4356.607617 -2036.855100
-7471.802636 4354.607735 -2036.855100
-7471.824397 4352.607854 -2036.855100
-7471.846158 4350.607972 -2036.855100
-7471.867920 4348.608090 -2036.855100
-7471.889681 4346.608209 -2036.855100
-7471.911442 4344.608327 -2036.855100
-7471.933203 4342.608446 -2036.855100
-7471.954964 4340.608564 -2036.855100
-7471.976725 4338.608682 -2036.855100
-7471.998486 4336.608801 -2036.855100
-7472.020248 4334.608919 -2036.855100
-7472.042009 4332.609037 -2036.855100
-7472.063770 4330.609156 -2036.855100
-7472.085531 4328.609274 -2036.855100
-7472.107292 4326.609393 -2036.855100
-7472.129053 4324.609511 -2036.855100
-7472.150814 4322.609629 -2036.855100
-7472.172575 4320.609748 -2036.855100
-7472.194337 4318.609866 -2036.855100
-7472.216098 4316.609985 -2036.855100
-7472.237859 4314.610103 -2036.855100
-7472.259620 4312.610221 -2036.855100
-7472.281381 4310.610340 -2036.855100
-7472.303142 4308.610458 -2036.855100
-7472.324903 4306.610577 -2036.855100
-7472.346665 4304.610695 -2036.855100
-7472.368426 4302.610813 -2036.855100
-7472.390187 4300.610932 -2036.855100
-7472.411948 4298.611050 -2036.855100
-7472.433709 4296.611168 -2036.855100
-7472.455470 4294.611287 -2036.855100
-7472.477231 4292.611405 -2036.855100
-7472.498993 4290.611524 -2036.855100
-7472.520754 4288.611642 -2036.855100
-7472.542515 4286.611760 -2036.855100
-7472.564276 4284.611879 -2036.855100
-7472.586037 4282.611997 -2036.855100
-7472.607798 4280.612116 -2036.855100
-7472.629559 4278.612234 -2036.855100
-7472.651321 4276.612352 -2036.855100
-7472.673082 4274.612471 -2036.855100
-7472.694843 4272.612589 -2036.855100
-7472.716604 4270.612708 -2036.855100
-7472.738365 4268.612826 -2036.855100
-7472.760126 4266.612944 -2036.855100
-7472.781887 4264.613063 -2036.855100
-7472.803649 4262.613181 -2036.855100
-7472.825410 4260.613300 -2036.855100
-7472.847171 4258.613418 -2036.855100
-7472.868932 4256.613536 -2036.855100
-7472.890693 4254.613655 -2036.855100
-7472.912454 4252.613773 -2036.855100
-7472.934215 4250.613891 -2036.855100
-7472.955976 4248.614010 -2036.855100
-7472.977738 4246.614128 -2036.855100
-7472.999499 4244.614247 -2036.855100
-7473.021260 4242.614365 -2036.855100
-7473.043021 4240.614483 -2036.855100
-7473.064782 4238.614602 -2036.855100
-7473.086543 4236.614720 -2036.855100
-7473.108304 4234.614839 -2036.855100
-7473.130066 4232.614957 -2036.855100
-7473.151827 4230.615075 -2036.855100
-7473.173588 4228.615194 -2036.855100
-7473.195349 4226.615312 -2036.855100
-7473.217110 4224.615431 -2036.855100
-7473.238871 4222.615549 -2036.855100
-7473.260632 4220.615667 -2036.855100
-7473.282394 4218.615786 -2036.855100
-7473.304155 4216.615904 -2036.855100
-7473.325916 4214.616022 -2036.855100
-7473.347677 4212.616141 -2036.855100
-7473.369438 4210.616259 -2036.855100
-7473.391199 4208.616378 -2036.855100
-7473.412960 4206.616496 -2036.855100
-7473.434722 4204.616614 -2036.855100
-7473.456483 4202.616733 -2036.855100
-7473.478244 4200.616851 -2036.855100
-7473.500005 4198.616970 -2036.855100
-7473.521766 4196.617088 -2036.855100
-7473.543527 4194.617206 -2036.855100
-7473.565288 4192.617325 -2036.855100
-7473.587050 4190.617443 -2036.855100
-7473.608811 4188.617562 -2036.855100
-7473.630572 4186.617680 -2036.855100
-7473.652333 4184.617798 -2036.855100
-7473.674094 4182.617917 -2036.855100
-7473.695855 4180.618035 -2036.855100
-7473.717616 4178.618154 -2036.855100
-7473.739377 4176.618272 -2036.855100
-7473.761139 4174.618390 -2036.855100
-7473.782900 4172.618509 -2036.855100
-7473.804661 4170.618627 -2036.855100
-7473.826422 4168.618745 -2036.855100
-7473.848183 4166.618864 -2036.855100
-7473.869944 4164.618982 -2036.855100
-7473.891705 4162.619101 -2036.855100
-7473.913467 4160.619219 -2036.855100
-7473.935228 4158.619337 -2036.855100
-7473.956989 4156.619456 -2036.855100
-7473.978750 4154.619574 -2036.855100
-7474.000511 4152.619693 -2036.855100
-7474.022272 4150.619811 -2036.855100
-7474.044033 4148.619929 -2036.855100
-7474.065795 4146.620048 -2036.855100
-7474.087556 4144.620166 -2036.855100
-7474.109317 4142.620285 -2036.855100
-7474.131078 4140.620403 -2036.855100
-7474.152839 4138.620521 -2036.855100
-7474.174600 4136.620640 -2036.855100
-7474.196361 4134.620758 -2036.855100
-7474.218123 4132.620876 -2036.855100
-7474.239884 4130.620995 -2036.855100
-7474.261645 4128.621113 -2036.855100
-7474.283406 4126.621232 -2036.855100
-7474.305167 4124.621350 -2036.855100
-7474.326928 4122.621468 -2036.855100
-7474.348689 4120.621587 -2036.855100
-7474.370450 4118.621705 -2036.855100
-7474.392212 4116.621824 -2036.855100
-7474.413973 4114.621942 -2036.855100
-7474.435734 4112.622060 -2036.855100
-7474.457495 4110.622179 -2036.855100
-7474.479256 4108.622297 -2036.855100
-7474.501017 4106.622416 -2036.855100
-7474.522778 4104.622534 -2036.855100
-7474.544540 4102.622652 -2036.855100
-7474.566301 4100.622771 -2036.855100
-7474.588062 4098.622889 -2036.855100
-7474.609823 4096.623008 -2036.855100
-7474.631584 4094.623126 -2036.855100
-7474.653345 4092.623244 -2036.855100
-7474.675106 4090.623363 -2036.855100
-7474.696868 4088.623481 -2036.855100
-7474.718629 4086.623599 -2036.855100
-7474.740390 4084.623718 -2036.855100
-7474.762151 4082.623836 -2036.855100
-7474.783912 4080.623955 -2036.855100
-7474.805673 4078.624073 -2036.855100
-7474.827434 4076.624191 -2036.855100
-7474.849196 4074.624310 -2036.855100
-7474.870957 4072.624428 -2036.855100
-7474.892718 4070.624547 -2036.855100
-7474.914479 4068.624665 -2036.855100
-7474.936240 4066.624783 -2036.855100
-7474.958001 4064.624902 -2036.855100
-7474.979762 4062.625020 -2036.855100
-7475.001524 4060.625139 -2036.855100
-7475.023285 4058.625257 -2036.855100
-7475.045046 4056.625375 -2036.855100
-7475.066807 4054.625494 -2036.855100
-7475.088568 4052.625612 -2036.855100
-7475.110329 4050.625730 -2036.855100
-7475.132090 4048.625849 -2036.855100
-7475.153851 4046.625967 -2036.855100
-7475.175613 4044.626086 -2036.855100
-7475.197374 4042.626204 -2036.855100
-7475.219135 4040.626322 -2036.855100
-7475.240896 4038.626441 -2036.855100
-7475.262657 4036.626559 -2036.855100
-7475.284418 4034.626678 -2036.855100
-7475.306179 4032.626796 -2036.855100
-7475.327941 4030.626914 -2036.855100
-7475.349702 4028.627033 -2036.855100
-7475.371463 4026.627151 -2036.855100
-7475.393224 4024.627270 -2036.855100
-7475.414985 4022.627388 -2036.855100
-7475.436746 4020.627506 -2036.855100
-7475.458507 4018.627625 -2036.855100
-7475.480269 4016.627743 -2036.855100
-7475.502030 4014.627862 -2036.855100
-7475.523791 4012.627980 -2036.855100
-7475.545552 4010.628098 -2036.855100
-7475.567313 4008.628217 -2036.855100
-7475.589074 4006.628335 -2036.855100
-7475.610835 4004.628453 -2036.855100
-7475.632597 4002.628572 -2036.855100
-7475.654358 4000.628690 -2036.855100
-7475.676119 3998.628809 -2036.855100
-7475.697880 3996.628927 -2036.855100
-7475.719641 3994.629045 -2036.855100
-7475.741402 3992.629164 -2036.855100
-7475.763163 3990.629282 -2036.855100
-7475.784925 3988.629401 -2036.855100
-7475.806686 3986.629519 -2036.855100
-7475.828447 3984.629637 -2036.855100
-7475.850208 3982.629756 -2036.855100
-7475.871969 3980.629874 -2036.855100
-7475.893730 3978.629993 -2036.855100
-7475.915491 3976.630111 -2036.855100
-7475.937252 3974.630229 -2036.855100
-7475.959014 3972.630348 -2036.855100
-7475.980775 3970.630466 -2036.855100
-7476.002536 3968.630584 -2036.855100
-7476.024297 3966.630703 -2036.855100
-7476.046058 3964.630821 -2036.855100
-7476.067819 3962.630940 -2036.855100
-7476.089580 3960.631058 -2036.855100
-7476.111342 3958.631176 -2036.855100
-7476.133103 3956.631295 -2036.855100
-7476.154864 3954.631413 -2036.855100
-7476.176625 3952.631532 -2036.855100
-7476.198386 3950.631650 -2036.855100
-7476.220147 3948.631768 -2036.855100
-7476.241908 3946.631887 -2036.855100
-7476.263670 3944.632005 -2036.855100
-7476.285431 3942.632124 -2036.855100
-7476.307192 3940.632242 -2036.855100
-7476.328953 3938.632360 -2036.855100
-7476.350714 3936.632479 -2036.855100
-7476.372475 3934.632597 -2036.855100
-7476.394236 3932.632716 -2036.855100
-7476.415998 3930.632834 -2036.855100
-7476.437759 3928.632952 -2036.855100
-7476.459520 3926.633071 -2036.855100
-7476.481281 3924.633189 -2036.855100
-7476.503042 3922.633307 -2036.855100
-7476.524803 3920.633426 -2036.855100
-7476.546564 3918.633544 -2036.855100
-7476.568325 3916.633663 -2036.855100
-7476.590087 3914.633781 -2036.855100
-7476.611848 3912.633899 -2036.855100
-7476.633609 3910.634018 -2036.855100
-7476.655370 3908.634136 -2036.855100
-7476.677131 3906.634255 -2036.855100
-7476.698892 3904.634373 -2036.855100
-7476.720653 3902.634491 -2036.855100
-7476.742415 3900.634610 -2036.855100
-7476.764176 3898.634728 -2036.855100
-7476.785937 3896.634847 -2036.855100
-7476.807698 3894.634965 -2036.855100
-7476.829459 3892.635083 -2036.855100
-7476.851220 3890.635202 -2036.855100
-7476.872981 3888.635320 -2036.855100
-7476.894743 3886.635438 -2036.855100
-7476.916504 3884.635557 -2036.855100
-7476.938265 3882.635675 -2036.855100
-7476.960026 3880.635794 -2036.855100
-7476.981787 3878.635912 -2036.855100
-7477.003548 3876.636030 -2036.855100
-7477.025309 3874.636149 -2036.855100
-7477.047071 3872.636267 -2036.855100
-7477.068832 3870.636386 -2036.855100
-7477.090593 3868.636504 -2036.855100
-7477.112354 3866.636622 -2036.855100
-7477.134115 3864.636741 -2036.855100
-7477.155876 3862.636859 -2036.855100
-7477.177637 3860.636978 -2036.855100
-7477.199399 3858.637096 -2036.855100
-7477.221160 3856.637214 -2036.855100
-7477.242921 3854.637333 -2036.855100
-7477.264682 3852.637451 -2036.855100
-7477.286443 3850.637570 -2036.855100
-7477.308204 3848.637688 -2036.855100
-7477.329965 3846.637806 -2036.855100
-7477.351726 3844.637925 -2036.855100
-7477.373488 3842.638043 -2036.855100
-7477.395249 3840.638161 -2036.855100
-7477.417010 3838.638280 -2036.855100
-7477.438771 3836.638398 -2036.855100
-7477.460532 3834.638517 -2036.855100
-7477.482293 3832.638635 -2036.855100
-7477.504054 3830.638753 -2036.855100
-7477.525816 3828.638872 -2036.855100
-7477.547577 3826.638990 -2036.855100
-7477.569338 3824.639109 -2036.855100
-7477.591099 3822.639227 -2036.855100
-7477.612860 3820.639345 -2036.855100
-7477.634621 3818.639464 -2036.855100
-7477.656382 3816.639582 -2036.855100
-7477.678144 3814.639701 -2036.855100
-7477.699905 3812.639819 -2036.855100
-7477.721666 3810.639937 -2036.855100
-7477.743427 3808.640056 -2036.855100
-7477.765188 3806.640174 -2036.855100
-7477.786949 3804.640292 -2036.855100
-7477.808710 3802.640411 -2036.855100
-7477.830472 3800.640529 -2036.855100
-7477.852233 3798.640648 -2036.855100
-7477.873994 3796.640766 -2036.855100
-7477.895755 3794.640884 -2036.855100
-7477.917516 3792.641003 -2036.855100
-7477.939277 3790.641121 -2036.855100
-7477.961038 3788.641240 -2036.855100
-7477.982800 3786.641358 -2036.855100
-7478.004561 3784.641476 -2036.855100
-7478.026322 3782.641595 -2036.855100
-7478.048083 3780.641713 -2036.855100
-7478.069844 3778.641832 -2036.855100
-7478.091605 3776.641950 -2036.855100
-7478.113366 3774.642068 -2036.855100
-7478.135127 3772.642187 -2036.855100
-7478.156889 3770.642305 -2036.855100
-7478.178650 3768.642424 -2036.855100
-7478.200411 3766.642542 -2036.855100
-7478.222172 3764.642660 -2036.855100
-7478.243933 3762.642779 -2036.855100
-7478.265694 3760.642897 -2036.855100
-7478.287455 3758.643015 -2036.855100
-7478.309217 3756.643134 -2036.855100
-7478.330978 3754.643252 -2036.855100
-7478.352739 3752.643371 -2036.855100
-7478.374500 3750.643489 -2036.855100
-7478.396261 3748.643607 -2036.855100
-7478.418022 3746.643726 -2036.855100
-7478.439783 3744.643844 -2036.855100
-7478.461545 3742.643963 -2036.855100
-7478.483306 3740.644081 -2036.855100
-7478.505067 3738.644199 -2036.855100
-7478.526828 3736.644318 -2036.855100
-7478.548589 3734.644436 -2036.855100
-7478.570350 3732.644555 -2036.855100
-7478.592111 3730.644673 -2036.855100
-7478.613873 3728.644791 -2036.855100
-7478.635634 3726.644910 -2036.855100
-7478.657395 3724.645028 -2036.855100
-7478.679156 3722.645146 -2036.855100
-7478.700917 3720.645265 -2036.855100
-7478.722678 3718.645383 -2036.855100
-7478.744439 3716.645502 -2036.855100
-7478.766200 3714.645620 -2036.855100
-7478.787962 3712.645738 -2036.855100
-7478.809723 3710.645857 -2036.855100
-7478.831484 3708.645975 -2036.855100
-7478.853245 3706.646094 -2036.855100
-7478.875006 3704.646212 -2036.855100
-7478.896767 3702.646330 -2036.855100
-7478.918528 3700.646449 -2036.855100
-7478.940290 3698.646567 -2036.855100
-7478.962051 3696.646686 -2036.855100
-7478.983812 3694.646804 -2036.855100
-7479.005573 3692.646922 -2036.855100
-7479.027334 3690.647041 -2036.855100
-7479.049095 3688.647159 -2036.855100
-7479.070856 3686.647278 -2036.855100
-7479.092618 3684.647396 -2036.855100
-7479.114379 3682.647514 -2036.855100
-7479.136140 3680.647633 -2036.855100
-7479.157901 3678.647751 -2036.855100
-7479.179662 3676.647869 -2036.855100
-7479.201423 3674.647988 -2036.855100
-7479.223184 3672.648106 -2036.855100
-7479.244946 3670.648225 -2036.855100
-7479.266707 3668.648343 -2036.855100
-7479.288468 3666.648461 -2036.855100
-7479.310229 3664.648580 -2036.855100
-7479.331990 3662.648698 -2036.855100
-7479.353751 3660.648817 -2036.855100
-7479.375512 3658.648935 -2036.855100
-7479.397274 3656.649053 -2036.855100
-7479.419035 3654.649172 -2036.855100
-7479.440796 3652.649290 -2036.855100
-7479.462557 3650.649409 -2036.855100
-7479.484318 3648.649527 -2036.855100
-7479.506079 3646.649645 -2036.855100
-7479.527840 3644.649764 -2036.855100
-7479.549601 3642.649882 -2036.855100
-7479.571363 3640.650001 -2036.855100
-7479.593124 3638.650119 -2036.855100
-7479.614885 3636.650237 -2036.855100
-7479.636646 3634.650356 -2036.855100
-7479.658407 3632.650474 -2036.855100
-7479.680168 3630.650592 -2036.855100
-7479.701929 3628.650711 -2036.855100
-7479.723691 3626.650829 -2036.855100
-7479.745452 3624.650948 -2036.855100
-7479.767213 3622.651066 -2036.855100
-7479.788974 3620.651184 -2036.855100
-7479.810735 3618.651303 -2036.855100
-7479.832496 3616.651421 -2036.855100
-7479.854257 3614.651540 -2036.855100
-7479.876019 3612.651658 -2036.855100
-7479.897780 3610.651776 -2036.855100
-7479.919541 3608.651895 -2036.855100
-7479.941302 3606.652013 -2036.855100
-7479.963063 3604.652132 -2036.855100
-7479.984824 3602.652250 -2036.855100
-7480.006585 3600.652368 -2036.855100
-7480.028347 3598.652487 -2036.855100
-7480.050108 3596.652605 -2036.855100
-7480.071869 3594.652723 -2036.855100
-7480.093630 3592.652842 -2036.855100
-7480.115391 3590.652960 -2036.855100
-7480.137152 3588.653079 -2036.855100
-7480.158913 3586.653197 -2036.855100
-7480.180675 3584.653315 -2036.855100
-7480.202436 3582.653434 -2036.855100
-7480.224197 3580.653552 -2036.855100
-7480.245958 3578.653671 -2036.855100
-7480.267719 3576.653789 -2036.855100
-7480.289480 3574.653907 -2036.855100
-7480.311241 3572.654026 -2036.855100
-7480.333002 3570.654144 -2036.855100
-7480.354764 3568.654263 -2036.855100
-7480.376525 3566.654381 -2036.855100
-7480.398286 3564.654499 -2036.855100
-7480.420047 3562.654618 -2036.855100
-7480.441808 3560.654736 -2036.855100
-7480.463569 3558.654855 -2036.855100
-7480.485330 3556.654973 -2036.855100
-7480.507092 3554.655091 -2036.855100
-7480.528853 3552.655210 -2036.855100
-7480.550614 3550.655328 -2036.855100
-7480.572375 3548.655446 -2036.855100
-7480.594136 3546.655565 -2036.855100
-7480.615897 3544.655683 -2036.855100
-7480.637658 3542.655802 -2036.855100
-7480.659420 3540.655920 -2036.855100
-7480.681181 3538.656038 -2036.855100
-7480.702942 3536.656157 -2036.855100
-7480.724703 3534.656275 -2036.855100
-7480.746464 3532.656394 -2036.855100
-7480.768225 3530.656512 -2036.855100
-7480.789986 3528.656630 -2036.855100
-7480.811748 3526.656749 -2036.855100
-7480.833509 3524.656867 -2036.855100
-7480.855270 3522.656986 -2036.855100
-7480.877031 3520.657104 -2036.855100
-7480.898792 3518.657222 -2036.855100
-7480.920553 3516.657341 -2036.855100
-7480.942314 3514.657459 -2036.855100
-7480.964075 3512.657577 -2036.855100
-7480.985837 3510.657696 -2036.855100
-7481.007598 3508.657814 -2036.855100
-7481.029359 3506.657933 -2036.855100
-7481.051120 3504.658051 -2036.855100
-7481.072881 3502.658169 -2036.855100
-7481.094642 3500.658288 -2036.855100
-7481.116403 3498.658406 -2036.855100
-7481.138165 3496.658525 -2036.855100
-7481.159926 3494.658643 -2036.855100
-7481.181687 3492.658761 -2036.855100
-7481.203448 3490.658880 -2036.855100
-7481.225209 3488.658998 -2036.855100
-7481.246970 3486.659117 -2036.855100
-7481.268731 3484.659235 -2036.855100
-7481.290493 3482.659353 -2036.855100
-7481.312254 3480.659472 -2036.855100
-7481.334015 3478.659590 -2036.855100
-7481.355776 3476.659709 -2036.855100
-7481.377537 3474.659827 -2036.855100
-7481.399298 3472.659945 -2036.855100
-7481.421059 3470.660064 -2036.855100
-7481.442821 3468.660182 -2036.855100
-7481.464582 3466.660300 -2036.855100
-7481.486343 3464.660419 -2036.855100
-7481.508104 3462.660537 -2036.855100
-7481.529865 3460.660656 -2036.855100
-7481.551626 3458.660774 -2036.855100
-7481.573387 3456.660892 -2036.855100
-7481.595149 3454.661011 -2036.855100
-7481.616910 3452.661129 -2036.855100
-7481.638671 3450.661248 -2036.855100
-7481.660432 3448.661366 -2036.855100
-7481.682193 3446.661484 -2036.855100
-7481.703954 3444.661603 -2036.855100
-7481.725715 3442.661721 -2036.855100
-7481.747476 3440.661840 -2036.855100
-7481.769238 3438.661958 -2036.855100
-7481.790999 3436.662076 -2036.855100
-7481.812760 3434.662195 -2036.855100
-7481.834521 3432.662313 -2036.855100
-7481.856282 3430.662431 -2036.855100
-7481.878043 3428.662550 -2036.855100
-7481.899804 3426.662668 -2036.855100
-7481.921566 3424.662787 -2036.855100
-7481.943327 3422.662905 -2036.855100
-7481.965088 3420.663023 -2036.855100
-7481.986849 3418.663142 -2036.855100
-7482.008610 3416.663260 -2036.855100
-7482.030371 3414.663379 -2036.855100
-7482.052132 3412.663497 -2036.855100
-7482.073894 3410.663615 -2036.855100
-7482.095655 3408.663734 -2036.855100
-7482.117416 3406.663852 -2036.855100
-7482.139177 3404.663971 -2036.855100
-7482.160938 3402.664089 -2036.855100
-7482.182699 3400.664207 -2036.855100
-7482.204460 3398.664326 -2036.855100
-7482.226222 3396.664444 -2036.855100
-7482.247983 3394.664563 -2036.855100
-7482.269744 3392.664681 -2036.855100
-7482.291505 3390.664799 -2036.855100
-7482.313266 3388.664918 -2036.855100
-7482.335027 3386.665036 -2036.855100
-7482.356788 3384.665154 -2036.855100
-7482.378550 3382.665273 -2036.855100
-7482.400311 3380.665391 -2036.855100
-7482.422072 3378.665510 -2036.855100
-7482.443833 3376.665628 -2036.855100
-7482.465594 3374.665746 -2036.855100
-7482.487355 3372.665865 -2036.855100
-7482.509116 3370.665983 -2036.855100
-7482.530877 3368.666102 -2036.855100
-7482.552639 3366.666220 -2036.855100
-7482.574400 3364.666338 -2036.855100
-7482.596161 3362.666457 -2036.855100
-7482.617922 3360.666575 -2036.855100
-7482.639683 3358.666694 -2036.855100
-7482.661444 3356.666812 -2036.855100
-7482.683205 3354.666930 -2036.855100
-7482.704967 3352.667049 -2036.855100
-7482.726728 3350.667167 -2036.855100
-7482.748489 3348.667285 -2036.855100
-7482.770250 3346.667404 -2036.855100
-7482.792011 3344.667522 -2036.855100
-7482.813772 3342.667641 -2036.855100
-7482.835533 3340.667759 -2036.855100
-7482.857295 3338.667877 -2036.855100
-7482.879056 3336.667996 -2036.855100
-7482.900817 3334.668114 -2036.855100
-7482.922578 3332.668233 -2036.855100
-7482.944339 3330.668351 -2036.855100
-7482.966100 3328.668469 -2036.855100
-7482.987861 3326.668588 -2036.855100
-7483.009623 3324.668706 -2036.855100
-7483.031384 3322.668825 -2036.855100
-7483.053145 3320.668943 -2036.855100
-7483.074906 3318.669061 -2036.855100
-7483.096667 3316.669180 -2036.855100
-7483.118428 3314.669298 -2036.855100
-7483.140189 3312.669417 -2036.855100
-7483.161950 3310.669535 -2036.855100
-7483.183712 3308.669653 -2036.855100
-7483.205473 3306.669772 -2036.855100
-7483.227234 3304.669890 -2036.855100
-7483.248995 3302.670008 -2036.855100
-7483.270756 3300.670127 -2036.855100
-7483.292517 3298.670245 -2036.855100
-7483.314278 3296.670364 -2036.855100
-7483.336040 3294.670482 -2036.855100
-7483.357801 3292.670600 -2036.855100
-7483.379562 3290.670719 -2036.855100
-7483.401323 3288.670837 -2036.855100
-7483.423084 3286.670956 -2036.855100
-7483.444845 3284.671074 -2036.855100
-7483.466606 3282.671192 -2036.855100
-7483.488368 3280.671311 -2036.855100
-7483.510129 3278.671429 -2036.855100
-7483.531890 3276.671548 -2036.855100
-7483.553651 3274.671666 -2036.855100
-7483.575412 3272.671784 -2036.855100
-7483.597173 3270.671903 -2036.855100
-7483.618934 3268.672021 -2036.855100
-7483.640696 3266.672139 -2036.855100
-7483.662457 3264.672258 -2036.855100
-7483.684218 3262.672376 -2036.855100
-7483.705979 3260.672495 -2036.855100
-7483.727740 3258.672613 -2036.855100
-7483.749501 3256.672731 -2036.855100
-7483.771262 3254.672850 -2036.855100
-7483.793024 3252.672968 -2036.855100
-7483.814785 3250.673087 -2036.855100
-7483.836546 3248.673205 -2036.855100
-7483.858307 3246.673323 -2036.855100
-7483.880068 3244.673442 -2036.855100
-7483.901829 3242.673560 -2036.855100
-7483.923590 3240.673679 -2036.855100
-7483.945351 3238.673797 -2036.855100
-7483.967113 3236.673915 -2036.855100
-7483.988874 3234.674034 -2036.855100
-7484.010635 3232.674152 -2036.855100
-7484.032396 3230.674271 -2036.855100
-7484.054157 3228.674389 -2036.855100
-7484.075918 3226.674507 -2036.855100
-7484.097679 3224.674626 -2036.855100
-7484.119441 3222.674744 -2036.855100
-7484.141202 3220.674862 -2036.855100
-7484.162963 3218.674981 -2036.855100
-7484.184724 3216.675099 -2036.855100
-7484.206485 3214.675218 -2036.855100
-7484.228246 3212.675336 -2036.855100
-7484.250007 3210.675454 -2036.855100
-7484.271769 3208.675573 -2036.855100
-7484.293530 3206.675691 -2036.855100
-7484.315291 3204.675810 -2036.855100
-7484.337052 3202.675928 -2036.855100
-7484.358813 3200.676046 -2036.855100
-7484.380574 3198.676165 -2036.855100
-7484.402335 3196.676283 -2036.855100
-7484.424097 3194.676402 -2036.855100
-7484.445858 3192.676520 -2036.855100
-7484.467619 3190.676638 -2036.855100
-7484.489380 3188.676757 -2036.855100
-7484.511141 3186.676875 -2036.855100
-7484.532902 3184.676993 -2036.855100
-7484.554663 3182.677112 -2036.855100
-7484.576425 3180.677230 -2036.855100
-7484.598186 3178.677349 -2036.855100
-7484.619947 3176.677467 -2036.855100
-7484.641708 3174.677585 -2036.855100
-7484.663469 3172.677704 -2036.855100
-7484.685230 3170.677822 -2036.855100
-7484.706991 3168.677941 -2036.855100
-7484.728752 3166.678059 -2036.855100
-7484.750514 3164.678177 -2036.855100
-7484.772275 3162.678296 -2036.855100
-7484.794036 3160.678414 -2036.855100
-7484.815797 3158.678533 -2036.855100
-7484.837558 3156.678651 -2036.855100
-7484.859319 3154.678769 -2036.855100
-7484.881080 3152.678888 -2036.855100
-7484.902842 3150.679006 -2036.855100
-7484.924603 3148.679125 -2036.855100
-7484.946364 3146.679243 -2036.855100
-7484.968125 3144.679361 -2036.855100
-7484.989886 3142.679480 -2036.855100
-7485.011647 3140.679598 -2036.855100
-7485.033408 3138.679716 -2036.855100
-7485.055170 3136.679835 -2036.855100
-7485.076931 3134.679953 -2036.855100
-7485.098692 3132.680072 -2036.855100
-7485.120453 3130.680190 -2036.855100
-7485.142214 3128.680308 -2036.855100
-7485.163975 3126.680427 -2036.855100
-7485.185736 3124.680545 -2036.855100
-7485.207498 3122.680664 -2036.855100
-7485.229259 3120.680782 -2036.855100
-7485.251020 3118.680900 -2036.855100
-7485.272781 3116.681019 -2036.855100
-7485.294542 3114.681137 -2036.855100
-7485.316303 3112.681256 -2036.855100
-7485.338064 3110.681374 -2036.855100
-7485.359825 3108.681492 -2036.855100
-7485.381587 3106.681611 -2036.855100
-7485.403348 3104.681729 -2036.855100
-7485.425109 3102.681847 -2036.855100
-7485.446870 3100.681966 -2036.855100
-7485.468631 3098.682084 -2036.855100
-7485.490392 3096.682203 -2036.855100
-7485.512153 3094.682321 -2036.855100
-7485.533915 3092.682439 -2036.855100
-7485.555676 3090.682558 -2036.855100
-7485.577437 3088.682676 -2036.855100
-7485.599198 3086.682795 -2036.855100
-7485.620959 3084.682913 -2036.855100
-7485.642720 3082.683031 -2036.855100
-7485.664481 3080.683150 -2036.855100
-7485.686243 3078.683268 -2036.855100
-7485.708004 3076.683387 -2036.855100
-7485.729765 3074.683505 -2036.855100
-7485.751526 3072.683623 -2036.855100
-7485.773287 3070.683742 -2036.855100
-7485.795048 3068.683860 -2036.855100
-7485.816809 3066.683979 -2036.855100
-7485.838571 3064.684097 -2036.855100
-7485.860332 3062.684215 -2036.855100
-7485.882093 3060.684334 -2036.855100
-7485.903854 3058.684452 -2036.855100
-7485.925615 3056.684570 -2036.855100
-7485.947376 3054.684689 -2036.855100
-7485.969137 3052.684807 -2036.855100
-7485.990899 3050.684926 -2036.855100
-7486.012660 3048.685044 -2036.855100
-7486.034421 3046.685162 -2036.855100
-7486.056182 3044.685281 -2036.855100
-7486.077943 3042.685399 -2036.855100
-7486.099704 3040.685518 -2036.855100
-7486.121465 3038.685636 -2036.855100
-7486.143226 3036.685754 -2036.855100
-7486.164988 3034.685873 -2036.855100
-7486.186749 3032.685991 -2036.855100
-7486.208510 3030.686110 -2036.855100
-7486.230271 3028.686228 -2036.855100
-7486.252032 3026.686346 -2036.855100
-7486.273793 3024.686465 -2036.855100
-7486.295554 3022.686583 -2036.855100
-7486.317316 3020.686701 -2036.855100
-7486.339077 3018.686820 -2036.855100
-7486.360838 3016.686938 -2036.855100
-7486.382599 3014.687057 -2036.855100
-7486.404360 3012.687175 -2036.855100
-7486.426121 3010.687293 -2036.855100
-7486.447882 3008.687412 -2036.855100
-7486.469644 3006.687530 -2036.855100
-7486.491405 3004.687649 -2036.855100
-7486.513166 3002.687767 -2036.855100
-7486.534927 3000.687885 -2036.855100
-7486.556688 2998.688004 -2036.855100
-7486.578449 2996.688122 -2036.855100
-7486.600210 2994.688241 -2036.855100
-7486.621972 2992.688359 -2036.855100
-7486.643733 2990.688477 -2036.855100
-7486.665494 2988.688596 -2036.855100
-7486.687255 2986.688714 -2036.855100
-7486.709016 2984.688833 -2036.855100
-7486.730777 2982.688951 -2036.855100
-7486.752538 2980.689069 -2036.855100
-7486.774299 2978.689188 -2036.855100
-7486.796061 2976.689306 -2036.855100
-7486.817822 2974.689424 -2036.855100
-7486.839583 2972.689543 -2036.855100
-7486.861344 2970.689661 -2036.855100
-7486.883105 2968.689780 -2036.855100
-7486.904866 2966.689898 -2036.855100
-7486.926627 2964.690016 -2036.855100
-7486.948389 2962.690135 -2036.855100
-7486.970150 2960.690253 -2036.855100
-7486.991911 2958.690372 -2036.855100
-7487.013672 2956.690490 -2036.855100
-7487.035433 2954.690608 -2036.855100
-7487.057194 2952.690727 -2036.855100
-7487.078955 2950.690845 -2036.855100
-7487.100717 2948.690964 -2036.855100
-7487.122478 2946.691082 -2036.855100
-7487.144239 2944.691200 -2036.855100
-7487.166000 2942.691319 -2036.855100
-7487.187761 2940.691437 -2036.855100
-7487.209522 2938.691555 -2036.855100
-7487.231283 2936.691674 -2036.855100
-7487.253045 2934.691792 -2036.855100
-7487.274806 2932.691911 -2036.855100
-7487.296567 2930.692029 -2036.855100
-7487.318328 2928.692147 -2036.855100
-7487.340089 2926.692266 -2036.855100
-7487.361850 2924.692384 -2036.855100
-7487.383611 2922.692503 -2036.855100
-7487.405373 2920.692621 -2036.855100
-7487.427134 2918.692739 -2036.855100
-7487.448895 2916.692858 -2036.855100
-7487.470656 2914.692976 -2036.855100
-7487.492417 2912.693095 -2036.855100
-7487.514178 2910.693213 -2036.855100
-7487.535939 2908.693331 -2036.855100
-7487.557700 2906.693450 -2036.855100
-7487.579462 2904.693568 -2036.855100
-7487.601223 2902.693687 -2036.855100
-7487.622984 2900.693805 -2036.855100
-7487.644745 2898.693923 -2036.855100
-7487.666506 2896.694042 -2036.855100
-7487.688267 2894.694160 -2036.855100
-7487.710028 2892.694278 -2036.855100
-7487.731790 2890.694397 -2036.855100
-7487.753551 2888.694515 -2036.855100
-7487.775312 2886.694634 -2036.855100
-7487.797073 2884.694752 -2036.855100
-7487.818834 2882.694870 -2036.855100
-7487.840595 2880.694989 -2036.855100
-7487.862356 2878.695107 -2036.855100
-7487.884118 2876.695226 -2036.855100
-7487.905879 2874.695344 -2036.855100
-7487.927640 2872.695462 -2036.855100
-7487.949401 2870.695581 -2036.855100
-7487.971162 2868.695699 -2036.855100
-7487.992923 2866.695818 -2036.855100
-7488.014684 2864.695936 -2036.855100
-7488.036446 2862.696054 -2036.855100
-7488.058207 2860.696173 -2036.855100
-7488.079968 2858.696291 -2036.855100
-7488.101729 2856.696409 -2036.855100
-7488.123490 2854.696528 -2036.855100
-7488.145251 2852.696646 -2036.855100
-7488.167012 2850.696765 -2036.855100
-7488.188774 2848.696883 -2036.855100
-7488.210535 2846.697001 -2036.855100
-7488.232296 2844.697120 -2036.855100
-7488.254057 2842.697238 -2036.855100
-7488.275818 2840.697357 -2036.855100
-7488.297579 2838.697475 -2036.855100
-7488.319340 2836.697593 -2036.855100
-7488.341101 2834.697712 -2036.855100
-7488.362863 2832.697830 -2036.855100
-7488.384624 2830.697949 -2036.855100
-7488.406385 2828.698067 -2036.855100
-7488.428146 2826.698185 -2036.855100
-7488.449907 2824.698304 -2036.855100
-7488.471668 2822.698422 -2036.855100
-7488.493429 2820.698541 -2036.855100
-7488.515191 2818.698659 -2036.855100
-7488.536952 2816.698777 -2036.855100
-7488.558713 2814.698896 -2036.855100
-7488.580474 2812.699014 -2036.855100
-7488.602235 2810.699132 -2036.855100
-7488.623996 2808.699251 -2036.855100
-7488.645757 2806.699369 -2036.855100
-7488.667519 2804.699488 -2036.855100
-7488.689280 2802.699606 -2036.855100
-7488.711041 2800.699724 -2036.855100
-7488.732802 2798.699843 -2036.855100
-7488.754563 2796.699961 -2036.855100
-7488.776324 2794.700080 -2036.855100
-7488.798085 2792.700198 -2036.855100
-7488.819847 2790.700316 -2036.855100
-7488.841608 2788.700435 -2036.855100
-7488.863369 2786.700553 -2036.855100
-7488.885130 2784.700672 -2036.855100
-7488.906891 2782.700790 -2036.855100
-7488.928652 2780.700908 -2036.855100
-7488.950413 2778.701027 -2036.855100
-7488.972174 2776.701145 -2036.855100
-7488.993936 2774.701263 -2036.855100
-7489.015697 2772.701382 -2036.855100
-7489.037458 2770.701500 -2036.855100
-7489.059219 2768.701619 -2036.855100
-7489.080980 2766.701737 -2036.855100
-7489.102741 2764.701855 -2036.855100
-7489.124502 2762.701974 -2036.855100
-7489.146264 2760.702092 -2036.855100
-7489.168025 2758.702211 -2036.855100
-7489.189786 2756.702329 -2036.855100
-7489.211547 2754.702447 -2036.855100
-7489.233308 2752.702566 -2036.855100
-7489.255069 2750.702684 -2036.855100
-7489.276830 2748.702803 -2036.855100
-7489.298592 2746.702921 -2036.855100
-7489.320353 2744.703039 -2036.855100
-7489.342114 2742.703158 -2036.855100
-7489.363875 2740.703276 -2036.855100
-7489.385636 2738.703395 -2036.855100
-7489.407397 2736.703513 -2036.855100
-7489.429158 2734.703631 -2036.855100
-7489.450920 2732.703750 -2036.855100
-7489.472681 2730.703868 -2036.855100
-7489.494442 2728.703986 -2036.855100
-7489.516203 2726.704105 -2036.855100
-7489.537964 2724.704223 -2036.855100
-7489.559725 2722.704342 -2036.855100
-7489.581486 2720.704460 -2036.855100
-7489.603248 2718.704578 -2036.855100
-7489.625009 2716.704697 -2036.855100
-7489.646770 2714.704815 -2036.855100
-7489.668531 2712.704934 -2036.855100
-7489.690292 2710.705052 -2036.855100
-7489.712053 2708.705170 -2036.855100
-7489.733814 2706.705289 -2036.855100
-7489.755575 2704.705407 -2036.855100
-7489.777337 2702.705526 -2036.855100
-7489.799098 2700.705644 -2036.855100
-7489.820859 2698.705762 -2036.855100
-7489.842620 2696.705881 -2036.855100
-7489.864381 2694.705999 -2036.855100
-7489.886142 2692.706117 -2036.855100
-7489.907903 2690.706236 -2036.855100
-7489.929665 2688.706354 -2036.855100
-7489.951426 2686.706473 -2036.855100
-7489.973187 2684.706591 -2036.855100
-7489.994948 2682.706709 -2036.855100
-7490.016709 2680.706828 -2036.855100
-7490.038470 2678.706946 -2036.855100
-7490.060231 2676.707065 -2036.855100
-7490.081993 2674.707183 -2036.855100
-7490.103754 2672.707301 -2036.855100
-7490.125515 2670.707420 -2036.855100
-7490.147276 2668.707538 -2036.855100
-7490.169037 2666.707657 -2036.855100
-7490.190798 2664.707775 -2036.855100
-7490.212559 2662.707893 -2036.855100
-7490.234321 2660.708012 -2036.855100
-7490.256082 2658.708130 -2036.855100
-7490.277843 2656.708249 -2036.855100
-7490.299604 2654.708367 -2036.855100
-7490.321365 2652.708485 -2036.855100
-7490.343126 2650.708604 -2036.855100
-7490.364887 2648.708722 -2036.855100
-7490.386649 2646.708840 -2036.855100
-7490.408410 2644.708959 -2036.855100
-7490.430171 2642.709077 -2036.855100
-7490.451932 2640.709196 -2036.855100
-7490.473693 2638.709314 -2036.855100
-7490.495454 2636.709432 -2036.855100
-7490.517215 2634.709551 -2036.855100
-7490.538976 2632.709669 -2036.855100
-7490.560738 2630.709788 -2036.855100
-7490.582499 2628.709906 -2036.855100
-7490.604260 2626.710024 -2036.855100
-7490.626021 2624.710143 -2036.855100
-7490.647782 2622.710261 -2036.855100
-7490.669543 2620.710380 -2036.855100
-7490.691304 2618.710498 -2036.855100
-7490.713066 2616.710616 -2036.855100
-7490.734827 2614.710735 -2036.855100
-7490.756588 2612.710853 -2036.855100
-7490.778349 2610.710972 -2036.855100
-7490.800110 2608.711090 -2036.855100
-7490.821871 2606.711208 -2036.855100
-7490.843632 2604.711327 -2036.855100
-7490.865394 2602.711445 -2036.855100
-7490.887155 2600.711563 -2036.855100
-7490.908916 2598.711682 -2036.855100
-7490.930677 2596.711800 -2036.855100
-7490.952438 2594.711919 -2036.855100
-7490.974199 2592.712037 -2036.855100
-7490.995960 2590.712155 -2036.855100
-7491.017722 2588.712274 -2036.855100
-7491.039483 2586.712392 -2036.855100
-7491.061244 2584.712511 -2036.855100
-7491.083005 2582.712629 -2036.855100
-7491.104766 2580.712747 -2036.855100
-7491.126527 2578.712866 -2036.855100
-7491.148288 2576.712984 -2036.855100
-7491.170049 2574.713103 -2036.855100
-7491.191811 2572.713221 -2036.855100
-7491.213572 2570.713339 -2036.855100
-7491.235333 2568.713458 -2036.855100
-7491.257094 2566.713576 -2036.855100
-7491.278855 2564.713694 -2036.855100
-7491.300616 2562.713813 -2036.855100
-7491.322377 2560.713931 -2036.855100
-7491.344139 2558.714050 -2036.855100
-7491.365900 2556.714168 -2036.855100
-7491.387661 2554.714286 -2036.855100
-7491.409422 2552.714405 -2036.855100
-7491.431183 2550.714523 -2036.855100
-7491.452944 2548.714642 -2036.855100
-7491.474705 2546.714760 -2036.855100
-7491.496467 2544.714878 -2036.855100
-7491.518228 2542.714997 -2036.855100
-7491.539989 2540.715115 -2036.855100
-7491.561750 2538.715234 -2036.855100
-7491.583511 2536.715352 -2036.855100
-7491.605272 2534.715470 -2036.855100
-7491.627033 2532.715589 -2036.855100
-7491.648795 2530.715707 -2036.855100
-7491.670556 2528.715826 -2036.855100
-7491.692317 2526.715944 -2036.855100
-7491.714078 2524.716062 -2036.855100
-7491.735839 2522.716181 -2036.855100
-7491.757600 2520.716299 -2036.855100
-7491.779361 2518.716417 -2036.855100
-7491.801123 2516.716536 -2036.855100
-7491.822884 2514.716654 -2036.855100
-7491.844645 2512.716773 -2036.855100
-7491.866406 2510.716891 -2036.855100
-7491.888167 2508.717009 -2036.855100
-7491.909928 2506.717128 -2036.855100
-7491.931689 2504.717246 -2036.855100
-7491.953450 2502.717365 -2036.855100
-7491.975212 2500.717483 -2036.855100
-7491.996973 2498.717601 -2036.855100
-7492.018734 2496.717720 -2036.855100
-7492.040495 2494.717838 -2036.855100
-7492.062256 2492.717957 -2036.855100
-7492.084017 2490.718075 -2036.855100
-7492.105778 2488.718193 -2036.855100
-7492.127540 2486.718312 -2036.855100
-7492.149301 2484.718430 -2036.855100
-7492.171062 2482.718548 -2036.855100
-7492.192823 2480.718667 -2036.855100
-7492.214584 2478.718785 -2036.855100
-7492.236345 2476.718904 -2036.855100
-7492.258106 2474.719022 -2036.855100
-7492.279868 2472.719140 -2036.855100
-7492.301629 2470.719259 -2036.855100
-7492.323390 2468.719377 -2036.855100
-7492.345151 2466.719496 -2036.855100
-7492.366912 2464.719614 -2036.855100
-7492.388673 2462.719732 -2036.855100
-7492.410434 2460.719851 -2036.855100
-7492.432196 2458.719969 -2036.855100
-7492.453957 2456.720088 -2036.855100
-7492.475718 2454.720206 -2036.855100
-7492.497479 2452.720324 -2036.855100
-7492.519240 2450.720443 -2036.855100
-7492.541001 2448.720561 -2036.855100
-7492.562762 2446.720680 -2036.855100
-7492.584524 2444.720798 -2036.855100
-7492.606285 2442.720916 -2036.855100
-7492.628046 2440.721035 -2036.855100
-7492.649807 2438.721153 -2036.855100
-7492.671568 2436.721271 -2036.855100
-7492.693329 2434.721390 -2036.855100
-7492.715090 2432.721508 -2036.855100
-7492.736851 2430.721627 -2036.855100
-7492.758613 2428.721745 -2036.855100
-7492.780374 2426.721863 -2036.855100
-7492.802135 2424.721982 -2036.855100
-7492.823896 2422.722100 -2036.855100
-7492.845657 2420.722219 -2036.855100
-7492.867418 2418.722337 -2036.855100
-7492.889179 2416.722455 -2036.855100
-7492.910941 2414.722574 -2036.855100
-7492.932702 2412.722692 -2036.855100
-7492.954463 2410.722811 -2036.855100
-7492.976224 2408.722929 -2036.855100
-7492.997985 2406.723047 -2036.855100
-7493.019746 2404.723166 -2036.855100
-7493.041507 2402.723284 -2036.855100
-7493.063269 2400.723402 -2036.855100
-7493.085030 2398.723521 -2036.855100
-7493.106791 2396.723639 -2036.855100
-7493.128552 2394.723758 -2036.855100
-7493.150313 2392.723876 -2036.855100
-7493.172074 2390.723994 -2036.855100
-7493.193835 2388.724113 -2036.855100
-7493.215597 2386.724231 -2036.855100
-7493.237358 2384.724350 -2036.855100
-7493.259119 2382.724468 -2036.855100
-7493.280880 2380.724586 -2036.855100
-7493.302641 2378.724705 -2036.855100
-7493.324402 2376.724823 -2036.855100
-7493.346163 2374.724942 -2036.855100
-7493.367924 2372.725060 -2036.855100
-7493.389686 2370.725178 -2036.855100
-7493.411447 2368.725297 -2036.855100
-7493.433208 2366.725415 -2036.855100
-7493.454969 2364.725534 -2036.855100
-7493.476730 2362.725652 -2036.855100
-7493.498491 2360.725770 -2036.855100
-7493.520252 2358.725889 -2036.855100
-7493.542014 2356.726007 -2036.855100
-7493.563775 2354.726125 -2036.855100
-7493.585536 2352.726244 -2036.855100
-7493.607297 2350.726362 -2036.855100
-7493.629058 2348.726481 -2036.855100
-7493.650819 2346.726599 -2036.855100
-7493.672580 2344.726717 -2036.855100
-7493.694342 2342.726836 -2036.855100
-7493.716103 2340.726954 -2036.855100
-7493.737864 2338.727073 -2036.855100
-7493.759625 2336.727191 -2036.855100
-7493.781386 2334.727309 -2036.855100
-7493.803147 2332.727428 -2036.855100
-7493.824908 2330.727546 -2036.855100
-7493.846670 2328.727665 -2036.855100
-7493.868431 2326.727783 -2036.855100
-7493.890192 2324.727901 -2036.855100
-7493.911953 2322.728020 -2036.855100
-7493.933714 2320.728138 -2036.855100
-7493.955475 2318.728256 -2036.855100
-7493.977236 2316.728375 -2036.855100
-7493.998998 2314.728493 -2036.855100
-7494.020759 2312.728612 -2036.855100
-7494.042520 2310.728730 -2036.855100
-7494.064281 2308.728848 -2036.855100
-7494.086042 2306.728967 -2036.855100
-7494.107803 2304.729085 -2036.855100
-7494.129564 2302.729204 -2036.855100
-7494.151325 2300.729322 -2036.855100
-7494.173087 2298.729440 -2036.855100
-7494.194848 2296.729559 -2036.855100
-7494.216609 2294.729677 -2036.855100
-7494.238370 2292.729796 -2036.855100
-7494.260131 2290.729914 -2036.855100
-7494.281892 2288.730032 -2036.855100
-7494.303653 2286.730151 -2036.855100
-7494.325415 2284.730269 -2036.855100
-7494.347176 2282.730388 -2036.855100
-7494.368937 2280.730506 -2036.855100
-7494.390698 2278.730624 -2036.855100
-7494.412459 2276.730743 -2036.855100
-7494.434220 2274.730861 -2036.855100
-7494.455981 2272.730979 -2036.855100
-7494.477743 2270.731098 -2036.855100
-7494.499504 2268.731216 -2036.855100
-7494.521265 2266.731335 -2036.855100
-7494.543026 2264.731453 -2036.855100
-7494.564787 2262.731571 -2036.855100
-7494.586548 2260.731690 -2036.855100
-7494.608309 2258.731808 -2036.855100
-7494.630071 2256.731927 -2036.855100
-7494.651832 2254.732045 -2036.855100
-7494.673593 2252.732163 -2036.855100
-7494.695354 2250.732282 -2036.855100
-7494.717115 2248.732400 -2036.855100
-7494.738876 2246.732519 -2036.855100
-7494.760637 2244.732637 -2036.855100
-7494.782399 2242.732755 -2036.855100
-7494.804160 2240.732874 -2036.855100
-7494.825921 2238.732992 -2036.855100
-7494.847682 2236.733110 -2036.855100
-7494.869443 2234.733229 -2036.855100
-7494.891204 2232.733347 -2036.855100
-7494.912965 2230.733466 -2036.855100
-7494.934726 2228.733584 -2036.855100
-7494.956488 2226.733702 -2036.855100
-7494.978249 2224.733821 -2036.855100
-7495.000010 2222.733939 -2036.855100
-7495.021771 2220.734058 -2036.855100
-7495.043532 2218.734176 -2036.855100
-7495.065293 2216.734294 -2036.855100
-7495.087054 2214.734413 -2036.855100
-7495.108816 2212.734531 -2036.855100
-7495.130577 2210.734650 -2036.855100
-7495.152338 2208.734768 -2036.855100
-7495.174099 2206.734886 -2036.855100
-7495.195860 2204.735005 -2036.855100
-7495.217621 2202.735123 -2036.855100
-7495.239382 2200.735242 -2036.855100
-7495.261144 2198.735360 -2036.855100
-7495.282905 2196.735478 -2036.855100
-7495.304666 2194.735597 -2036.855100
-7495.326427 2192.735715 -2036.855100
-7495.348188 2190.735833 -2036.855100
-7495.369949 2188.735952 -2036.855100
-7495.391710 2186.736070 -2036.855100
-7495.413472 2184.736189 -2036.855100
-7495.435233 2182.736307 -2036.855100
-7495.456994 2180.736425 -2036.855100
-7495.478755 2178.736544 -2036.855100
-7495.500516 2176.736662 -2036.855100
-7495.522277 2174.736781 -2036.855100
-7495.544038 2172.736899 -2036.855100
-7495.565799 2170.737017 -2036.855100
-7495.587561 2168.737136 -2036.855100
-7495.609322 2166.737254 -2036.855100
-7495.631083 2164.737373 -2036.855100
-7495.652844 2162.737491 -2036.855100
-7495.674605 2160.737609 -2036.855100
-7495.696366 2158.737728 -2036.855100
-7495.718127 2156.737846 -2036.855100
-7495.739889 2154.737964 -2036.855100
-7495.761650 2152.738083 -2036.855100
-7495.783411 2150.738201 -2036.855100
-7495.805172 2148.738320 -2036.855100
-7495.826933 2146.738438 -2036.855100
-7495.848694 2144.738556 -2036.855100
-7495.870455 2142.738675 -2036.855100
-7495.892217 2140.738793 -2036.855100
-7495.913978 2138.738912 -2036.855100
-7495.935739 2136.739030 -2036.855100
-7495.957500 2134.739148 -2036.855100
-7495.979261 2132.739267 -2036.855100
-7496.001022 2130.739385 -2036.855100
-7496.022783 2128.739504 -2036.855100
-7496.044545 2126.739622 -2036.855100
-7496.066306 2124.739740 -2036.855100
-7496.088067 2122.739859 -2036.855100
-7496.109828 2120.739977 -2036.855100
-7496.131589 2118.740096 -2036.855100
-7496.153350 2116.740214 -2036.855100
-7496.175111 2114.740332 -2036.855100
-7496.196873 2112.740451 -2036.855100
-7496.218634 2110.740569 -2036.855100
-7496.240395 2108.740687 -2036.855100
-7496.262156 2106.740806 -2036.855100
-7496.283917 2104.740924 -2036.855100
-7496.305678 2102.741043 -2036.855100
-7496.327439 2100.741161 -2036.855100
-7496.349200 2098.741279 -2036.855100
-7496.370962 2096.741398 -2036.855100
-7496.392723 2094.741516 -2036.855100
-7496.414484 2092.741635 -2036.855100
-7496.436245 2090.741753 -2036.855100
-7496.458006 2088.741871 -2036.855100
-7496.479767 2086.741990 -2036.855100
-7496.501528 2084.742108 -2036.855100
-7496.523290 2082.742227 -2036.855100
-7496.545051 2080.742345 -2036.855100
-7496.566812 2078.742463 -2036.855100
-7496.588573 2076.742582 -2036.855100
-7496.610334 2074.742700 -2036.855100
-7496.632095 2072.742818 -2036.855100
-7496.653856 2070.742937 -2036.855100
-7496.675618 2068.743055 -2036.855100
-7496.697379 2066.743174 -2036.855100
-7496.719140 2064.743292 -2036.855100
-7496.740901 2062.743410 -2036.855100
-7496.762662 2060.743529 -2036.855100
-7496.784423 2058.743647 -2036.855100
-7496.806184 2056.743766 -2036.855100
-7496.827946 2054.743884 -2036.855100
-7496.849707 2052.744002 -2036.855100
-7496.871468 2050.744121 -2036.855100
-7496.893229 2048.744239 -2036.855100
-7496.914990 2046.744358 -2036.855100
-7496.936751 2044.744476 -2036.855100
-7496.958512 2042.744594 -2036.855100
-7496.980274 2040.744713 -2036.855100
-7497.002035 2038.744831 -2036.855100
-7497.023796 2036.744950 -2036.855100
-7497.045557 2034.745068 -2036.855100
-7497.067318 2032.745186 -2036.855100
-7497.089079 2030.745305 -2036.855100
-7497.110840 2028.745423 -2036.855100
-7497.132601 2026.745541 -2036.855100
-7497.154363 2024.745660 -2036.855100
-7497.176124 2022.745778 -2036.855100
-7497.197885 2020.745897 -2036.855100
-7497.219646 2018.746015 -2036.855100
-7497.241407 2016.746133 -2036.855100
-7497.263168 2014.746252 -2036.855100
-7497.284929 2012.746370 -2036.855100
-7497.306691 2010.746489 -2036.855100
-7497.328452 2008.746607 -2036.855100
-7497.350213 2006.746725 -2036.855100
-7497.371974 2004.746844 -2036.855100
-7497.393735 2002.746962 -2036.855100
-7497.415496 2000.747081 -2036.855100
-7497.437257 1998.747199 -2036.855100
-7497.459019 1996.747317 -2036.855100
-7497.480780 1994.747436 -2036.855100
-7497.502541 1992.747554 -2036.855100
-7497.524302 1990.747672 -2036.855100
-7497.546063 1988.747791 -2036.855100
-7497.567824 1986.747909 -2036.855100
-7497.589585 1984.748028 -2036.855100
-7497.611347 1982.748146 -2036.855100
-7497.633108 1980.748264 -2036.855100
-7497.654869 1978.748383 -2036.855100
-7497.676630 1976.748501 -2036.855100
-7497.698391 1974.748620 -2036.855100
-7497.720152 1972.748738 -2036.855100
-7497.741913 1970.748856 -2036.855100
-7497.763674 1968.748975 -2036.855100
-7497.785436 1966.749093 -2036.855100
-7497.807197 1964.749212 -2036.855100
-7497.828958 1962.749330 -2036.855100
-7497.850719 1960.749448 -2036.855100
-7497.872480 1958.749567 -2036.855100
-7497.894241 1956.749685 -2036.855100
-7497.916002 1954.749804 -2036.855100
-7497.937764 1952.749922 -2036.855100
-7497.959525 1950.750040 -2036.855100
-7497.981286 1948.750159 -2036.855100
-7498.003047 1946.750277 -2036.855100
-7498.024808 1944.750395 -2036.855100
-7498.046569 1942.750514 -2036.855100
-7498.068330 1940.750632 -2036.855100
-7498.090092 1938.750751 -2036.855100
-7498.111853 1936.750869 -2036.855100
-7498.133614 1934.750987 -2036.855100
-7498.155375 1932.751106 -2036.855100
-7498.177136 1930.751224 -2036.855100
-7498.198897 1928.751343 -2036.855100
-7498.220658 1926.751461 -2036.855100
-7498.242420 1924.751579 -2036.855100
-7498.264181 1922.751698 -2036.855100
-7498.285942 1920.751816 -2036.855100
-7498.307703 1918.751935 -2036.855100
-7498.329464 1916.752053 -2036.855100
-7498.351225 1914.752171 -2036.855100
-7498.372986 1912.752290 -2036.855100
-7498.394748 1910.752408 -2036.855100
-7498.416509 1908.752526 -2036.855100
-7498.438270 1906.752645 -2036.855100
-7498.460031 1904.752763 -2036.855100
-7498.481792 1902.752882 -2036.855100
-7498.503553 1900.753000 -2036.855100
-7498.525314 1898.753118 -2036.855100
-7498.547075 1896.753237 -2036.855100
-7498.568837 1894.753355 -2036.855100
-7498.590598 1892.753474 -2036.855100
-7498.612359 1890.753592 -2036.855100
-7498.634120 1888.753710 -2036.855100
-7498.655881 1886.753829 -2036.855100
-7498.677642 1884.753947 -2036.855100
-7498.699403 1882.754066 -2036.855100
-7498.721165 1880.754184 -2036.855100
-7498.742926 1878.754302 -2036.855100
-7498.764687 1876.754421 -2036.855100
-7498.786448 1874.754539 -2036.855100
-7498.808209 1872.754658 -2036.855100
-7498.829970 1870.754776 -2036.855100
-7498.851731 1868.754894 -2036.855100
-7498.873493 1866.755013 -2036.855100
-7498.895254 1864.755131 -2036.855100
-7498.917015 1862.755249 -2036.855100
-7498.938776 1860.755368 -2036.855100
-7498.960537 1858.755486 -2036.855100
-7498.982298 1856.755605 -2036.855100
-7499.004059 1854.755723 -2036.855100
-7499.025821 1852.755841 -2036.855100
-7499.047582 1850.755960 -2036.855100
-7499.069343 1848.756078 -2036.855100
-7499.091104 1846.756197 -2036.855100
-7499.112865 1844.756315 -2036.855100
-7499.134626 1842.756433 -2036.855100
-7499.156387 1840.756552 -2036.855100
-7499.178149 1838.756670 -2036.855100
-7499.199910 1836.756789 -2036.855100
-7499.221671 1834.756907 -2036.855100
-7499.243432 1832.757025 -2036.855100
-7499.265193 1830.757144 -2036.855100
-7499.286954 1828.757262 -2036.855100
-7499.308715 1826.757380 -2036.855100
-7499.330476 1824.757499 -2036.855100
-7499.352238 1822.757617 -2036.855100
-7499.373999 1820.757736 -2036.855100
-7499.395760 1818.757854 -2036.855100
-7499.417521 1816.757972 -2036.855100
-7499.439282 1814.758091 -2036.855100
-7499.461043 1812.758209 -2036.855100
-7499.482804 1810.758328 -2036.855100
-7499.504566 1808.758446 -2036.855100
-7499.526327 1806.758564 -2036.855100
-7499.548088 1804.758683 -2036.855100
-7499.569849 1802.758801 -2036.855100
-7499.591610 1800.758920 -2036.855100
-7499.613371 1798.759038 -2036.855100
-7499.635132 1796.759156 -2036.855100
-7499.656894 1794.759275 -2036.855100
-7499.678655 1792.759393 -2036.855100
-7499.700416 1790.759512 -2036.855100
-7499.722177 1788.759630 -2036.855100
-7499.743938 1786.759748 -2036.855100
-7499.765699 1784.759867 -2036.855100
-7499.787460 1782.759985 -2036.855100
-7499.809222 1780.760103 -2036.855100
-7499.830983 1778.760222 -2036.855100
-7499.852744 1776.760340 -2036.855100
-7499.874505 1774.760459 -2036.855100
-7499.896266 1772.760577 -2036.855100
-7499.918027 1770.760695 -2036.855100
-7499.939788 1768.760814 -2036.855100
-7499.961549 1766.760932 -2036.855100
-7499.983311 1764.761051 -2036.855100
-7500.005072 1762.761169 -2036.855100
-7500.026833 1760.761287 -2036.855100
-7500.048594 1758.761406 -2036.855100
-7500.070355 1756.761524 -2036.855100
-7500.092116 1754.761643 -2036.855100
-7500.113877 1752.761761 -2036.855100
-7500.135639 1750.761879 -2036.855100
-7500.157400 1748.761998 -2036.855100
-7500.179161 1746.762116 -2036.855100
-7500.200922 1744.762234 -2036.855100
-7500.222683 1742.762353 -2036.855100
-7500.244444 1740.762471 -2036.855100
-7500.266205 1738.762590 -2036.855100
-7500.287967 1736.762708 -2036.855100
-7500.309728 1734.762826 -2036.855100
-7500.331489 1732.762945 -2036.855100
-7500.353250 1730.763063 -2036.855100
-7500.375011 1728.763182 -2036.855100
-7500.396772 1726.763300 -2036.855100
-7500.418533 1724.763418 -2036.855100
-7500.440295 1722.763537 -2036.855100
-7500.462056 1720.763655 -2036.855100
-7500.483817 1718.763774 -2036.855100
-7500.505578 1716.763892 -2036.855100
-7500.527339 1714.764010 -2036.855100
-7500.549100 1712.764129 -2036.855100
-7500.570861 1710.764247 -2036.855100
-7500.592623 1708.764366 -2036.855100
-7500.614384 1706.764484 -2036.855100
-7500.636145 1704.764602 -2036.855100
-7500.657906 1702.764721 -2036.855100
-7500.679667 1700.764839 -2036.855100
-7500.701428 1698.764957 -2036.855100
-7500.723189 1696.765076 -2036.855100
-7500.744950 1694.765194 -2036.855100
-7500.766712 1692.765313 -2036.855100
-7500.788473 1690.765431 -2036.855100
-7500.810234 1688.765549 -2036.855100
-7500.831995 1686.765668 -2036.855100
-7500.853756 1684.765786 -2036.855100
-7500.875517 1682.765905 -2036.855100
-7500.897278 1680.766023 -2036.855100
-7500.919040 1678.766141 -2036.855100
-7500.940801 1676.766260 -2036.855100
-7500.962562 1674.766378 -2036.855100
-7500.984323 1672.766497 -2036.855100
-7501.006084 1670.766615 -2036.855100
-7501.027845 1668.766733 -2036.855100
-7501.049606 1666.766852 -2036.855100
-7501.071368 1664.766970 -2036.855100
-7501.093129 1662.767088 -2036.855100
-7501.114890 1660.767207 -2036.855100
-7501.136651 1658.767325 -2036.855100
-7501.158412 1656.767444 -2036.855100
-7501.180173 1654.767562 -2036.855100
-7501.201934 1652.767680 -2036.855100
-7501.223696 1650.767799 -2036.855100
-7501.245457 1648.767917 -2036.855100
-7501.267218 1646.768036 -2036.855100
-7501.288979 1644.768154 -2036.855100
-7501.310740 1642.768272 -2036.855100
-7501.332501 1640.768391 -2036.855100
-7501.354262 1638.768509 -2036.855100
-7501.376024 1636.768628 -2036.855100
-7501.397785 1634.768746 -2036.855100
-7501.419546 1632.768864 -2036.855100
-7501.441307 1630.768983 -2036.855100
-7501.463068 1628.769101 -2036.855100
-7501.484829 1626.769220 -2036.855100
-7501.506590 1624.769338 -2036.855100
-7501.528351 1622.769456 -2036.855100
-7501.550113 1620.769575 -2036.855100
-7501.571874 1618.769693 -2036.855100
-7501.593635 1616.769811 -2036.855100
-7501.615396 1614.769930 -2036.855100
-7501.637157 1612.770048 -2036.855100
-7501.658918 1610.770167 -2036.855100
-7501.680679 1608.770285 -2036.855100
-7501.702441 1606.770403 -2036.855100
-7501.724202 1604.770522 -2036.855100
-7501.745963 1602.770640 -2036.855100
-7501.767724 1600.770759 -2036.855100
-7501.789485 1598.770877 -2036.855100
-7501.811246 1596.770995 -2036.855100
-7501.833007 1594.771114 -2036.855100
-7501.854769 1592.771232 -2036.855100
-7501.876530 1590.771351 -2036.855100
-7501.898291 1588.771469 -2036.855100
-7501.920052 1586.771587 -2036.855100
-7501.941813 1584.771706 -2036.855100
-7501.963574 1582.771824 -2036.855100
-7501.985335 1580.771943 -2036.855100
-7502.007097 1578.772061 -2036.855100
-7502.028858 1576.772179 -2036.855100
-7502.050619 1574.772298 -2036.855100
-7502.072380 1572.772416 -2036.855100
-7502.094141 1570.772534 -2036.855100
-7502.115902 1568.772653 -2036.855100
-7502.137663 1566.772771 -2036.855100
-7502.159424 1564.772890 -2036.855100
-7502.181186 1562.773008 -2036.855100
-7502.202947 1560.773126 -2036.855100
-7502.224708 1558.773245 -2036.855100
-7502.246469 1556.773363 -2036.855100
-7502.268230 1554.773482 -2036.855100
-7502.289991 1552.773600 -2036.855100
-7502.311752 1550.773718 -2036.855100
-7502.333514 1548.773837 -2036.855100
-7502.355275 1546.773955 -2036.855100
-7502.377036 1544.774074 -2036.855100
-7502.398797 1542.774192 -2036.855100
-7502.420558 1540.774310 -2036.855100
-7502.442319 1538.774429 -2036.855100
-7502.464080 1536.774547 -2036.855100
-7502.485842 1534.774665 -2036.855100
-7502.507603 1532.774784 -2036.855100
-7502.529364 1530.774902 -2036.855100
-7502.551125 1528.775021 -2036.855100
-7502.572886 1526.775139 -2036.855100
-7502.594647 1524.775257 -2036.855100
-7502.616408 1522.775376 -2036.855100
-7502.638170 1520.775494 -2036.855100
-7502.659931 1518.775613 -2036.855100
-7502.681692 1516.775731 -2036.855100
-7502.703453 1514.775849 -2036.855100
-7502.725214 1512.775968 -2036.855100
-7502.746975 1510.776086 -2036.855100
-7502.768736 1508.776205 -2036.855100
-7502.790498 1506.776323 -2036.855100
-7502.812259 1504.776441 -2036.855100
-7502.834020 1502.776560 -2036.855100
-7502.855781 1500.776678 -2036.855100
-7502.877542 1498.776797 -2036.855100
-7502.899303 1496.776915 -2036.855100
-7502.921064 1494.777033 -2036.855100
-7502.942825 1492.777152 -2036.855100
-7502.964587 1490.777270 -2036.855100
-7502.986348 1488.777388 -2036.855100
-7503.008109 1486.777507 -2036.855100
-7503.029870 1484.777625 -2036.855100
-7503.051631 1482.777744 -2036.855100
-7503.073392 1480.777862 -2036.855100
-7503.095153 1478.777980 -2036.855100
-7503.116915 1476.778099 -2036.855100
-7503.138676 1474.778217 -2036.855100
-7503.160437 1472.778336 -2036.855100
-7503.182198 1470.778454 -2036.855100
-7503.203959 1468.778572 -2036.855100
-7503.225720 1466.778691 -2036.855100
-7503.247481 1464.778809 -2036.855100
-7503.269243 1462.778928 -2036.855100
-7503.291004 1460.779046 -2036.855100
-7503.312765 1458.779164 -2036.855100
-7503.334526 1456.779283 -2036.855100
-7503.356287 1454.779401 -2036.855100
-7503.378048 1452.779519 -2036.855100
-7503.399809 1450.779638 -2036.855100
-7503.421571 1448.779756 -2036.855100
-7503.443332 1446.779875 -2036.855100
-7503.465093 1444.779993 -2036.855100
-7503.486854 1442.780111 -2036.855100
-7503.508615 1440.780230 -2036.855100
-7503.530376 1438.780348 -2036.855100
-7503.552137 1436.780467 -2036.855100
-7503.573899 1434.780585 -2036.855100
-7503.595660 1432.780703 -2036.855100
-7503.617421 1430.780822 -2036.855100
-7503.639182 1428.780940 -2036.855100
-7503.660943 1426.781059 -2036.855100
-7503.682704 1424.781177 -2036.855100
-7503.704465 1422.781295 -2036.855100
-7503.726226 1420.781414 -2036.855100
-7503.747988 1418.781532 -2036.855100
-7503.769749 1416.781651 -2036.855100
-7503.791510 1414.781769 -2036.855100
-7503.813271 1412.781887 -2036.855100
-7503.835032 1410.782006 -2036.855100
-7503.856793 1408.782124 -2036.855100
-7503.878554 1406.782242 -2036.855100
-7503.900316 1404.782361 -2036.855100
-7503.922077 1402.782479 -2036.855100
-7503.943838 1400.782598 -2036.855100
-7503.965599 1398.782716 -2036.855100
-7503.987360 1396.782834 -2036.855100
-7504.009121 1394.782953 -2036.855100
-7504.030882 1392.783071 -2036.855100
-7504.052644 1390.783190 -2036.855100
-7504.074405 1388.783308 -2036.855100
-7504.096166 1386.783426 -2036.855100
-7504.117927 1384.783545 -2036.855100
-7504.139688 1382.783663 -2036.855100
-7504.161449 1380.783782 -2036.855100
-7504.183210 1378.783900 -2036.855100
-7504.204972 1376.784018 -2036.855100
-7504.226733 1374.784137 -2036.855100
-7504.248494 1372.784255 -2036.855100
-7504.270255 1370.784373 -2036.855100
-7504.292016 1368.784492 -2036.855100
-7504.313777 1366.784610 -2036.855100
-7504.335538 1364.784729 -2036.855100
-7504.357299 1362.784847 -2036.855100
-7504.379061 1360.784965 -2036.855100
-7504.400822 1358.785084 -2036.855100
-7504.422583 1356.785202 -2036.855100
-7504.444344 1354.785321 -2036.855100
-7504.466105 1352.785439 -2036.855100
-7504.487866 1350.785557 -2036.855100
-7504.509627 1348.785676 -2036.855100
-7504.531389 1346.785794 -2036.855100
-7504.553150 1344.785913 -2036.855100
-7504.574911 1342.786031 -2036.855100
-7504.596672 1340.786149 -2036.855100
-7504.618433 1338.786268 -2036.855100
-7504.640194 1336.786386 -2036.855100
-7504.661955 1334.786505 -2036.855100
-7504.683717 1332.786623 -2036.855100
-7504.705478 1330.786741 -2036.855100
-7504.727239 1328.786860 -2036.855100
-7504.749000 1326.786978 -2036.855100
-7504.770761 1324.787096 -2036.855100
-7504.792522 1322.787215 -2036.855100
-7504.814283 1320.787333 -2036.855100
-7504.836045 1318.787452 -2036.855100
-7504.857806 1316.787570 -2036.855100
-7504.879567 1314.787688 -2036.855100
-7504.901328 1312.787807 -2036.855100
-7504.923089 1310.787925 -2036.855100
-7504.944850 1308.788044 -2036.855100
-7504.966611 1306.788162 -2036.855100
-7504.988373 1304.788280 -2036.855100
-7505.010134 1302.788399 -2036.855100
-7505.031895 1300.788517 -2036.855100
-7505.053656 1298.788636 -2036.855100
-7505.075417 1296.788754 -2036.855100
-7505.097178 1294.788872 -2036.855100
-7505.118939 1292.788991 -2036.855100
-7505.140700 1290.789109 -2036.855100
-7505.162462 1288.789227 -2036.855100
-7505.184223 1286.789346 -2036.855100
-7505.205984 1284.789464 -2036.855100
-7505.227745 1282.789583 -2036.855100
-7505.249506 1280.789701 -2036.855100
-7505.271267 1278.789819 -2036.855100
-7505.293028 1276.789938 -2036.855100
-7505.314790 1274.790056 -2036.855100
-7505.336551 1272.790175 -2036.855100
-7505.358312 1270.790293 -2036.855100
-7505.380073 1268.790411 -2036.855100
-7505.401834 1266.790530 -2036.855100
-7505.423595 1264.790648 -2036.855100
-7505.445356 1262.790767 -2036.855100
-7505.467118 1260.790885 -2036.855100
-7505.488879 1258.791003 -2036.855100
-7505.510640 1256.791122 -2036.855100
-7505.532401 1254.791240 -2036.855100
-7505.554162 1252.791359 -2036.855100
-7505.575923 1250.791477 -2036.855100
-7505.597684 1248.791595 -2036.855100
-7505.619446 1246.791714 -2036.855100
-7505.641207 1244.791832 -2036.855100
-7505.662968 1242.791950 -2036.855100
-7505.684729 1240.792069 -2036.855100
-7505.706490 1238.792187 -2036.855100
-7505.728251 1236.792306 -2036.855100
-7505.750012 1234.792424 -2036.855100
-7505.771774 1232.792542 -2036.855100
-7505.793535 1230.792661 -2036.855100
-7505.815296 1228.792779 -2036.855100
-7505.837057 1226.792898 -2036.855100
-7505.858818 1224.793016 -2036.855100
-7505.880579 1222.793134 -2036.855100
-7505.902340 1220.793253 -2036.855100
-7505.924101 1218.793371 -2036.855100
-7505.945863 1216.793490 -2036.855100
-7505.967624 1214.793608 -2036.855100
-7505.989385 1212.793726 -2036.855100
-7506.011146 1210.793845 -2036.855100
-7506.032907 1208.793963 -2036.855100
-7506.054668 1206.794081 -2036.855100
-7506.076429 1204.794200 -2036.855100
-7506.098191 1202.794318 -2036.855100
-7506.119952 1200.794437 -2036.855100
-7506.141713 1198.794555 -2036.855100
-7506.163474 1196.794673 -2036.855100
-7506.185235 1194.794792 -2036.855100
-7506.206996 1192.794910 -2036.855100
-7506.228757 1190.795029 -2036.855100
-7506.250519 1188.795147 -2036.855100
-7506.272280 1186.795265 -2036.855100
-7506.294041 1184.795384 -2036.855100
-7506.315802 1182.795502 -2036.855100
-7506.337563 1180.795621 -2036.855100
-7506.359324 1178.795739 -2036.855100
-7506.381085 1176.795857 -2036.855100
-7506.402847 1174.795976 -2036.855100
-7506.424608 1172.796094 -2036.855100
-7506.446369 1170.796213 -2036.855100
-7506.468130 1168.796331 -2036.855100
-7506.489891 1166.796449 -2036.855100
-7506.511652 1164.796568 -2036.855100
-7506.533413 1162.796686 -2036.855100
-7506.555174 1160.796804 -2036.855100
-7506.576936 1158.796923 -2036.855100
-7506.598697 1156.797041 -2036.855100
-7506.620458 1154.797160 -2036.855100
-7506.642219 1152.797278 -2036.855100
-7506.663980 1150.797396 -2036.855100
-7506.685741 1148.797515 -2036.855100
-7506.707502 1146.797633 -2036.855100
-7506.729264 1144.797752 -2036.855100
-7506.751025 1142.797870 -2036.855100
-7506.772786 1140.797988 -2036.855100
-7506.794547 1138.798107 -2036.855100
-7506.816308 1136.798225 -2036.855100
-7506.838069 1134.798344 -2036.855100
-7506.859830 1132.798462 -2036.855100
-7506.881592 1130.798580 -2036.855100
-7506.903353 1128.798699 -2036.855100
-7506.925114 1126.798817 -2036.855100
-7506.946875 1124.798935 -2036.855100
-7506.968636 1122.799054 -2036.855100
-7506.990397 1120.799172 -2036.855100
-7507.012158 1118.799291 -2036.855100
-7507.033920 1116.799409 -2036.855100
-7507.055681 1114.799527 -2036.855100
-7507.077442 1112.799646 -2036.855100
-7507.099203 1110.799764 -2036.855100
-7507.120964 1108.799883 -2036.855100
-7507.142725 1106.800001 -2036.855100
-7507.164486 1104.800119 -2036.855100
-7507.186248 1102.800238 -2036.855100
-7507.208009 1100.800356 -2036.855100
-7507.229770 1098.800475 -2036.855100
-7507.251531 1096.800593 -2036.855100
-7507.273292 1094.800711 -2036.855100
-7507.295053 1092.800830 -2036.855100
-7507.316814 1090.800948 -2036.855100
-7507.338575 1088.801067 -2036.855100
-7507.360337 1086.801185 -2036.855100
-7507.382098 1084.801303 -2036.855100
-7507.403859 1082.801422 -2036.855100
-7507.425620 1080.801540 -2036.855100
-7507.447381 1078.801658 -2036.855100
-7507.469142 1076.801777 -2036.855100
-7507.490903 1074.801895 -2036.855100
-7507.512665 1072.802014 -2036.855100
-7507.534426 1070.802132 -2036.855100
-7507.556187 1068.802250 -2036.855100
-7507.577948 1066.802369 -2036.855100
-7507.599709 1064.802487 -2036.855100
-7507.621470 1062.802606 -2036.855100
-7507.643231 1060.802724 -2036.855100
-7507.664993 1058.802842 -2036.855100
-7507.686754 1056.802961 -2036.855100
-7507.708515 1054.803079 -2036.855100
-7507.730276 1052.803198 -2036.855100
-7507.752037 1050.803316 -2036.855100
-7507.773798 1048.803434 -2036.855100
-7507.795559 1046.803553 -2036.855100
-7507.817321 1044.803671 -2036.855100
-7507.839082 1042.803789 -2036.855100
-7507.860843 1040.803908 -2036.855100
-7507.882604 1038.804026 -2036.855100
-7507.904365 1036.804145 -2036.855100
-7507.926126 1034.804263 -2036.855100
-7507.947887 1032.804381 -2036.855100
-7507.969649 1030.804500 -2036.855100
-7507.991410 1028.804618 -2036.855100
-7508.013171 1026.804737 -2036.855100
-7508.034932 1024.804855 -2036.855100
-7508.056693 1022.804973 -2036.855100
-7508.078454 1020.805092 -2036.855100
-7508.100215 1018.805210 -2036.855100
-7508.121976 1016.805329 -2036.855100
-7508.143738 1014.805447 -2036.855100
-7508.165499 1012.805565 -2036.855100
-7508.187260 1010.805684 -2036.855100
-7508.209021 1008.805802 -2036.855100
-7508.230782 1006.805921 -2036.855100
-7508.252543 1004.806039 -2036.855100
-7508.274304 1002.806157 -2036.855100
-7508.296066 1000.806276 -2036.855100
-7508.317827 998.806394 -2036.855100
-7508.339588 996.806512 -2036.855100
-7508.361349 994.806631 -2036.855100
-7508.383110 992.806749 -2036.855100
-7508.404871 990.806868 -2036.855100
-7508.426632 988.806986 -2036.855100
-7508.448394 986.807104 -2036.855100
-7508.470155 984.807223 -2036.855100
-7508.491916 982.807341 -2036.855100
-7508.513677 980.807460 -2036.855100
-7508.535438 978.807578 -2036.855100
-7508.557199 976.807696 -2036.855100
-7508.578960 974.807815 -2036.855100
-7508.600722 972.807933 -2036.855100
-7508.622483 970.808052 -2036.855100
-7508.644244 968.808170 -2036.855100
-7508.666005 966.808288 -2036.855100
-7508.687766 964.808407 -2036.855100
-7508.709527 962.808525 -2036.855100
-7508.731288 960.808643 -2036.855100
-7508.753049 958.808762 -2036.855100
-7508.774811 956.808880 -2036.855100
-7508.796572 954.808999 -2036.855100
-7508.818333 952.809117 -2036.855100
-7508.840094 950.809235 -2036.855100
-7508.861855 948.809354 -2036.855100
-7508.883616 946.809472 -2036.855100
-7508.905377 944.809591 -2036.855100
-7508.927139 942.809709 -2036.855100
-7508.948900 940.809827 -2036.855100
-7508.970661 938.809946 -2036.855100
-7508.992422 936.810064 -2036.855100
-7509.014183 934.810183 -2036.855100
-7509.035944 932.810301 -2036.855100
-7509.057705 930.810419 -2036.855100
-7509.079467 928.810538 -2036.855100
-7509.101228 926.810656 -2036.855100
-7509.122989 924.810775 -2036.855100
-7509.144750 922.810893 -2036.855100
-7509.166511 920.811011 -2036.855100
-7509.188272 918.811130 -2036.855100
-7509.210033 916.811248 -2036.855100
-7509.231795 914.811366 -2036.855100
-7509.253556 912.811485 -2036.855100
-7509.275317 910.811603 -2036.855100
-7509.297078 908.811722 -2036.855100
-7509.318839 906.811840 -2036.855100
-7509.340600 904.811958 -2036.855100
-7509.362361 902.812077 -2036.855100
-7509.384123 900.812195 -2036.855100
-7509.405884 898.812314 -2036.855100
-7509.427645 896.812432 -2036.855100
-7509.449406 894.812550 -2036.855100
-7509.471167 892.812669 -2036.855100
-7509.492928 890.812787 -2036.855100
-7509.514689 888.812906 -2036.855100
-7509.536450 886.813024 -2036.855100
-7509.558212 884.813142 -2036.855100
-7509.579973 882.813261 -2036.855100
-7509.601734 880.813379 -2036.855100
-7509.623495 878.813497 -2036.855100
-7509.645256 876.813616 -2036.855100
-7509.667017 874.813734 -2036.855100
-7509.688778 872.813853 -2036.855100
-7509.710540 870.813971 -2036.855100
-7509.732301 868.814089 -2036.855100
-7509.754062 866.814208 -2036.855100
-7509.775823 864.814326 -2036.855100
-7509.797584 862.814445 -2036.855100
-7509.819345 860.814563 -2036.855100
-7509.841106 858.814681 -2036.855100
-7509.862868 856.814800 -2036.855100
-7509.884629 854.814918 -2036.855100
-7509.906390 852.815037 -2036.855100
-7509.928151 850.815155 -2036.855100
-7509.949912 848.815273 -2036.855100
-7509.971673 846.815392 -2036.855100
-7509.993434 844.815510 -2036.855100
-7510.015196 842.815629 -2036.855100
-7510.036957 840.815747 -2036.855100
-7510.058718 838.815865 -2036.855100
-7510.080479 836.815984 -2036.855100
-7510.102240 834.816102 -2036.855100
-7510.124001 832.816220 -2036.855100
-7510.145762 830.816339 -2036.855100
-7510.167524 828.816457 -2036.855100
-7510.189285 826.816576 -2036.855100
-7510.211046 824.816694 -2036.855100
-7510.232807 822.816812 -2036.855100
-7510.254568 820.816931 -2036.855100
-7510.276329 818.817049 -2036.855100
-7510.298090 816.817168 -2036.855100
-7510.319851 814.817286 -2036.855100
-7510.341613 812.817404 -2036.855100
-7510.363374 810.817523 -2036.855100
-7510.385135 808.817641 -2036.855100
-7510.406896 806.817760 -2036.855100
-7510.428657 804.817878 -2036.855100
-7510.450418 802.817996 -2036.855100
-7510.472179 800.818115 -2036.855100
-7510.493941 798.818233 -2036.855100
-7510.515702 796.818351 -2036.855100
-7510.537463 794.818470 -2036.855100
-7510.559224 792.818588 -2036.855100
-7510.580985 790.818707 -2036.855100
-7510.602746 788.818825 -2036.855100
-7510.624507 786.818943 -2036.855100
-7510.646269 784.819062 -2036.855100
-7510.668030 782.819180 -2036.855100
-7510.689791 780.819299 -2036.855100
-7510.711552 778.819417 -2036.855100
-7510.733313 776.819535 -2036.855100
-7510.755074 774.819654 -2036.855100
-7510.776835 772.819772 -2036.855100
-7510.798597 770.819891 -2036.855100
-7510.820358 768.820009 -2036.855100
-7510.842119 766.820127 -2036.855100
-7510.863880 764.820246 -2036.855100
-7510.885641 762.820364 -2036.855100
-7510.907402 760.820483 -2036.855100
-7510.929163 758.820601 -2036.855100
-7510.950924 756.820719 -2036.855100
-7510.972686 754.820838 -2036.855100
-7510.994447 752.820956 -2036.855100
-7511.016208 750.821074 -2036.855100
-7511.037969 748.821193 -2036.855100
-7511.059730 746.821311 -2036.855100
-7511.081491 744.821430 -2036.855100
-7511.103252 742.821548 -2036.855100
-7511.125014 740.821666 -2036.855100
-7511.146775 738.821785 -2036.855100
-7511.168536 736.821903 -2036.855100
-7511.190297 734.822022 -2036.855100
-7511.212058 732.822140 -2036.855100
-7511.233819 730.822258 -2036.855100
-7511.255580 728.822377 -2036.855100
-7511.277342 726.822495 -2036.855100
-7511.299103 724.822614 -2036.855100
-7511.320864 722.822732 -2036.855100
-7511.342625 720.822850 -2036.855100
-7511.364386 718.822969 -2036.855100
-7511.386147 716.823087 -2036.855100
-7511.407908 714.823205 -2036.855100
-7511.429670 712.823324 -2036.855100
-7511.451431 710.823442 -2036.855100
-7511.473192 708.823561 -2036.855100
-7511.494953 706.823679 -2036.855100
-7511.516714 704.823797 -2036.855100
-7511.538475 702.823916 -2036.855100
-7511.560236 700.824034 -2036.855100
-7511.581998 698.824153 -2036.855100
-7511.603759 696.824271 -2036.855100
-7511.625520 694.824389 -2036.855100
-7511.647281 692.824508 -2036.855100
-7511.669042 690.824626 -2036.855100
-7511.690803 688.824745 -2036.855100
-7511.712564 686.824863 -2036.855100
-7511.734325 684.824981 -2036.855100
-7511.756087 682.825100 -2036.855100
-7511.777848 680.825218 -2036.855100
-7511.799609 678.825337 -2036.855100
-7511.821370 676.825455 -2036.855100
-7511.843131 674.825573 -2036.855100
-7511.864892 672.825692 -2036.855100
-7511.886653 670.825810 -2036.855100
-7511.908415 668.825928 -2036.855100
-7511.930176 666.826047 -2036.855100
-7511.951937 664.826165 -2036.855100
-7511.973698 662.826284 -2036.855100
-7511.995459 660.826402 -2036.855100
-7512.017220 658.826520 -2036.855100
-7512.038981 656.826639 -2036.855100
-7512.060743 654.826757 -2036.855100
-7512.082504 652.826876 -2036.855100
-7512.104265 650.826994 -2036.855100
-7512.126026 648.827112 -2036.855100
-7512.147787 646.827231 -2036.855100
-7512.169548 644.827349 -2036.855100
-7512.191309 642.827468 -2036.855100
-7512.213071 640.827586 -2036.855100
-7512.234832 638.827704 -2036.855100
-7512.256593 636.827823 -2036.855100
-7512.278354 634.827941 -2036.855100
-7512.300115 632.828060 -2036.855100
-7512.321876 630.828178 -2036.855100
-7512.343637 628.828296 -2036.855100
-7512.365399 626.828415 -2036.855100
-7512.387160 624.828533 -2036.855100
-7512.408921 622.828651 -2036.855100
-7512.430682 620.828770 -2036.855100
-7512.452443 618.828888 -2036.855100
-7512.474204 616.829007 -2036.855100
-7512.495965 614.829125 -2036.855100
-7512.517726 612.829243 -2036.855100
-7512.539488 610.829362 -2036.855100
-7512.561249 608.829480 -2036.855100
-7512.583010 606.829599 -2036.855100
-7512.604771 604.829717 -2036.855100
-7512.626532 602.829835 -2036.855100
-7512.648293 600.829954 -2036.855100
-7512.670054 598.830072 -2036.855100
-7512.691816 596.830191 -2036.855100
-7512.713577 594.830309 -2036.855100
-7512.735338 592.830427 -2036.855100
-7512.757099 590.830546 -2036.855100
-7512.778860 588.830664 -2036.855100
-7512.800621 586.830782 -2036.855100
-7512.822382 584.830901 -2036.855100
-7512.844144 582.831019 -2036.855100
-7512.865905 580.831138 -2036.855100
-7512.887666 578.831256 -2036.855100
-7512.909427 576.831374 -2036.855100
-7512.931188 574.831493 -2036.855100
-7512.952949 572.831611 -2036.855100
-7512.974710 570.831730 -2036.855100
-7512.996472 568.831848 -2036.855100
-7513.018233 566.831966 -2036.855100
-7513.039994 564.832085 -2036.855100
-7513.061755 562.832203 -2036.855100
-7513.083516 560.832322 -2036.855100
-7513.105277 558.832440 -2036.855100
-7513.127038 556.832558 -2036.855100
-7513.148799 554.832677 -2036.855100
-7513.170561 552.832795 -2036.855100
-7513.192322 550.832914 -2036.855100
-7513.214083 548.833032 -2036.855100
-7513.235844 546.833150 -2036.855100
-7513.257605 544.833269 -2036.855100
-7513.279366 542.833387 -2036.855100
-7513.301127 540.833505 -2036.855100
-7513.322889 538.833624 -2036.855100
-7513.344650 536.833742 -2036.855100
-7513.366411 534.833861 -2036.855100
-7513.388172 532.833979 -2036.855100
-7513.409933 530.834097 -2036.855100
-7513.431694 528.834216 -2036.855100
-7513.453455 526.834334 -2036.855100
-7513.475217 524.834453 -2036.855100
-7513.496978 522.834571 -2036.855100
-7513.518739 520.834689 -2036.855100
-7513.540500 518.834808 -2036.855100
-7513.562261 516.834926 -2036.855100
-7513.584022 514.835045 -2036.855100
-7513.605783 512.835163 -2036.855100
-7513.627545 510.835281 -2036.855100
-7513.649306 508.835400 -2036.855100
-7513.671067 506.835518 -2036.855100
-7513.692828 504.835636 -2036.855100
-7513.714589 502.835755 -2036.855100
-7513.736350 500.835873 -2036.855100
-7513.758111 498.835992 -2036.855100
-7513.779873 496.836110 -2036.855100
-7513.801634 494.836228 -2036.855100
-7513.823395 492.836347 -2036.855100
-7513.845156 490.836465 -2036.855100
-7513.866917 488.836584 -2036.855100
-7513.888678 486.836702 -2036.855100
-7513.910439 484.836820 -2036.855100
-7513.932200 482.836939 -2036.855100
-7513.953962 480.837057 -2036.855100
-7513.975723 478.837176 -2036.855100
-7513.997484 476.837294 -2036.855100
-7514.019245 474.837412 -2036.855100
-7514.041006 472.837531 -2036.855100
-7514.062767 470.837649 -2036.855100
-7514.084528 468.837768 -2036.855100
-7514.106290 466.837886 -2036.855100
-7514.128051 464.838004 -2036.855100
-7514.149812 462.838123 -2036.855100
-7514.171573 460.838241 -2036.855100
-7514.193334 458.838359 -2036.855100
-7514.215095 456.838478 -2036.855100
-7514.236856 454.838596 -2036.855100
-7514.258618 452.838715 -2036.855100
-7514.280379 450.838833 -2036.855100
-7514.302140 448.838951 -2036.855100
-7514.323901 446.839070 -2036.855100
-7514.345662 444.839188 -2036.855100
-7514.367423 442.839307 -2036.855100
-7514.389184 440.839425 -2036.855100
-7514.410946 438.839543 -2036.855100
-7514.432707 436.839662 -2036.855100
-7514.454468 434.839780 -2036.855100
-7514.476229 432.839899 -2036.855100
-7514.497990 430.840017 -2036.855100
-7514.519751 428.840135 -2036.855100
-7514.541512 426.840254 -2036.855100
-7514.563274 424.840372 -2036.855100
-7514.585035 422.840490 -2036.855100
-7514.606796 420.840609 -2036.855100
-7514.628557 418.840727 -2036.855100
-7514.650318 416.840846 -2036.855100
-7514.672079 414.840964 -2036.855100
-7514.693840 412.841082 -2036.855100
-7514.715601 410.841201 -2036.855100
-7514.737363 408.841319 -2036.855100
-7514.759124 406.841438 -2036.855100
-7514.780885 404.841556 -2036.855100
-7514.802646 402.841674 -2036.855100
-7514.824407 400.841793 -2036.855100
-7514.846168 398.841911 -2036.855100
-7514.867929 396.842030 -2036.855100
-7514.889691 394.842148 -2036.855100
-7514.911452 392.842266 -2036.855100
-7514.933213 390.842385 -2036.855100
-7514.954974 388.842503 -2036.855100
-7514.976735 386.842622 -2036.855100
-7514.998496 384.842740 -2036.855100
-7515.020257 382.842858 -2036.855100
-7515.042019 380.842977 -2036.855100
-7515.063780 378.843095 -2036.855100
-7515.085541 376.843213 -2036.855100
-7515.107302 374.843332 -2036.855100
-7515.129063 372.843450 -2036.855100
-7515.150824 370.843569 -2036.855100
-7515.172585 368.843687 -2036.855100
-7515.194347 366.843805 -2036.855100
-7515.216108 364.843924 -2036.855100
-7515.237869 362.844042 -2036.855100
-7515.259630 360.844161 -2036.855100
-7515.281391 358.844279 -2036.855100
-7515.303152 356.844397 -2036.855100
-7515.324913 354.844516 -2036.855100
-7515.346674 352.844634 -2036.855100
-7515.368436 350.844753 -2036.855100
-7515.390197 348.844871 -2036.855100
-7515.411958 346.844989 -2036.855100
-7515.433719 344.845108 -2036.855100
-7515.455480 342.845226 -2036.855100
-7515.477241 340.845344 -2036.855100
-7515.499002 338.845463 -2036.855100
-7515.520764 336.845581 -2036.855100
-7515.542525 334.845700 -2036.855100
-7515.564286 332.845818 -2036.855100
-7515.586047 330.845936 -2036.855100
-7515.607808 328.846055 -2036.855100
-7515.629569 326.846173 -2036.855100
-7515.651330 324.846292 -2036.855100
-7515.673092 322.846410 -2036.855100
-7515.694853 320.846528 -2036.855100
-7515.716614 318.846647 -2036.855100
-7515.738375 316.846765 -2036.855100
-7515.760136 314.846884 -2036.855100
-7515.781897 312.847002 -2036.855100
-7515.803658 310.847120 -2036.855100
-7515.825420 308.847239 -2036.855100
-7515.847181 306.847357 -2036.855100
-7515.868942 304.847476 -2036.855100
-7515.890703 302.847594 -2036.855100
-7515.912464 300.847712 -2036.855100
-7515.934225 298.847831 -2036.855100
-7515.955986 296.847949 -2036.855100
-7515.977748 294.848067 -2036.855100
-7515.999509 292.848186 -2036.855100
-7516.021270 290.848304 -2036.855100
-7516.043031 288.848423 -2036.855100
-7516.064792 286.848541 -2036.855100
-7516.086553 284.848659 -2036.855100
-7516.108314 282.848778 -2036.855100
-7516.130075 280.848896 -2036.855100
-7516.151837 278.849015 -2036.855100
-7516.173598 276.849133 -2036.855100
-7516.195359 274.849251 -2036.855100
-7516.217120 272.849370 -2036.855100
-7516.238881 270.849488 -2036.855100
-7516.260642 268.849607 -2036.855100
-7516.282403 266.849725 -2036.855100
-7516.304165 264.849843 -2036.855100
-7516.325926 262.849962 -2036.855100
-7516.347687 260.850080 -2036.855100
-7516.369448 258.850198 -2036.855100
-7516.391209 256.850317 -2036.855100
-7516.412970 254.850435 -2036.855100
-7516.434731 252.850554 -2036.855100
-7516.456493 250.850672 -2036.855100
-7516.478254 248.850790 -2036.855100
-7516.500015 246.850909 -2036.855100
-7516.521776 244.851027 -2036.855100
-7516.543537 242.851146 -2036.855100
-7516.565298 240.851264 -2036.855100
-7516.587059 238.851382 -2036.855100
-7516.608821 236.851501 -2036.855100
-7516.630582 234.851619 -2036.855100
-7516.652343 232.851738 -2036.855100
-7516.674104 230.851856 -2036.855100
-7516.695865 228.851974 -2036.855100
-7516.717626 226.852093 -2036.855100
-7516.739387 224.852211 -2036.855100
-7516.761149 222.852330 -2036.855100
-7516.782910 220.852448 -2036.855100
-7516.804671 218.852566 -2036.855100
-7516.826432 216.852685 -2036.855100
-7516.848193 214.852803 -2036.855100
-7516.869954 212.852921 -2036.855100
-7516.891715 210.853040 -2036.855100
-7516.913476 208.853158 -2036.855100
-7516.935238 206.853277 -2036.855100
-7516.956999 204.853395 -2036.855100
-7516.978760 202.853513 -2036.855100
-7517.000521 200.853632 -2036.855100
-7517.022282 198.853750 -2036.855100
-7517.044043 196.853869 -2036.855100
-7517.065804 194.853987 -2036.855100
-7517.087566 192.854105 -2036.855100
-7517.109327 190.854224 -2036.855100
-7517.131088 188.854342 -2036.855100
-7517.152849 186.854461 -2036.855100
-7517.174610 184.854579 -2036.855100
-7517.196371 182.854697 -2036.855100
-7517.218132 180.854816 -2036.855100
-7517.239894 178.854934 -2036.855100
-7517.261655 176.855052 -2036.855100
-7517.283416 174.855171 -2036.855100
-7517.305177 172.855289 -2036.855100
-7517.326938 170.855408 -2036.855100
-7517.348699 168.855526 -2036.855100
-7517.370460 166.855644 -2036.855100
-7517.392222 164.855763 -2036.855100
-7517.413983 162.855881 -2036.855100
-7517.435744 160.856000 -2036.855100
-7517.457505 158.856118 -2036.855100
-7517.479266 156.856236 -2036.855100
-7517.501027 154.856355 -2036.855100
-7517.522788 152.856473 -2036.855100
-7517.544549 150.856592 -2036.855100
-7517.566311 148.856710 -2036.855100
-7517.588072 146.856828 -2036.855100
-7517.609833 144.856947 -2036.855100
-7517.631594 142.857065 -2036.855100
-7517.653355 140.857184 -2036.855100
-7517.675116 138.857302 -2036.855100
-7517.696877 136.857420 -2036.855100
-7517.718639 134.857539 -2036.855100
-7517.740400 132.857657 -2036.855100
-7517.762161 130.857775 -2036.855100
-7517.783922 128.857894 -2036.855100
-7517.805683 126.858012 -2036.855100
-7517.827444 124.858131 -2036.855100
-7517.849205 122.858249 -2036.855100
-7517.870967 120.858367 -2036.855100
-7517.892728 118.858486 -2036.855100
-7517.914489 116.858604 -2036.855100
-7517.936250 114.858723 -2036.855100
-7517.958011 112.858841 -2036.855100
-7518.000000 109.000000 -2036.855100
-7517.801293 107.096307 -2036.275042
-7517.602586 105.192613 -2035.694984
-7517.403879 103.288920 -2035.114925
-7517.205173 101.385227 -2034.534867
-7517.006466 99.481534 -2033.954809
-7516.807759 97.577840 -2033.374751
-7516.609052 95.674147 -2032.794692
-7516.410345 93.770454 -2032.214634
-7516.211638 91.866761 -2031.634576
-7516.012932 89.963067 -2031.054518
-7515.814225 88.059374 -2030.474459
-7515.615518 86.155681 -2029.894401
-7515.416811 84.251988 -2029.314343
-7515.218104 82.348294 -2028.734285
-7515.019397 80.444601 -2028.154227
-7514.820690 78.540908 -2027.574168
-7514.621984 76.637215 -2026.994110
-7514.423277 74.733521 -2026.414052
-7514.224570 72.829828 -2025.833994
-7514.025863 70.926135 -2025.253935
-7513.827156 69.022441 -2024.673877
-7513.628449 67.118748 -2024.093819
-7513.429743 65.215055 -2023.513761
-7513.231036 63.311362 -2022.933702
-7513.032329 61.407668 -2022.353644
-7512.833622 59.503975 -2021.773586
-7512.634915 57.600282 -2021.193528
-7512.436208 55.696589 -2020.613469
-7512.237502 53.792895 -2020.033411
-7512.038795 51.889202 -2019.453353
-7511.840088 49.985509 -2018.873295
-7511.641381 48.081816 -2018.293237
-7511.442674 46.178122 -2017.713178
-7511.243967 44.274429 -2017.133120
-7511.045260 42.370736 -2016.553062
-7510.846554 40.467043 -2015.973004
-7510.647847 38.563349 -2015.392945
-7510.449140 36.659656 -2014.812887
-7510.250433 34.755963 -2014.232829
-7510.051726 32.852270 -2013.652771
-7509.853019 30.948576 -2013.072712
-7509.654313 29.044883 -2012.492654
-7509.455606 27.141190 -2011.912596
-7509.256899 25.237496 -2011.332538
-7509.058192 23.333803 -2010.752480
-7508.859485 21.430110 -2010.172421
-7508.660778 19.526417 -2009.592363
-7508.462071 17.622723 -2009.012305
-7508.263365 15.719030 -2008.432247
-7508.064658 13.815337 -2007.852188
-7507.865951 11.911644 -2007.272130
-7507.667244 10.007950 -2006.692072
-7507.468537 8.104257 -2006.112014
-7507.269830 6.200564 -2005.531955
-7507.071124 4.296871 -2004.951897
-7506.872417 2.393177 -2004.371839
-7506.673710 0.489484 -2003.791781
-7506.475003 -1.414209 -2003.211723
-7506.276296 -3.317902 -2002.631664
-7506.077589 -5.221596 -2002.051606
-7505.878882 -7.125289 -2001.471548
-7505.680176 -9.028982 -2000.891490
-7505.481469 -10.932676 -2000.311431
-7505.282762 -12.836369 -1999.731373
-7505.084055 -14.740062 -1999.151315
-7504.885348 -16.643755 -1998.571257
-7504.686641 -18.547449 -1997.991198
-7504.487935 -20.451142 -1997.411140
-7504.289228 -22.354835 -1996.831082
-7504.090521 -24.258528 -1996.251024
-7503.891814 -26.162222 -1995.670966
-7503.693107 -28.065915 -1995.090907
-7503.494400 -29.969608 -1994.510849
-7503.295694 -31.873301 -1993.930791
-7503.096987 -33.776995 -1993.350733
-7502.898280 -35.680688 -1992.770674
-7502.699573 -37.584381 -1992.190616
-7502.500866 -39.488074 -1991.610558
-7502.302159 -41.391768 -1991.030500
-7502.103452 -43.295461 -1990.450441
-7501.904746 -45.199154 -1989.870383
-7501.706039 -47.102848 -1989.290325
-7501.507332 -49.006541 -1988.710267
-7501.308625 -50.910234 -1988.130208
-7501.109918 -52.813927 -1987.550150
-7500.911211 -54.717621 -1986.970092
-7500.712505 -56.621314 -1986.390034
-7500.513798 -58.525007 -1985.809976
-7500.315091 -60.428700 -1985.229917
-7500.116384 -62.332394 -1984.649859
-7499.917677 -64.236087 -1984.069801
-7499.718970 -66.139780 -1983.489743
-7499.520263 -68.043473 -1982.909684
-7499.321557 -69.947167 -1982.329626
-7499.122850 -71.850860 -1981.749568
-7498.924143 -73.754553 -1981.169510
-7498.725436 -75.658246 -1980.589451
-7498.526729 -77.561940 -1980.009393
-7498.328022 -79.465633 -1979.429335
-7498.129316 -81.369326 -1978.849277
-7497.930609 -83.273019 -1978.269219
-7497.731902 -85.176713 -1977.689160
-7497.533195 -87.080406 -1977.109102
-7497.334488 -88.984099 -1976.529044
-7497.135781 -90.887793 -1975.948986
-7496.937074 -92.791486 -1975.368927
-7496.738368 -94.695179 -1974.788869
-7496.539661 -96.598872 -1974.208811
-7496.340954 -98.502566 -1973.628753
-7496.142247 -100.406259 -1973.048694
-7495.943540 -102.309952 -1972.468636
-7495.744833 -104.213645 -1971.888578
-7495.546127 -106.117339 -1971.308520
-7495.347420 -108.021032 -1970.728462
-7495.148713 -109.924725 -1970.148403
-7494.950006 -111.828418 -1969.568345
-7494.751299 -113.732112 -1968.988287
-7494.552592 -115.635805 -1968.408229
-7494.353886 -117.539498 -1967.828170
-7494.155179 -119.443191 -1967.248112
-7493.956472 -121.346885 -1966.668054
-7493.757765 -123.250578 -1966.087996
-7493.559058 -125.154271 -1965.507937
-7493.360351 -127.057965 -1964.927879
-7493.161644 -128.961658 -1964.347821
-7492.962938 -130.865351 -1963.767763
-7492.764231 -132.769044 -1963.187704
-7492.565524 -134.672738 -1962.607646
-7492.366817 -136.576431 -1962.027588
-7492.168110 -138.480124 -1961.447530
-7491.969403 -140.383817 -1960.867472
-7491.770697 -142.287511 -1960.287413
-7491.571990 -144.191204 -1959.707355
-7491.373283 -146.094897 -1959.127297
-7491.174576 -147.998590 -1958.547239
-7490.975869 -149.902284 -1957.967180
-7490.777162 -151.805977 -1957.387122
-7490.578455 -153.709670 -1956.807064
-7490.379749 -155.613363 -1956.227006
-7490.181042 -157.517057 -1955.646947
-7489.982335 -159.420750 -1955.066889
-7489.783628 -161.324443 -1954.486831
-7489.584921 -163.228137 -1953.906773
-7489.386214 -165.131830 -1953.326715
-7489.187508 -167.035523 -1952.746656
-7488.988801 -168.939216 -1952.166598
-7488.790094 -170.842910 -1951.586540
-7488.591387 -172.746603 -1951.006482
-7488.392680 -174.650296 -1950.426423
-7488.193973 -176.553989 -1949.846365
-7487.995266 -178.457683 -1949.266307
-7487.796560 -180.361376 -1948.686249
-7487.597853 -182.265069 -1948.106190
-7487.399146 -184.168762 -1947.526132
-7487.200439 -186.072456 -1946.946074
-7487.001732 -187.976149 -1946.366016
-7486.803025 -189.879842 -1945.785958
-7486.604319 -191.783535 -1945.205899
-7486.405612 -193.687229 -1944.625841
-7486.206905 -195.590922 -1944.045783
-7486.008198 -197.494615 -1943.465725
-7485.809491 -199.398308 -1942.885666
-7485.610784 -201.302002 -1942.305608
-7485.412078 -203.205695 -1941.725550
-7485.213371 -205.109388 -1941.145492
-7485.014664 -207.013082 -1940.565433
-7484.815957 -208.916775 -1939.985375
-7484.617250 -210.820468 -1939.405317
-7484.418543 -212.724161 -1938.825259
-7484.219836 -214.627855 -1938.245201
-7484.021130 -216.531548 -1937.665142
-7483.822423 -218.435241 -1937.085084
-7483.623716 -220.338934 -1936.505026
-7483.425009 -222.242628 -1935.924968
-7483.226302 -224.146321 -1935.344909
-7483.027595 -226.050014 -1934.764851
-7482.828889 -227.953707 -1934.184793
-7482.630182 -229.857401 -1933.604735
-7482.431475 -231.761094 -1933.024676
-7482.232768 -233.664787 -1932.444618
-7482.034061 -235.568480 -1931.864560
-7481.835354 -237.472174 -1931.284502
-7481.636647 -239.375867 -1930.704443
-7481.437941 -241.279560 -1930.124385
-7481.239234 -243.183254 -1929.544327
-7481.040527 -245.086947 -1928.964269
-7480.841820 -246.990640 -1928.384211
-7480.643113 -248.894333 -1927.804152
-7480.444406 -250.798027 -1927.224094
-7480.245700 -252.701720 -1926.644036
-7480.046993 -254.605413 -1926.063978
-7479.848286 -256.509106 -1925.483919
-7479.649579 -258.412800 -1924.903861
-7479.450872 -260.316493 -1924.323803
-7479.252165 -262.220186 -1923.743745
-7479.053459 -264.123879 -1923.163686
-7478.854752 -266.027573 -1922.583628
-7478.656045 -267.931266 -1922.003570
-7478.457338 -269.834959 -1921.423512
-7478.258631 -271.738652 -1920.843454
-7478.059924 -273.642346 -1920.263395
-7477.861217 -275.546039 -1919.683337
-7477.662511 -277.449732 -1919.103279
-7477.463804 -279.353426 -1918.523221
-7477.265097 -281.257119 -1917.943162
-7477.066390 -283.160812 -1917.363104
-7476.867683 -285.064505 -1916.783046
-7476.668976 -286.968199 -1916.202988
-7476.470270 -288.871892 -1915.622929
-7476.271563 -290.775585 -1915.042871
-7476.072856 -292.679278 -1914.462813
-7475.874149 -294.582972 -1913.882755
-7475.675442 -296.486665 -1913.302697
-7475.476735 -298.390358 -1912.722638
-7475.278028 -300.294051 -1912.142580
-7475.079322 -302.197745 -1911.562522
-7474.880615 -304.101438 -1910.982464
-7474.681908 -306.005131 -1910.402405
-7474.483201 -307.908824 -1909.822347
-7474.284494 -309.812518 -1909.242289
-7474.085787 -311.716211 -1908.662231
-7473.887081 -313.619904 -1908.082172
-7473.688374 -315.523598 -1907.502114
-7473.489667 -317.427291 -1906.922056
-7473.290960 -319.330984 -1906.341998
-7473.092253 -321.234677 -1905.761939
-7472.893546 -323.138371 -1905.181881
-7472.694839 -325.042064 -1904.601823
-7472.496133 -326.945757 -1904.021765
-7472.297426 -328.849450 -1903.441707
-7472.098719 -330.753144 -1902.861648
-7471.900012 -332.656837 -1902.281590
-7471.701305 -334.560530 -1901.701532
-7471.502598 -336.464223 -1901.121474
-7471.303892 -338.367917 -1900.541415
-7471.105185 -340.271610 -1899.961357
-7470.906478 -342.175303 -1899.381299
-7470.707771 -344.078996 -1898.801241
-7470.509064 -345.982690 -1898.221182
-7470.310357 -347.886383 -1897.641124
-7470.111651 -349.790076 -1897.061066
-7469.912944 -351.693769 -1896.481008
-7469.714237 -353.597463 -1895.900950
-7469.515530 -355.501156 -1895.320891
-7469.316823 -357.404849 -1894.740833
-7469.118116 -359.308543 -1894.160775
-7468.919409 -361.212236 -1893.580717
-7468.720703 -363.115929 -1893.000658
-7468.521996 -365.019622 -1892.420600
-7468.323289 -366.923316 -1891.840542
-7468.124582 -368.827009 -1891.260484
-7467.925875 -370.730702 -1890.680425
-7467.727168 -372.634395 -1890.100367
-7467.528462 -374.538089 -1889.520309
-7467.329755 -376.441782 -1888.940251
-7467.131048 -378.345475 -1888.360193
-7466.932341 -380.249168 -1887.780134
-7466.733634 -382.152862 -1887.200076
-7466.534927 -384.056555 -1886.620018
-7466.336220 -385.960248 -1886.039960
-7466.137514 -387.863941 -1885.459901
-7465.938807 -389.767635 -1884.879843
-7465.740100 -391.671328 -1884.299785
-7465.541393 -393.575021 -1883.719727
-7465.342686 -395.478715 -1883.139668
-7465.143979 -397.382408 -1882.559610
-7464.945273 -399.286101 -1881.979552
-7464.746566 -401.189794 -1881.399494
-7464.547859 -403.093488 -1880.819436
-7464.349152 -404.997181 -1880.239377
-7464.150445 -406.900874 -1879.659319
-7463.951738 -408.804567 -1879.079261
-7463.753031 -410.708261 -1878.499203
-7463.554325 -412.611954 -1877.919144
-7463.355618 -414.515647 -1877.339086
-7463.156911 -416.419340 -1876.759028
-7462.958204 -418.323034 -1876.178970
-7462.759497 -420.226727 -1875.598911
-7462.560790 -422.130420 -1875.018853
-7462.362084 -424.034113 -1874.438795
-7462.163377 -425.937807 -1873.858737
-7461.964670 -427.841500 -1873.278678
-7461.765963 -429.745193 -1872.698620
-7461.567256 -431.648887 -1872.118562
-7461.368549 -433.552580 -1871.538504
-7461.169843 -435.456273 -1870.958446
-7460.971136 -437.359966 -1870.378387
-7460.772429 -439.263660 -1869.798329
-7460.573722 -441.167353 -1869.218271
-7460.375015 -443.071046 -1868.638213
-7460.176308 -444.974739 -1868.058154
-7459.977601 -446.878433 -1867.478096
-7459.778895 -448.782126 -1866.898038
-7459.580188 -450.685819 -1866.317980
-7459.381481 -452.589512 -1865.737921
-7459.182774 -454.493206 -1865.157863
-7458.984067 -456.396899 -1864.577805
-7458.785360 -458.300592 -1863.997747
-7458.586654 -460.204285 -1863.417689
-7458.387947 -462.107979 -1862.837630
-7458.189240 -464.011672 -1862.257572
-7457.990533 -465.915365 -1861.677514
-7457.791826 -467.819058 -1861.097456
-7457.593119 -469.722752 -1860.517397
-7457.394412 -471.626445 -1859.937339
-7457.195706 -473.530138 -1859.357281
-7456.996999 -475.433832 -1858.777223
-7456.798292 -477.337525 -1858.197164
-7456.599585 -479.241218 -1857.617106
-7456.400878 -481.144911 -1857.037048
-7456.202171 -483.048605 -1856.456990
-7456.003465 -484.952298 -1855.876932
-7455.804758 -486.855991 -1855.296873
-7455.606051 -488.759684 -1854.716815
-7455.407344 -490.663378 -1854.136757
-7455.208637 -492.567071 -1853.556699
-7455.009930 -494.470764 -1852.976640
-7454.811223 -496.374457 -1852.396582
-7454.612517 -498.278151 -1851.816524
-7454.413810 -500.181844 -1851.236466
-7454.215103 -502.085537 -1850.656407
-7454.016396 -503.989230 -1850.076349
-7453.817689 -505.892924 -1849.496291
-7453.618982 -507.796617 -1848.916233
-7453.420276 -509.700310 -1848.336174
-7453.221569 -511.604004 -1847.756116
-7453.022862 -513.507697 -1847.176058
-7452.824155 -515.411390 -1846.596000
-7452.625448 -517.315083 -1846.015942
-7452.426741 -519.218777 -1845.435883
-7452.228035 -521.122470 -1844.855825
-7452.029328 -523.026163 -1844.275767
-7451.830621 -524.929856 -1843.695709
-7451.631914 -526.833550 -1843.115650
-7451.433207 -528.737243 -1842.535592
-7451.234500 -530.640936 -1841.955534
-7451.035793 -532.544629 -1841.375476
-7450.837087 -534.448323 -1840.795417
-7450.638380 -536.352016 -1840.215359
-7450.439673 -538.255709 -1839.635301
-7450.240966 -540.159402 -1839.055243
-7450.042259 -542.063096 -1838.475185
-7449.843552 -543.966789 -1837.895126
-7449.644846 -545.870482 -1837.315068
-7449.446139 -547.774176 -1836.735010
-7449.247432 -549.677869 -1836.154952
-7449.048725 -551.581562 -1835.574893
-7448.850018 -553.485255 -1834.994835
-7448.651311 -555.388949 -1834.414777
-7448.452604 -557.292642 -1833.834719
-7448.253898 -559.196335 -1833.254660
-7448.055191 -561.100028 -1832.674602
-7447.856484 -563.003722 -1832.094544
-7447.657777 -564.907415 -1831.514486
-7447.459070 -566.811108 -1830.934428
-7447.260363 -568.714801 -1830.354369
-7447.061657 -570.618495 -1829.774311
-7446.862950 -572.522188 -1829.194253
-7446.664243 -574.425881 -1828.614195
-7446.465536 -576.329574 -1828.034136
-7446.266829 -578.233268 -1827.454078
-7446.068122 -580.136961 -1826.874020
-7445.869415 -582.040654 -1826.293962
-7445.670709 -583.944347 -1825.713903
-7445.472002 -585.848041 -1825.133845
-7445.273295 -587.751734 -1824.553787
-7445.074588 -589.655427 -1823.973729
-7444.875881 -591.559121 -1823.393670
-7444.677174 -593.462814 -1822.813612
-7444.478468 -595.366507 -1822.233554
-7444.279761 -597.270200 -1821.653496
-7444.081054 -599.173894 -1821.073438
-7443.882347 -601.077587 -1820.493379
-7443.683640 -602.981280 -1819.913321
-7443.484933 -604.884973 -1819.333263
-7443.286227 -606.788667 -1818.753205
-7443.087520 -608.692360 -1818.173146
-7442.888813 -610.596053 -1817.593088
-7442.690106 -612.499746 -1817.013030
-7442.491399 -614.403440 -1816.432972
-7442.292692 -616.307133 -1815.852913
-7442.093985 -618.210826 -1815.272855
-7441.895279 -620.114519 -1814.692797
-7441.696572 -622.018213 -1814.112739
-7441.497865 -623.921906 -1813.532681
-7441.299158 -625.825599 -1812.952622
-7441.100451 -627.729293 -1812.372564
-7440.901744 -629.632986 -1811.792506
-7440.703038 -631.536679 -1811.212448
-7440.504331 -633.440372 -1810.632389
-7440.305624 -635.344066 -1810.052331
-7440.106917 -637.247759 -1809.472273
-7439.908210 -639.151452 -1808.892215
-7439.709503 -641.055145 -1808.312156
-7439.510796 -642.958839 -1807.732098
-7439.312090 -644.862532 -1807.152040
-7439.113383 -646.766225 -1806.571982
-7438.914676 -648.669918 -1805.991924
-7438.715969 -650.573612 -1805.411865
-7438.517262 -652.477305 -1804.831807
-7438.318555 -654.380998 -1804.251749
-7438.119849 -656.284691 -1803.671691
-7437.921142 -658.188385 -1803.091632
-7437.722435 -660.092078 -1802.511574
-7437.523728 -661.995771 -1801.931516
-7437.325021 -663.899465 -1801.351458
-7437.126314 -665.803158 -1800.771399
-7436.927607 -667.706851 -1800.191341
-7436.728901 -669.610544 -1799.611283
-7436.530194 -671.514238 -1799.031225
-7436.331487 -673.417931 -1798.451167
-7436.132780 -675.321624 -1797.871108
-7435.934073 -677.225317 -1797.291050
-7435.735366 -679.129011 -1796.710992
-7435.536660 -681.032704 -1796.130934
-7435.337953 -682.936397 -1795.550875
-7435.139246 -684.840090 -1794.970817
-7434.940539 -686.743784 -1794.390759
-7434.741832 -688.647477 -1793.810701
-7434.543125 -690.551170 -1793.230642
-7434.344419 -692.454863 -1792.650584
-7434.145712 -694.358557 -1792.070526
-7433.947005 -696.262250 -1791.490468
-7433.748298 -698.165943 -1790.910409
-7433.549591 -700.069636 -1790.330351
-7433.350884 -701.973330 -1789.750293
-7433.152177 -703.877023 -1789.170235
-7432.953471 -705.780716 -1788.590177
-7432.754764 -707.684410 -1788.010118
-7432.556057 -709.588103 -1787.430060
-7432.357350 -711.491796 -1786.850002
-7432.158643 -713.395489 -1786.269944
-7431.959936 -715.299183 -1785.689885
-7431.761230 -717.202876 -1785.109827
-7431.562523 -719.106569 -1784.529769
-7431.363816 -721.010262 -1783.949711
-7431.165109 -722.913956 -1783.369652
-7430.966402 -724.817649 -1782.789594
-7430.767695 -726.721342 -1782.209536
-7430.568988 -728.625035 -1781.629478
-7430.370282 -730.528729 -1781.049420
-7430.171575 -732.432422 -1780.469361
-7429.972868 -734.336115 -1779.889303
-7429.774161 -736.239808 -1779.309245
-7429.575454 -738.143502 -1778.729187
-7429.376747 -740.047195 -1778.149128
-7429.178041 -741.950888 -1777.569070
-7428.979334 -743.854582 -1776.989012
-7428.780627 -745.758275 -1776.408954
-7428.581920 -747.661968 -1775.828895
-7428.383213 -749.565661 -1775.248837
-7428.184506 -751.469355 -1774.668779
-7427.985799 -753.373048 -1774.088721
-7427.787093 -755.276741 -1773.508663
-7427.588386 -757.180434 -1772.928604
-7427.389679 -759.084128 -1772.348546
-7427.190972 -760.987821 -1771.768488
-7426.992265 -762.891514 -1771.188430
-7426.793558 -764.795207 -1770.608371
-7426.594852 -766.698901 -1770.028313
-7426.396145 -768.602594 -1769.448255
-7426.197438 -770.506287 -1768.868197
-7425.998731 -772.409980 -1768.288138
-7425.800024 -774.313674 -1767.708080
-7425.601317 -776.217367 -1767.128022
-7425.402611 -778.121060 -1766.547964
-7425.203904 -780.024754 -1765.967905
-7425.005197 -781.928447 -1765.387847
-7424.806490 -783.832140 -1764.807789
-7424.607783 -785.735833 -1764.227731
-7424.409076 -787.639527 -1763.647673
-7424.210369 -789.543220 -1763.067614
-7424.011663 -791.446913 -1762.487556
-7423.812956 -793.350606 -1761.907498
-7423.614249 -795.254300 -1761.327440
-7423.415542 -797.157993 -1760.747381
-7423.216835 -799.061686 -1760.167323
-7423.018128 -800.965379 -1759.587265
-7422.819422 -802.869073 -1759.007207
-7422.620715 -804.772766 -1758.427148
-7422.422008 -806.676459 -1757.847090
-7422.223301 -808.580152 -1757.267032
-7422.024594 -810.483846 -1756.686974
-7421.825887 -812.387539 -1756.106916
-7421.627180 -814.291232 -1755.526857
-7421.428474 -816.194925 -1754.946799
-7421.229767 -818.098619 -1754.366741
-7421.031060 -820.002312 -1753.786683
-7420.832353 -821.906005 -1753.206624
-7420.633646 -823.809699 -1752.626566
-7420.434939 -825.713392 -1752.046508
-7420.236233 -827.617085 -1751.466450
-7420.037526 -829.520778 -1750.886391
-7419.838819 -831.424472 -1750.306333
-7419.640112 -833.328165 -1749.726275
-7419.441405 -835.231858 -1749.146217
-7419.242698 -837.135551 -1748.566159
-7419.043992 -839.039245 -1747.986100
-7418.845285 -840.942938 -1747.406042
-7418.646578 -842.846631 -1746.825984
-7418.447871 -844.750324 -1746.245926
-7418.249164 -846.654018 -1745.665867
-7418.050457 -848.557711 -1745.085809
-7417.851750 -850.461404 -1744.505751
-7417.653044 -852.365097 -1743.925693
-7417.454337 -854.268791 -1743.345634
-7417.255630 -856.172484 -1742.765576
-7417.056923 -858.076177 -1742.185518
-7416.858216 -859.979871 -1741.605460
-7416.659509 -861.883564 -1741.025402
-7416.460803 -863.787257 -1740.445343
-7416.262096 -865.690950 -1739.865285
-7416.063389 -867.594644 -1739.285227
-7415.864682 -869.498337 -1738.705169
-7415.665975 -871.402030 -1738.125110
-7415.467268 -873.305723 -1737.545052
-7415.268561 -875.209417 -1736.964994
-7415.069855 -877.113110 -1736.384936
-7414.871148 -879.016803 -1735.804877
-7414.672441 -880.920496 -1735.224819
-7414.473734 -882.824190 -1734.644761
-7414.275027 -884.727883 -1734.064703
-7414.076320 -886.631576 -1733.484644
-7413.877614 -888.535269 -1732.904586
-7413.678907 -890.438963 -1732.324528
-7413.480200 -892.342656 -1731.744470
-7413.281493 -894.246349 -1731.164412
-7413.082786 -896.150043 -1730.584353
-7412.884079 -898.053736 -1730.004295
-7412.685372 -899.957429 -1729.424237
-7412.486666 -901.861122 -1728.844179
-7412.287959 -903.764816 -1728.264120
-7412.089252 -905.668509 -1727.684062
-7411.890545 -907.572202 -1727.104004
-7411.691838 -909.475895 -1726.523946
-7411.493131 -911.379589 -1725.943887
-7411.294425 -913.283282 -1725.363829
-7411.095718 -915.186975 -1724.783771
-7410.897011 -917.090668 -1724.203713
-7410.698304 -918.994362 -1723.623655
-7410.499597 -920.898055 -1723.043596
-7410.300890 -922.801748 -1722.463538
-7410.102184 -924.705441 -1721.883480
-7409.903477 -926.609135 -1721.303422
-7409.704770 -928.512828 -1720.723363
-7409.506063 -930.416521 -1720.143305
-7409.307356 -932.320215 -1719.563247
-7409.108649 -934.223908 -1718.983189
-7408.909942 -936.127601 -1718.403130
-7408.711236 -938.031294 -1717.823072
-7408.512529 -939.934988 -1717.243014
-7408.313822 -941.838681 -1716.662956
-7408.115115 -943.742374 -1716.082898
-7407.916408 -945.646067 -1715.502839
-7407.717701 -947.549761 -1714.922781
-7407.518995 -949.453454 -1714.342723
-7407.320288 -951.357147 -1713.762665
-7407.121581 -953.260840 -1713.182606
-7406.922874 -955.164534 -1712.602548
-7406.724167 -957.068227 -1712.022490
-7406.525460 -958.971920 -1711.442432
-7406.326753 -960.875613 -1710.862373
-7406.128047 -962.779307 -1710.282315
-7405.929340 -964.683000 -1709.702257
-7405.730633 -966.586693 -1709.122199
-7405.531926 -968.490386 -1708.542140
-7405.333219 -970.394080 -1707.962082
-7405.134512 -972.297773 -1707.382024
-7404.935806 -974.201466 -1706.801966
-7404.737099 -976.105160 -1706.221908
-7404.538392 -978.008853 -1705.641849
-7404.339685 -979.912546 -1705.061791
-7404.140978 -981.816239 -1704.481733
-7403.942271 -983.719933 -1703.901675
-7403.743564 -985.623626 -1703.321616
-7403.544858 -987.527319 -1702.741558
-7403.346151 -989.431012 -1702.161500
-7403.147444 -991.334706 -1701.581442
-7402.948737 -993.238399 -1701.001383
-7402.750030 -995.142092 -1700.421325
-7402.551323 -997.045785 -1699.841267
-7402.352617 -998.949479 -1699.261209
-7402.153910 -1000.853172 -1698.681151
-7401.955203 -1002.756865 -1698.101092
-7401.756496 -1004.660558 -1697.521034
-7401.557789 -1006.564252 -1696.940976
-7401.359082 -1008.467945 -1696.360918
-7401.160376 -1010.371638 -1695.780859
-7400.961669 -1012.275332 -1695.200801
-7400.762962 -1014.179025 -1694.620743
-7400.564255 -1016.082718 -1694.040685
-7400.365548 -1017.986411 -1693.460626
-7400.166841 -1019.890105 -1692.880568
-7399.968134 -1021.793798 -1692.300510
-7399.769428 -1023.697491 -1691.720452
-7399.570721 -1025.601184 -1691.140394
-7399.372014 -1027.504878 -1690.560335
-7399.173307 -1029.408571 -1689.980277
-7398.974600 -1031.312264 -1689.400219
-7398.775893 -1033.215957 -1688.820161
-7398.577187 -1035.119651 -1688.240102
-7398.378480 -1037.023344 -1687.660044
-7398.179773 -1038.927037 -1687.079986
-7397.981066 -1040.830730 -1686.499928
-7397.782359 -1042.734424 -1685.919869
-7397.583652 -1044.638117 -1685.339811
-7397.384945 -1046.541810 -1684.759753
-7397.186239 -1048.445504 -1684.179695
-7396.987532 -1050.349197 -1683.599637
-7396.788825 -1052.252890 -1683.019578
-7396.590118 -1054.156583 -1682.439520
-7396.391411 -1056.060277 -1681.859462
-7396.192704 -1057.963970 -1681.279404
-7395.993998 -1059.867663 -1680.699345
-7395.795291 -1061.771356 -1680.119287
-7395.596584 -1063.675050 -1679.539229
-7395.397877 -1065.578743 -1678.959171
-7395.199170 -1067.482436 -1678.379112
-7395.000463 -1069.386129 -1677.799054
-7394.801756 -1071.289823 -1677.218996
-7394.603050 -1073.193516 -1676.638938
-7394.404343 -1075.097209 -1676.058879
-7394.205636 -1077.000902 -1675.478821
-7394.006929 -1078.904596 -1674.898763
-7393.808222 -1080.808289 -1674.318705
-7393.609515 -1082.711982 -1673.738647
-7393.410809 -1084.615675 -1673.158588
-7393.212102 -1086.519369 -1672.578530
-7393.013395 -1088.423062 -1671.998472
-7392.814688 -1090.326755 -1671.418414
-7392.615981 -1092.230449 -1670.838355
-7392.417274 -1094.134142 -1670.258297
-7392.218568 -1096.037835 -1669.678239
-7392.019861 -1097.941528 -1669.098181
-7391.821154 -1099.845222 -1668.518122
-7391.622447 -1101.748915 -1667.938064
-7391.423740 -1103.652608 -1667.358006
-7391.225033 -1105.556301 -1666.777948
-7391.026326 -1107.459995 -1666.197890
-7390.827620 -1109.363688 -1665.617831
-7390.628913 -1111.267381 -1665.037773
-7390.430206 -1113.171074 -1664.457715
-7390.231499 -1115.074768 -1663.877657
-7390.032792 -1116.978461 -1663.297598
-7389.834085 -1118.882154 -1662.717540
-7389.635379 -1120.785847 -1662.137482
-7389.436672 -1122.689541 -1661.557424
-7389.237965 -1124.593234 -1660.977365
-7389.039258 -1126.496927 -1660.397307
-7388.840551 -1128.400621 -1659.817249
-7388.641844 -1130.304314 -1659.237191
-7388.443137 -1132.208007 -1658.657133
-7388.244431 -1134.111700 -1658.077074
-7388.045724 -1136.015394 -1657.497016
-7387.847017 -1137.919087 -1656.916958
-7387.648310 -1139.822780 -1656.336900
-7387.449603 -1141.726473 -1655.756841
-7387.250896 -1143.630167 -1655.176783
-7387.052190 -1145.533860 -1654.596725
-7386.853483 -1147.437553 -1654.016667
-7386.654776 -1149.341246 -1653.436608
-7386.456069 -1151.244940 -1652.856550
-7386.257362 -1153.148633 -1652.276492
-7386.058655 -1155.052326 -1651.696434
-7385.859948 -1156.956019 -1651.116375
-7385.661242 -1158.859713 -1650.536317
-7385.462535 -1160.763406 -1649.956259
-7385.263828 -1162.667099 -1649.376201
-7385.065121 -1164.570793 -1648.796143
-7384.866414 -1166.474486 -1648.216084
-7384.667707 -1168.378179 -1647.636026
-7384.469001 -1170.281872 -1647.055968
-7384.270294 -1172.185566 -1646.475910
-7384.071587 -1174.089259 -1645.895851
-7383.872880 -1175.992952 -1645.315793
-7383.674173 -1177.896645 -1644.735735
-7383.475466 -1179.800339 -1644.155677
-7383.276760 -1181.704032 -1643.575618
-7383.078053 -1183.607725 -1642.995560
-7382.879346 -1185.511418 -1642.415502
-7382.680639 -1187.415112 -1641.835444
-7382.481932 -1189.318805 -1641.255386
-7382.283225 -1191.222498 -1640.675327
-7382.084518 -1193.126191 -1640.095269
-7381.885812 -1195.029885 -1639.515211
-7381.687105 -1196.933578 -1638.935153
-7381.488398 -1198.837271 -1638.355094
-7381.289691 -1200.740964 -1637.775036
-7381.090984 -1202.644658 -1637.194978
-7380.892277 -1204.548351 -1636.614920
-7380.693571 -1206.452044 -1636.034861
-7380.494864 -1208.355738 -1635.454803
-7380.296157 -1210.259431 -1634.874745
-7380.097450 -1212.163124 -1634.294687
-7379.898743 -1214.066817 -1633.714629
-7379.700036 -1215.970511 -1633.134570
-7379.501329 -1217.874204 -1632.554512
-7379.302623 -1219.777897 -1631.974454
-7379.103916 -1221.681590 -1631.394396
-7378.905209 -1223.585284 -1630.814337
-7378.706502 -1225.488977 -1630.234279
-7378.507795 -1227.392670 -1629.654221
-7378.309088 -1229.296363 -1629.074163
-7378.110382 -1231.200057 -1628.494104
-7377.911675 -1233.103750 -1627.914046
-7377.712968 -1235.007443 -1627.333988
-7377.514261 -1236.911136 -1626.753930
-7377.315554 -1238.814830 -1626.173872
-7377.116847 -1240.718523 -1625.593813
-7376.918140 -1242.622216 -1625.013755
-7376.719434 -1244.525910 -1624.433697
-7376.520727 -1246.429603 -1623.853639
-7376.322020 -1248.333296 -1623.273580
-7376.123313 -1250.236989 -1622.693522
-7375.924606 -1252.140683 -1622.113464
-7375.725899 -1254.044376 -1621.533406
-7375.527193 -1255.948069 -1620.953347
-7375.328486 -1257.851762 -1620.373289
-7375.129779 -1259.755456 -1619.793231
-7374.931072 -1261.659149 -1619.213173
-7374.732365 -1263.562842 -1618.633114
-7374.533658 -1265.466535 -1618.053056
-7374.334952 -1267.370229 -1617.472998
-7374.136245 -1269.273922 -1616.892940
-7373.937538 -1271.177615 -1616.312882
-7373.738831 -1273.081308 -1615.732823
-7373.540124 -1274.985002 -1615.152765
-7373.341417 -1276.888695 -1614.572707
-7373.142710 -1278.792388 -1613.992649
-7372.944004 -1280.696082 -1613.412590
-7372.745297 -1282.599775 -1612.832532
-7372.546590 -1284.503468 -1612.252474
-7372.347883 -1286.407161 -1611.672416
-7372.149176 -1288.310855 -1611.092357
-7371.950469 -1290.214548 -1610.512299
-7371.751763 -1292.118241 -1609.932241
-7371.553056 -1294.021934 -1609.352183
-7371.354349 -1295.925628 -1608.772125
-7371.155642 -1297.829321 -1608.192066
-7370.956935 -1299.733014 -1607.612008
-7370.758228 -1301.636707 -1607.031950
-7370.559521 -1303.540401 -1606.451892
-7370.360815 -1305.444094 -1605.871833
-7370.162108 -1307.347787 -1605.291775
-7369.963401 -1309.251480 -1604.711717
-7369.764694 -1311.155174 -1604.131659
-7369.565987 -1313.058867 -1603.551600
-7369.367280 -1314.962560 -1602.971542
-7369.168574 -1316.866253 -1602.391484
-7368.969867 -1318.769947 -1601.811426
-7368.771160 -1320.673640 -1601.231368
-7368.572453 -1322.577333 -1600.651309
-7368.373746 -1324.481027 -1600.071251
-7368.175039 -1326.384720 -1599.491193
-7367.976332 -1328.288413 -1598.911135
-7367.777626 -1330.192106 -1598.331076
-7367.578919 -1332.095800 -1597.751018
-7367.380212 -1333.999493 -1597.170960
-7367.181505 -1335.903186 -1596.590902
-7366.982798 -1337.806879 -1596.010843
-7366.784091 -1339.710573 -1595.430785
-7366.585385 -1341.614266 -1594.850727
-7366.386678 -1343.517959 -1594.270669
-7366.187971 -1345.421652 -1593.690610
-7365.989264 -1347.325346 -1593.110552
-7365.790557 -1349.229039 -1592.530494
-7365.591850 -1351.132732 -1591.950436
-7365.393144 -1353.036425 -1591.370378
-7365.194437 -1354.940119 -1590.790319
-7364.995730 -1356.843812 -1590.210261
-7364.797023 -1358.747505 -1589.630203
-7364.598316 -1360.651199 -1589.050145
-7364.399609 -1362.554892 -1588.470086
-7364.200902 -1364.458585 -1587.890028
-7364.002196 -1366.362278 -1587.309970
-7363.803489 -1368.265972 -1586.729912
-7363.604782 -1370.169665 -1586.149853
-7363.406075 -1372.073358 -1585.569795
-7363.207368 -1373.977051 -1584.989737
-7363.008661 -1375.880745 -1584.409679
-7362.809955 -1377.784438 -1583.829621
-7362.611248 -1379.688131 -1583.249562
-7362.412541 -1381.591824 -1582.669504
-7362.213834 -1383.495518 -1582.089446
-7362.015127 -1385.399211 -1581.509388
-7361.816420 -1387.302904 -1580.929329
-7361.617713 -1389.206597 -1580.349271
-7361.419007 -1391.110291 -1579.769213
-7361.220300 -1393.013984 -1579.189155
-7361.021593 -1394.917677 -1578.609096
-7360.822886 -1396.821371 -1578.029038
-7360.624179 -1398.725064 -1577.448980
-7360.425472 -1400.628757 -1576.868922
-7360.226766 -1402.532450 -1576.288864
-7360.028059 -1404.436144 -1575.708805
-7359.829352 -1406.339837 -1575.128747
-7359.630645 -1408.243530 -1574.548689
-7359.431938 -1410.147223 -1573.968631
-7359.233231 -1412.050917 -1573.388572
-7359.034525 -1413.954610 -1572.808514
-7358.835818 -1415.858303 -1572.228456
-7358.637111 -1417.761996 -1571.648398
-7358.438404 -1419.665690 -1571.068339
-7358.239697 -1421.569383 -1570.488281
-7358.040990 -1423.473076 -1569.908223
-7357.842283 -1425.376769 -1569.328165
-7357.643577 -1427.280463 -1568.748107
-7357.444870 -1429.184156 -1568.168048
-7357.246163 -1431.087849 -1567.587990
-7357.047456 -1432.991542 -1567.007932
-7356.848749 -1434.895236 -1566.427874
-7356.650042 -1436.798929 -1565.847815
-7356.451336 -1438.702622 -1565.267757
-7356.252629 -1440.606316 -1564.687699
-7356.053922 -1442.510009 -1564.107641
-7355.855215 -1444.413702 -1563.527582
-7355.656508 -1446.317395 -1562.947524
-7355.457801 -1448.221089 -1562.367466
-7355.259094 -1450.124782 -1561.787408
-7355.060388 -1452.028475 -1561.207349
-7354.861681 -1453.932168 -1560.627291
-7354.662974 -1455.835862 -1560.047233
-7354.464267 -1457.739555 -1559.467175
-7354.265560 -1459.643248 -1558.887117
-7354.066853 -1461.546941 -1558.307058
-7353.868147 -1463.450635 -1557.727000
-7353.669440 -1465.354328 -1557.146942
-7353.470733 -1467.258021 -1556.566884
-7353.272026 -1469.161714 -1555.986825
-7353.073319 -1471.065408 -1555.406767
-7352.874612 -1472.969101 -1554.826709
-7352.675905 -1474.872794 -1554.246651
-7352.477199 -1476.776488 -1553.666592
-7352.278492 -1478.680181 -1553.086534
-7352.079785 -1480.583874 -1552.506476
-7351.881078 -1482.487567 -1551.926418
-7351.682371 -1484.391261 -1551.346360
-7351.483664 -1486.294954 -1550.766301
-7351.284958 -1488.198647 -1550.186243
-7351.086251 -1490.102340 -1549.606185
-7350.887544 -1492.006034 -1549.026127
-7350.688837 -1493.909727 -1548.446068
-7350.490130 -1495.813420 -1547.866010
-7350.291423 -1497.717113 -1547.285952
-7350.092717 -1499.620807 -1546.705894
-7349.894010 -1501.524500 -1546.125835
-7349.695303 -1503.428193 -1545.545777
-7349.496596 -1505.331886 -1544.965719
-7349.297889 -1507.235580 -1544.385661
-7349.099182 -1509.139273 -1543.805603
-7348.900475 -1511.042966 -1543.225544
-7348.701769 -1512.946660 -1542.645486
-7348.503062 -1514.850353 -1542.065428
-7348.304355 -1516.754046 -1541.485370
-7348.105648 -1518.657739 -1540.905311
-7347.906941 -1520.561433 -1540.325253
-7347.708234 -1522.465126 -1539.745195
-7347.509528 -1524.368819 -1539.165137
-7347.310821 -1526.272512 -1538.585078
-7347.112114 -1528.176206 -1538.005020
-7346.913407 -1530.079899 -1537.424962
-7346.714700 -1531.983592 -1536.844904
-7346.515993 -1533.887285 -1536.264845
-7346.317286 -1535.790979 -1535.684787
-7346.118580 -1537.694672 -1535.104729
-7345.919873 -1539.598365 -1534.524671
-7345.721166 -1541.502058 -1533.944613
-7345.522459 -1543.405752 -1533.364554
-7345.323752 -1545.309445 -1532.784496
-7345.125045 -1547.213138 -1532.204438
-7344.926339 -1549.116832 -1531.624380
-7344.727632 -1551.020525 -1531.044321
-7344.528925 -1552.924218 -1530.464263
-7344.330218 -1554.827911 -1529.884205
-7344.131511 -1556.731605 -1529.304147
-7343.932804 -1558.635298 -1528.724088
-7343.734097 -1560.538991 -1528.144030
-7343.535391 -1562.442684 -1527.563972
-7343.336684 -1564.346378 -1526.983914
-7343.137977 -1566.250071 -1526.403856
-7342.939270 -1568.153764 -1525.823797
-7342.740563 -1570.057457 -1525.243739
-7342.541856 -1571.961151 -1524.663681
-7342.343150 -1573.864844 -1524.083623
-7342.144443 -1575.768537 -1523.503564
-7341.945736 -1577.672230 -1522.923506
-7341.747029 -1579.575924 -1522.343448
-7341.548322 -1581.479617 -1521.763390
-7341.349615 -1583.383310 -1521.183331
-7341.150909 -1585.287003 -1520.603273
-7340.952202 -1587.190697 -1520.023215
-7340.753495 -1589.094390 -1519.443157
-7340.554788 -1590.998083 -1518.863099
-7340.356081 -1592.901777 -1518.283040
-7340.157374 -1594.805470 -1517.702982
-7339.958667 -1596.709163 -1517.122924
-7339.759961 -1598.612856 -1516.542866
-7339.561254 -1600.516550 -1515.962807
-7339.362547 -1602.420243 -1515.382749
-7339.163840 -1604.323936 -1514.802691
-7338.965133 -1606.227629 -1514.222633
-7338.766426 -1608.131323 -1513.642574
-7338.567720 -1610.035016 -1513.062516
-7338.369013 -1611.938709 -1512.482458
-7338.170306 -1613.842402 -1511.902400
-7337.971599 -1615.746096 -1511.322341
-7337.772892 -1617.649789 -1510.742283
-7337.574185 -1619.553482 -1510.162225
-7337.375478 -1621.457175 -1509.582167
-7337.176772 -1623.360869 -1509.002109
-7336.978065 -1625.264562 -1508.422050
-7336.779358 -1627.168255 -1507.841992
-7336.580651 -1629.071949 -1507.261934
-7336.381944 -1630.975642 -1506.681876
-7336.183237 -1632.879335 -1506.101817
-7335.984531 -1634.783028 -1505.521759
-7335.785824 -1636.686722 -1504.941701
-7335.587117 -1638.590415 -1504.361643
-7335.388410 -1640.494108 -1503.781584
-7335.189703 -1642.397801 -1503.201526
-7334.990996 -1644.301495 -1502.621468
-7334.792289 -1646.205188 -1502.041410
-7334.593583 -1648.108881 -1501.461352
-7334.394876 -1650.012574 -1500.881293
-7334.196169 -1651.916268 -1500.301235
-7333.997462 -1653.819961 -1499.721177
-7333.798755 -1655.723654 -1499.141119
-7333.600048 -1657.627347 -1498.561060
-7333.401342 -1659.531041 -1497.981002
-7333.202635 -1661.434734 -1497.400944
-7333.003928 -1663.338427 -1496.820886
-7332.805221 -1665.242121 -1496.240827
-7332.606514 -1667.145814 -1495.660769
-7332.407807 -1669.049507 -1495.080711
-7332.209101 -1670.953200 -1494.500653
-7332.010394 -1672.856894 -1493.920595
-7331.811687 -1674.760587 -1493.340536
-7331.612980 -1676.664280 -1492.760478
-7331.414273 -1678.567973 -1492.180420
-7331.215566 -1680.471667 -1491.600362
-7331.016859 -1682.375360 -1491.020303
-7330.818153 -1684.279053 -1490.440245
-7330.619446 -1686.182746 -1489.860187
-7330.420739 -1688.086440 -1489.280129
-7330.222032 -1689.990133 -1488.700070
-7330.023325 -1691.893826 -1488.120012
-7329.824618 -1693.797519 -1487.539954
-7329.625912 -1695.701213 -1486.959896
-7329.427205 -1697.604906 -1486.379838
-7329.228498 -1699.508599 -1485.799779
-7329.029791 -1701.412292 -1485.219721
-7328.831084 -1703.315986 -1484.639663
-7328.632377 -1705.219679 -1484.059605
-7328.433670 -1707.123372 -1483.479546
-7328.234964 -1709.027066 -1482.899488
-7328.036257 -1710.930759 -1482.319430
-7327.837550 -1712.834452 -1481.739372
-7327.638843 -1714.738145 -1481.159313
-7327.440136 -1716.641839 -1480.579255
-7327.241429 -1718.545532 -1479.999197
-7327.042723 -1720.449225 -1479.419139
-7326.844016 -1722.352918 -1478.839080
-7326.645309 -1724.256612 -1478.259022
-7326.446602 -1726.160305 -1477.678964
-7326.247895 -1728.063998 -1477.098906
-7326.049188 -1729.967691 -1476.518848
-7325.850481 -1731.871385 -1475.938789
-7325.651775 -1733.775078 -1475.358731
-7325.453068 -1735.678771 -1474.778673
-7325.254361 -1737.582464 -1474.198615
-7325.055654 -1739.486158 -1473.618556
-7324.856947 -1741.389851 -1473.038498
-7324.658240 -1743.293544 -1472.458440
-7324.459534 -1745.197238 -1471.878382
-7324.260827 -1747.100931 -1471.298323
-7324.062120 -1749.004624 -1470.718265
-7323.863413 -1750.908317 -1470.138207
-7323.664706 -1752.812011 -1469.558149
-7323.465999 -1754.715704 -1468.978091
-7323.267293 -1756.619397 -1468.398032
-7323.068586 -1758.523090 -1467.817974
-7322.869879 -1760.426784 -1467.237916
-7322.671172 -1762.330477 -1466.657858
-7322.472465 -1764.234170 -1466.077799
-7322.273758 -1766.137863 -1465.497741
-7322.075051 -1768.041557 -1464.917683
-7321.876345 -1769.945250 -1464.337625
-7321.677638 -1771.848943 -1463.757566
-7321.478931 -1773.752636 -1463.177508
-7321.280224 -1775.656330 -1462.597450
-7321.081517 -1777.560023 -1462.017392
-7320.882810 -1779.463716 -1461.437334
-7320.684104 -1781.367410 -1460.857275
-7320.485397 -1783.271103 -1460.277217
-7320.286690 -1785.174796 -1459.697159
-7320.087983 -1787.078489 -1459.117101
-7319.889276 -1788.982183 -1458.537042
-7319.690569 -1790.885876 -1457.956984
-7319.491862 -1792.789569 -1457.376926
-7319.293156 -1794.693262 -1456.796868
-7319.094449 -1796.596956 -1456.216809
-7318.895742 -1798.500649 -1455.636751
-7318.697035 -1800.404342 -1455.056693
-7318.498328 -1802.308035 -1454.476635
-7318.299621 -1804.211729 -1453.896576
-7318.100915 -1806.115422 -1453.316518
-7317.902208 -1808.019115 -1452.736460
-7317.703501 -1809.922808 -1452.156402
-7317.504794 -1811.826502 -1451.576344
-7317.306087 -1813.730195 -1450.996285
-7317.107380 -1815.633888 -1450.416227
-7316.908673 -1817.537581 -1449.836169
-7316.709967 -1819.441275 -1449.256111
-7316.511260 -1821.344968 -1448.676052
-7316.312553 -1823.248661 -1448.095994
-7316.113846 -1825.152355 -1447.515936
-7315.915139 -1827.056048 -1446.935878
-7315.716432 -1828.959741 -1446.355819
-7315.517726 -1830.863434 -1445.775761
-7315.319019 -1832.767128 -1445.195703
-7315.120312 -1834.670821 -1444.615645
-7314.921605 -1836.574514 -1444.035587
-7314.722898 -1838.478207 -1443.455528
-7314.524191 -1840.381901 -1442.875470
-7314.325485 -1842.285594 -1442.295412
-7314.126778 -1844.189287 -1441.715354
-7313.928071 -1846.092980 -1441.135295
-7313.729364 -1847.996674 -1440.555237
-7313.530657 -1849.900367 -1439.975179
-7313.331950 -1851.804060 -1439.395121
-7313.133243 -1853.707753 -1438.815062
-7312.934537 -1855.611447 -1438.235004
-7312.735830 -1857.515140 -1437.654946
-7312.537123 -1859.418833 -1437.074888
-7312.338416 -1861.322527 -1436.494830
-7312.139709 -1863.226220 -1435.914771
-7311.941002 -1865.129913 -1435.334713
-7311.742296 -1867.033606 -1434.754655
-7311.543589 -1868.937300 -1434.174597
-7311.344882 -1870.840993 -1433.594538
-7311.146175 -1872.744686 -1433.014480
-7310.947468 -1874.648379 -1432.434422
-7310.748761 -1876.552073 -1431.854364
-7310.550054 -1878.455766 -1431.274305
-7310.351348 -1880.359459 -1430.694247
-7310.152641 -1882.263152 -1430.114189
-7309.953934 -1884.166846 -1429.534131
-7309.755227 -1886.070539 -1428.954073
-7309.556520 -1887.974232 -1428.374014
-7309.357813 -1889.877925 -1427.793956
-7309.159107 -1891.781619 -1427.213898
-7308.960400 -1893.685312 -1426.633840
-7308.761693 -1895.589005 -1426.053781
-7308.562986 -1897.492699 -1425.473723
-7308.364279 -1899.396392 -1424.893665
-7308.165572 -1901.300085 -1424.313607
-7307.966865 -1903.203778 -1423.733548
-7307.768159 -1905.107472 -1423.153490
-7307.569452 -1907.011165 -1422.573432
-7307.370745 -1908.914858 -1421.993374
-7307.172038 -1910.818551 -1421.413315
-7306.973331 -1912.722245 -1420.833257
-7306.774624 -1914.625938 -1420.253199
-7306.575918 -1916.529631 -1419.673141
-7306.377211 -1918.433324 -1419.093083
-7306.178504 -1920.337018 -1418.513024
-7305.979797 -1922.240711 -1417.932966
-7305.781090 -1924.144404 -1417.352908
-7305.582383 -1926.048097 -1416.772850
-7305.383677 -1927.951791 -1416.192791
-7305.184970 -1929.855484 -1415.612733
-7304.986263 -1931.759177 -1415.032675
-7304.787556 -1933.662870 -1414.452617
-7304.588849 -1935.566564 -1413.872558
-7304.390142 -1937.470257 -1413.292500
-7304.191435 -1939.373950 -1412.712442
-7303.992729 -1941.277644 -1412.132384
-7303.794022 -1943.181337 -1411.552326
-7303.595315 -1945.085030 -1410.972267
-7303.396608 -1946.988723 -1410.392209
-7303.197901 -1948.892417 -1409.812151
-7302.999194 -1950.796110 -1409.232093
-7302.800488 -1952.699803 -1408.652034
-7302.601781 -1954.603496 -1408.071976
-7302.403074 -1956.507190 -1407.491918
-7302.204367 -1958.410883 -1406.911860
-7302.005660 -1960.314576 -1406.331801
-7301.806953 -1962.218269 -1405.751743
-7301.608246 -1964.121963 -1405.171685
-7301.409540 -1966.025656 -1404.591627
-7301.210833 -1967.929349 -1404.011569
-7301.012126 -1969.833042 -1403.431510
-7300.813419 -1971.736736 -1402.851452
-7300.614712 -1973.640429 -1402.271394
-7300.416005 -1975.544122 -1401.691336
-7300.217299 -1977.447816 -1401.111277
-7300.018592 -1979.351509 -1400.531219
-7299.819885 -1981.255202 -1399.951161
-7299.621178 -1983.158895 -1399.371103
-7299.422471 -1985.062589 -1398.791044
-7299.223764 -1986.966282 -1398.210986
-7299.025058 -1988.869975 -1397.630928
-7298.826351 -1990.773668 -1397.050870
-7298.627644 -1992.677362 -1396.470811
-7298.428937 -1994.581055 -1395.890753
-7298.230230 -1996.484748 -1395.310695
-7298.031523 -1998.388441 -1394.730637
-7297.832816 -2000.292135 -1394.150579
-7297.634110 -2002.195828 -1393.570520
-7297.435403 -2004.099521 -1392.990462
-7297.236696 -2006.003214 -1392.410404
-7297.037989 -2007.906908 -1391.830346
-7296.839282 -2009.810601 -1391.250287
-7296.640575 -2011.714294 -1390.670229
-7296.441869 -2013.617988 -1390.090171
-7296.243162 -2015.521681 -1389.510113
-7296.044455 -2017.425374 -1388.930054
-7295.845748 -2019.329067 -1388.349996
-7295.647041 -2021.232761 -1387.769938
-7295.448334 -2023.136454 -1387.189880
-7295.249627 -2025.040147 -1386.609822
-7295.050921 -2026.943840 -1386.029763
-7294.852214 -2028.847534 -1385.449705
-7294.653507 -2030.751227 -1384.869647
-7294.454800 -2032.654920 -1384.289589
-7294.256093 -2034.558613 -1383.709530
-7294.057386 -2036.462307 -1383.129472
-7293.858680 -2038.366000 -1382.549414
-7293.659973 -2040.269693 -1381.969356
-7293.461266 -2042.173386 -1381.389297
-7293.262559 -2044.077080 -1380.809239
-7293.063852 -2045.980773 -1380.229181
-7292.865145 -2047.884466 -1379.649123
-7292.666438 -2049.788159 -1379.069065
-7292.467732 -2051.691853 -1378.489006
-7292.269025 -2053.595546 -1377.908948
-7292.070318 -2055.499239 -1377.328890
-7291.871611 -2057.402933 -1376.748832
-7291.672904 -2059.306626 -1376.168773
-7291.474197 -2061.210319 -1375.588715
-7291.275491 -2063.114012 -1375.008657
-7291.076784 -2065.017706 -1374.428599
-7290.878077 -2066.921399 -1373.848540
-7290.679370 -2068.825092 -1373.268482
-7290.480663 -2070.728785 -1372.688424
-7290.281956 -2072.632479 -1372.108366
-7290.083250 -2074.536172 -1371.528308
-7289.884543 -2076.439865 -1370.948249
-7289.685836 -2078.343558 -1370.368191
-7289.487129 -2080.247252 -1369.788133
-7289.288422 -2082.150945 -1369.208075
-7289.089715 -2084.054638 -1368.628016
-7288.891008 -2085.958331 -1368.047958
-7288.692302 -2087.862025 -1367.467900
-7288.493595 -2089.765718 -1366.887842
-7288.294888 -2091.669411 -1366.307783
-7288.096181 -2093.573105 -1365.727725
-7287.897474 -2095.476798 -1365.147667
-7287.698767 -2097.380491 -1364.567609
-7287.500061 -2099.284184 -1363.987550
-7287.301354 -2101.187878 -1363.407492
-7287.102647 -2103.091571 -1362.827434
-7286.903940 -2104.995264 -1362.247376
-7286.705233 -2106.898957 -1361.667318
-7286.506526 -2108.802651 -1361.087259
-7286.307819 -2110.706344 -1360.507201
-7286.109113 -2112.610037 -1359.927143
-7285.910406 -2114.513730 -1359.347085
-7285.711699 -2116.417424 -1358.767026
-7285.512992 -2118.321117 -1358.186968
-7285.314285 -2120.224810 -1357.606910
-7285.115578 -2122.128503 -1357.026852
-7284.916872 -2124.032197 -1356.446793
-7284.718165 -2125.935890 -1355.866735
-7284.519458 -2127.839583 -1355.286677
-7284.320751 -2129.743277 -1354.706619
-7284.122044 -2131.646970 -1354.126561
-7283.923337 -2133.550663 -1353.546502
-7283.724630 -2135.454356 -1352.966444
-7283.525924 -2137.358050 -1352.386386
-7283.327217 -2139.261743 -1351.806328
-7283.128510 -2141.165436 -1351.226269
-7282.929803 -2143.069129 -1350.646211
-7282.731096 -2144.972823 -1350.066153
-7282.532389 -2146.876516 -1349.486095
-7282.333683 -2148.780209 -1348.906036
-7282.134976 -2150.683902 -1348.325978
-7281.936269 -2152.587596 -1347.745920
-7281.737562 -2154.491289 -1347.165862
-7281.538855 -2156.394982 -1346.585804
-7281.340148 -2158.298675 -1346.005745
-7281.141442 -2160.202369 -1345.425687
-7280.942735 -2162.106062 -1344.845629
-7280.744028 -2164.009755 -1344.265571
-7280.545321 -2165.913449 -1343.685512
-7280.346614 -2167.817142 -1343.105454
-7280.147907 -2169.720835 -1342.525396
-7279.949200 -2171.624528 -1341.945338
-7279.750494 -2173.528222 -1341.365279
-7279.551787 -2175.431915 -1340.785221
-7279.353080 -2177.335608 -1340.205163
-7279.154373 -2179.239301 -1339.625105
-7278.955666 -2181.142995 -1339.045046
-7278.756959 -2183.046688 -1338.464988
-7278.558253 -2184.950381 -1337.884930
-7278.359546 -2186.854074 -1337.304872
-7278.160839 -2188.757768 -1336.724814
-7277.962132 -2190.661461 -1336.144755
-7277.763425 -2192.565154 -1335.564697
-7277.564718 -2194.468847 -1334.984639
-7277.366011 -2196.372541 -1334.404581
-7277.167305 -2198.276234 -1333.824522
-7276.968598 -2200.179927 -1333.244464
-7276.769891 -2202.083620 -1332.664406
-7276.571184 -2203.987314 -1332.084348
-7276.372477 -2205.891007 -1331.504289
-7276.173770 -2207.794700 -1330.924231
-7275.975064 -2209.698394 -1330.344173
-7275.776357 -2211.602087 -1329.764115
-7275.577650 -2213.505780 -1329.184057
-7275.378943 -2215.409473 -1328.603998
-7275.180236 -2217.313167 -1328.023940
-7274.981529 -2219.216860 -1327.443882
-7274.782822 -2221.120553 -1326.863824
-7274.584116 -2223.024246 -1326.283765
-7274.385409 -2224.927940 -1325.703707
-7274.186702 -2226.831633 -1325.123649
-7273.987995 -2228.735326 -1324.543591
-7273.789288 -2230.639019 -1323.963532
-7273.590581 -2232.542713 -1323.383474
-7273.391875 -2234.446406 -1322.803416
-7273.193168 -2236.350099 -1322.223358
-7272.994461 -2238.253792 -1321.643300
-7272.795754 -2240.157486 -1321.063241
-7272.597047 -2242.061179 -1320.483183
-7272.398340 -2243.964872 -1319.903125
-7272.199634 -2245.868566 -1319.323067
-7272.000927 -2247.772259 -1318.743008
-7271.802220 -2249.675952 -1318.162950
-7271.603513 -2251.579645 -1317.582892
-7271.404806 -2253.483339 -1317.002834
-7271.206099 -2255.387032 -1316.422775
-7271.007392 -2257.290725 -1315.842717
-7270.808686 -2259.194418 -1315.262659
-7270.609979 -2261.098112 -1314.682601
-7270.411272 -2263.001805 -1314.102543
-7270.212565 -2264.905498 -1313.522484
-7270.013858 -2266.809191 -1312.942426
-7269.815151 -2268.712885 -1312.362368
-7269.616445 -2270.616578 -1311.782310
-7269.417738 -2272.520271 -1311.202251
-7269.219031 -2274.423964 -1310.622193
-7269.020324 -2276.327658 -1310.042135
-7268.821617 -2278.231351 -1309.462077
-7268.622910 -2280.135044 -1308.882018
-7268.424203 -2282.038738 -1308.301960
-7268.225497 -2283.942431 -1307.721902
-7268.026790 -2285.846124 -1307.141844
-7267.828083 -2287.749817 -1306.561785
-7267.629376 -2289.653511 -1305.981727
-7267.430669 -2291.557204 -1305.401669
-7267.231962 -2293.460897 -1304.821611
-7267.033256 -2295.364590 -1304.241553
-7266.834549 -2297.268284 -1303.661494
-7266.635842 -2299.171977 -1303.081436
-7266.437135 -2301.075670 -1302.501378
-7266.238428 -2302.979363 -1301.921320
-7266.039721 -2304.883057 -1301.341261
-7265.841014 -2306.786750 -1300.761203
-7265.642308 -2308.690443 -1300.181145
-7265.443601 -2310.594136 -1299.601087
-7265.244894 -2312.497830 -1299.021028
-7265.046187 -2314.401523 -1298.440970
-7264.847480 -2316.305216 -1297.860912
-7264.648773 -2318.208909 -1297.280854
-7264.450067 -2320.112603 -1296.700796
-7264.251360 -2322.016296 -1296.120737
-7264.052653 -2323.919989 -1295.540679
-7263.853946 -2325.823683 -1294.960621
-7263.655239 -2327.727376 -1294.380563
-7263.456532 -2329.631069 -1293.800504
-7263.257826 -2331.534762 -1293.220446
-7263.059119 -2333.438456 -1292.640388
-7262.860412 -2335.342149 -1292.060330
-7262.661705 -2337.245842 -1291.480271
-7262.462998 -2339.149535 -1290.900213
-7262.264291 -2341.053229 -1290.320155
-7262.065584 -2342.956922 -1289.740097
-7261.866878 -2344.860615 -1289.160039
-7261.668171 -2346.764308 -1288.579980
-7261.469464 -2348.668002 -1287.999922
-7261.270757 -2350.571695 -1287.419864
-7261.072050 -2352.475388 -1286.839806
-7260.873343 -2354.379081 -1286.259747
-7260.674637 -2356.282775 -1285.679689
-7260.475930 -2358.186468 -1285.099631
-7260.277223 -2360.090161 -1284.519573
-7260.078516 -2361.993855 -1283.939514
-7259.879809 -2363.897548 -1283.359456
-7259.681102 -2365.801241 -1282.779398
-7259.482395 -2367.704934 -1282.199340
-7259.283689 -2369.608628 -1281.619281
-7259.084982 -2371.512321 -1281.039223
-7258.886275 -2373.416014 -1280.459165
-7258.687568 -2375.319707 -1279.879107
-7258.488861 -2377.223401 -1279.299049
-7258.290154 -2379.127094 -1278.718990
-7258.091448 -2381.030787 -1278.138932
-7257.892741 -2382.934480 -1277.558874
-7257.694034 -2384.838174 -1276.978816
-7257.495327 -2386.741867 -1276.398757
-7257.296620 -2388.645560 -1275.818699
-7257.097913 -2390.549253 -1275.238641
-7256.899206 -2392.452947 -1274.658583
-7256.700500 -2394.356640 -1274.078524
-7256.501793 -2396.260333 -1273.498466
-7256.303086 -2398.164027 -1272.918408
-7256.104379 -2400.067720 -1272.338350
-7255.905672 -2401.971413 -1271.758292
-7255.706965 -2403.875106 -1271.178233
-7255.508259 -2405.778800 -1270.598175
-7255.309552 -2407.682493 -1270.018117
-7255.110845 -2409.586186 -1269.438059
-7254.912138 -2411.489879 -1268.858000
-7254.713431 -2413.393573 -1268.277942
-7254.514724 -2415.297266 -1267.697884
-7254.316018 -2417.200959 -1267.117826
-7254.117311 -2419.104652 -1266.537767
-7253.918604 -2421.008346 -1265.957709
-7253.719897 -2422.912039 -1265.377651
-7253.521190 -2424.815732 -1264.797593
-7253.322483 -2426.719425 -1264.217535
-7253.123776 -2428.623119 -1263.637476
-7252.925070 -2430.526812 -1263.057418
-7252.726363 -2432.430505 -1262.477360
-7252.527656 -2434.334198 -1261.897302
-7252.328949 -2436.237892 -1261.317243
-7252.130242 -2438.141585 -1260.737185
-7251.931535 -2440.045278 -1260.157127
-7251.732829 -2441.948972 -1259.577069
-7251.534122 -2443.852665 -1258.997010
-7251.335415 -2445.756358 -1258.416952
-7251.136708 -2447.660051 -1257.836894
-7250.938001 -2449.563745 -1257.256836
-7250.739294 -2451.467438 -1256.676778
-7250.540587 -2453.371131 -1256.096719
-7250.341881 -2455.274824 -1255.516661
-7250.143174 -2457.178518 -1254.936603
-7249.944467 -2459.082211 -1254.356545
-7249.745760 -2460.985904 -1253.776486
-7249.547053 -2462.889597 -1253.196428
-7249.348346 -2464.793291 -1252.616370
-7249.149640 -2466.696984 -1252.036312
-7248.950933 -2468.600677 -1251.456253
-7248.752226 -2470.504370 -1250.876195
-7248.553519 -2472.408064 -1250.296137
-7248.354812 -2474.311757 -1249.716079
-7248.156105 -2476.215450 -1249.136020
-7247.957398 -2478.119144 -1248.555962
-7247.758692 -2480.022837 -1247.975904
-7247.559985 -2481.926530 -1247.395846
-7247.361278 -2483.830223 -1246.815788
-7247.162571 -2485.733917 -1246.235729
-7246.963864 -2487.637610 -1245.655671
-7246.765157 -2489.541303 -1245.075613
-7246.566451 -2491.444996 -1244.495555
-7246.367744 -2493.348690 -1243.915496
-7246.169037 -2495.252383 -1243.335438
-7245.970330 -2497.156076 -1242.755380
-7245.771623 -2499.059769 -1242.175322
-7245.572916 -2500.963463 -1241.595263
-7245.374210 -2502.867156 -1241.015205
-7245.175503 -2504.770849 -1240.435147
-7244.976796 -2506.674542 -1239.855089
-7244.778089 -2508.578236 -1239.275031
-7244.579382 -2510.481929 -1238.694972
-7244.380675 -2512.385622 -1238.114914
-7244.181968 -2514.289316 -1237.534856
-7243.983262 -2516.193009 -1236.954798
-7243.784555 -2518.096702 -1236.374739
-7243.585848 -2520.000395 -1235.794681
-7243.387141 -2521.904089 -1235.214623
-7243.188434 -2523.807782 -1234.634565
-7242.989727 -2525.711475 -1234.054506
-7242.791021 -2527.615168 -1233.474448
-7242.592314 -2529.518862 -1232.894390
-7242.393607 -2531.422555 -1232.314332
-7242.194900 -2533.326248 -1231.734274
-7241.996193 -2535.229941 -1231.154215
-7241.797486 -2537.133635 -1230.574157
-7241.598779 -2539.037328 -1229.994099
-7241.400073 -2540.941021 -1229.414041
-7241.201366 -2542.844714 -1228.833982
-7241.002659 -2544.748408 -1228.253924
-7240.803952 -2546.652101 -1227.673866
-7240.605245 -2548.555794 -1227.093808
-7240.406538 -2550.459487 -1226.513749
-7240.207832 -2552.363181 -1225.933691
-7240.009125 -2554.266874 -1225.353633
-7239.810418 -2556.170567 -1224.773575
-7239.611711 -2558.074261 -1224.193516
-7239.413004 -2559.977954 -1223.613458
-7239.214297 -2561.881647 -1223.033400
-7239.015591 -2563.785340 -1222.453342
-7238.816884 -2565.689034 -1221.873284
-7238.618177 -2567.592727 -1221.293225
-7238.419470 -2569.496420 -1220.713167
-7238.220763 -2571.400113 -1220.133109
-7238.022056 -2573.303807 -1219.553051
-7237.823349 -2575.207500 -1218.972992
-7237.624643 -2577.111193 -1218.392934
-7237.425936 -2579.014886 -1217.812876
-7237.227229 -2580.918580 -1217.232818
-7237.028522 -2582.822273 -1216.652759
-7236.829815 -2584.725966 -1216.072701
-7236.631108 -2586.629659 -1215.492643
-7236.432402 -2588.533353 -1214.912585
-7236.233695 -2590.437046 -1214.332527
-7236.034988 -2592.340739 -1213.752468
-7235.836281 -2594.244433 -1213.172410
-7235.637574 -2596.148126 -1212.592352
-7235.438867 -2598.051819 -1212.012294
-7235.240160 -2599.955512 -1211.432235
-7235.041454 -2601.859206 -1210.852177
-7234.842747 -2603.762899 -1210.272119
-7234.644040 -2605.666592 -1209.692061
-7234.445333 -2607.570285 -1209.112002
-7234.246626 -2609.473979 -1208.531944
-7234.047919 -2611.377672 -1207.951886
-7233.849213 -2613.281365 -1207.371828
-7233.650506 -2615.185058 -1206.791770
-7233.451799 -2617.088752 -1206.211711
-7233.253092 -2618.992445 -1205.631653
-7233.054385 -2620.896138 -1205.051595
-7232.855678 -2622.799831 -1204.471537
-7232.656971 -2624.703525 -1203.891478
-7232.458265 -2626.607218 -1203.311420
-7232.259558 -2628.510911 -1202.731362
-7232.060851 -2630.414605 -1202.151304
-7231.862144 -2632.318298 -1201.571245
-7231.663437 -2634.221991 -1200.991187
-7231.464730 -2636.125684 -1200.411129
-7231.266024 -2638.029378 -1199.831071
-7231.067317 -2639.933071 -1199.251012
-7230.868610 -2641.836764 -1198.670954
-7230.669903 -2643.740457 -1198.090896
-7230.471196 -2645.644151 -1197.510838
-7230.272489 -2647.547844 -1196.930780
-7230.073783 -2649.451537 -1196.350721
-7229.875076 -2651.355230 -1195.770663
-7229.676369 -2653.258924 -1195.190605
-7229.477662 -2655.162617 -1194.610547
-7229.278955 -2657.066310 -1194.030488
-7229.080248 -2658.970003 -1193.450430
-7228.881541 -2660.873697 -1192.870372
-7228.682835 -2662.777390 -1192.290314
-7228.484128 -2664.681083 -1191.710255
-7228.285421 -2666.584776 -1191.130197
-7228.086714 -2668.488470 -1190.550139
-7227.888007 -2670.392163 -1189.970081
-7227.689300 -2672.295856 -1189.390023
-7227.490594 -2674.199550 -1188.809964
-7227.291887 -2676.103243 -1188.229906
-7227.093180 -2678.006936 -1187.649848
-7226.894473 -2679.910629 -1187.069790
-7226.695766 -2681.814323 -1186.489731
-7226.497059 -2683.718016 -1185.909673
-7226.298352 -2685.621709 -1185.329615
-7226.099646 -2687.525402 -1184.749557
-7225.900939 -2689.429096 -1184.169498
-7225.702232 -2691.332789 -1183.589440
-7225.503525 -2693.236482 -1183.009382
-7225.304818 -2695.140175 -1182.429324
-7225.106111 -2697.043869 -1181.849266
-7224.907405 -2698.947562 -1181.269207
-7224.708698 -2700.851255 -1180.689149
-7224.509991 -2702.754948 -1180.109091
-7224.311284 -2704.658642 -1179.529033
-7224.112577 -2706.562335 -1178.948974
-7223.913870 -2708.466028 -1178.368916
-7223.715163 -2710.369722 -1177.788858
-7223.516457 -2712.273415 -1177.208800
-7223.317750 -2714.177108 -1176.628741
-7223.119043 -2716.080801 -1176.048683
-7222.920336 -2717.984495 -1175.468625
-7222.721629 -2719.888188 -1174.888567
-7222.522922 -2721.791881 -1174.308509
-7222.324216 -2723.695574 -1173.728450
-7222.125509 -2725.599268 -1173.148392
-7221.926802 -2727.502961 -1172.568334
-7221.728095 -2729.406654 -1171.988276
-7221.529388 -2731.310347 -1171.408217
-7221.330681 -2733.214041 -1170.828159
-7221.131975 -2735.117734 -1170.248101
-7220.933268 -2737.021427 -1169.668043
-7220.734561 -2738.925120 -1169.087984
-7220.535854 -2740.828814 -1168.507926
-7220.337147 -2742.732507 -1167.927868
-7220.138440 -2744.636200 -1167.347810
-7219.939733 -2746.539894 -1166.767751
-7219.741027 -2748.443587 -1166.187693
-7219.542320 -2750.347280 -1165.607635
-7219.343613 -2752.250973 -1165.027577
-7219.144906 -2754.154667 -1164.447519
-7218.946199 -2756.058360 -1163.867460
-7218.747492 -2757.962053 -1163.287402
-7218.548786 -2759.865746 -1162.707344
-7218.350079 -2761.769440 -1162.127286
-7218.151372 -2763.673133 -1161.547227
-7217.952665 -2765.576826 -1160.967169
-7217.753958 -2767.480519 -1160.387111
-7217.555251 -2769.384213 -1159.807053
-7217.356544 -2771.287906 -1159.226994
-7217.157838 -2773.191599 -1158.646936
-7216.959131 -2775.095292 -1158.066878
-7216.760424 -2776.998986 -1157.486820
-7216.561717 -2778.902679 -1156.906762
-7216.363010 -2780.806372 -1156.326703
-7216.164303 -2782.710066 -1155.746645
-7215.965597 -2784.613759 -1155.166587
-7215.766890 -2786.517452 -1154.586529
-7215.568183 -2788.421145 -1154.006470
-7215.369476 -2790.324839 -1153.426412
-7215.170769 -2792.228532 -1152.846354
-7214.972062 -2794.132225 -1152.266296
-7214.773355 -2796.035918 -1151.686237
-7214.574649 -2797.939612 -1151.106179
-7214.375942 -2799.843305 -1150.526121
-7214.177235 -2801.746998 -1149.946063
-7213.978528 -2803.650691 -1149.366005
-7213.779821 -2805.554385 -1148.785946
-7213.581114 -2807.458078 -1148.205888
-7213.382408 -2809.361771 -1147.625830
-7213.183701 -2811.265464 -1147.045772
-7212.984994 -2813.169158 -1146.465713
-7212.786287 -2815.072851 -1145.885655
-7212.587580 -2816.976544 -1145.305597
-7212.388873 -2818.880237 -1144.725539
-7212.190167 -2820.783931 -1144.145480
-7211.991460 -2822.687624 -1143.565422
-7211.792753 -2824.591317 -1142.985364
-7211.594046 -2826.495011 -1142.405306
-7211.395339 -2828.398704 -1141.825247
-7211.196632 -2830.302397 -1141.245189
-7210.997925 -2832.206090 -1140.665131
-7210.799219 -2834.109784 -1140.085073
-7210.600512 -2836.013477 -1139.505015
-7210.401805 -2837.917170 -1138.924956
-7210.203098 -2839.820863 -1138.344898
-7210.004391 -2841.724557 -1137.764840
-7209.805684 -2843.628250 -1137.184782
-7209.606978 -2845.531943 -1136.604723
-7209.408271 -2847.435636 -1136.024665
-7209.209564 -2849.339330 -1135.444607
-7209.010857 -2851.243023 -1134.864549
-7208.812150 -2853.146716 -1134.284490
-7208.613443 -2855.050409 -1133.704432
-7208.414736 -2856.954103 -1133.124374
-7208.216030 -2858.857796 -1132.544316
-7208.017323 -2860.761489 -1131.964258
-7207.818616 -2862.665183 -1131.384199
-7207.619909 -2864.568876 -1130.804141
-7207.421202 -2866.472569 -1130.224083
-7207.222495 -2868.376262 -1129.644025
-7207.023789 -2870.279956 -1129.063966
-7206.825082 -2872.183649 -1128.483908
-7206.626375 -2874.087342 -1127.903850
-7206.427668 -2875.991035 -1127.323792
-7206.228961 -2877.894729 -1126.743733
-7206.030254 -2879.798422 -1126.163675
-7205.831547 -2881.702115 -1125.583617
-7205.632841 -2883.605808 -1125.003559
-7205.434134 -2885.509502 -1124.423501
-7205.235427 -2887.413195 -1123.843442
-7205.036720 -2889.316888 -1123.263384
-7204.838013 -2891.220581 -1122.683326
-7204.639306 -2893.124275 -1122.103268
-7204.440600 -2895.027968 -1121.523209
-7204.241893 -2896.931661 -1120.943151
-7204.043186 -2898.835355 -1120.363093
-7203.844479 -2900.739048 -1119.783035
-7203.645772 -2902.642741 -1119.202976
-7203.447065 -2904.546434 -1118.622918
-7203.248359 -2906.450128 -1118.042860
-7203.049652 -2908.353821 -1117.462802
-7202.850945 -2910.257514 -1116.882744
-7202.652238 -2912.161207 -1116.302685
-7202.453531 -2914.064901 -1115.722627
-7202.254824 -2915.968594 -1115.142569
-7202.056117 -2917.872287 -1114.562511
-7201.857411 -2919.775980 -1113.982452
-7201.658704 -2921.679674 -1113.402394
-7201.459997 -2923.583367 -1112.822336
-7201.261290 -2925.487060 -1112.242278
-7201.062583 -2927.390753 -1111.662219
-7200.863876 -2929.294447 -1111.082161
-7200.665170 -2931.198140 -1110.502103
-7200.466463 -2933.101833 -1109.922045
-7200.267756 -2935.005526 -1109.341986
-7200.069049 -2936.909220 -1108.761928
-7199.870342 -2938.812913 -1108.181870
-7199.671635 -2940.716606 -1107.601812
-7199.472928 -2942.620300 -1107.021754
-7199.274222 -2944.523993 -1106.441695
-7199.075515 -2946.427686 -1105.861637
-7198.876808 -2948.331379 -1105.281579
-7198.678101 -2950.235073 -1104.701521
-7198.479394 -2952.138766 -1104.121462
-7198.280687 -2954.042459 -1103.541404
-7198.081981 -2955.946152 -1102.961346
-7197.883274 -2957.849846 -1102.381288
-7197.684567 -2959.753539 -1101.801229
-7197.485860 -2961.657232 -1101.221171
-7197.287153 -2963.560925 -1100.641113
-7197.088446 -2965.464619 -1100.061055
-7196.889739 -2967.368312 -1099.480997
-7196.691033 -2969.272005 -1098.900938
-7196.492326 -2971.175698 -1098.320880
-7196.293619 -2973.079392 -1097.740822
-7196.094912 -2974.983085 -1097.160764
-7195.896205 -2976.886778 -1096.580705
-7195.697498 -2978.790472 -1096.000647
-7195.498792 -2980.694165 -1095.420589
-7195.300085 -2982.597858 -1094.840531
-7195.101378 -2984.501551 -1094.260472
-7194.902671 -2986.405245 -1093.680414
-7194.703964 -2988.308938 -1093.100356
-7194.505257 -2990.212631 -1092.520298
-7194.306551 -2992.116324 -1091.940240
-7194.107844 -2994.020018 -1091.360181
-7193.909137 -2995.923711 -1090.780123
-7193.710430 -2997.827404 -1090.200065
-7193.511723 -2999.731097 -1089.620007
-7193.313016 -3001.634791 -1089.039948
-7193.114309 -3003.538484 -1088.459890
-7192.915603 -3005.442177 -1087.879832
-7192.716896 -3007.345870 -1087.299774
-7192.518189 -3009.249564 -1086.719715
-7192.319482 -3011.153257 -1086.139657
-7192.120775 -3013.056950 -1085.559599
-7191.922068 -3014.960644 -1084.979541
-7191.723362 -3016.864337 -1084.399482
-7191.524655 -3018.768030 -1083.819424
-7191.325948 -3020.671723 -1083.239366
-7191.127241 -3022.575417 -1082.659308
-7190.928534 -3024.479110 -1082.079250
-7190.729827 -3026.382803 -1081.499191
-7190.531120 -3028.286496 -1080.919133
-7190.332414 -3030.190190 -1080.339075
-7190.133707 -3032.093883 -1079.759017
-7189.935000 -3033.997576 -1079.178958
-7189.736293 -3035.901269 -1078.598900
-7189.537586 -3037.804963 -1078.018842
-7189.338879 -3039.708656 -1077.438784
-7189.140173 -3041.612349 -1076.858725
-7188.941466 -3043.516042 -1076.278667
-7188.742759 -3045.419736 -1075.698609
-7188.544052 -3047.323429 -1075.118551
-7188.345345 -3049.227122 -1074.538493
-7188.146638 -3051.130815 -1073.958434
-7187.947931 -3053.034509 -1073.378376
-7187.749225 -3054.938202 -1072.798318
-7187.550518 -3056.841895 -1072.218260
-7187.351811 -3058.745589 -1071.638201
-7187.153104 -3060.649282 -1071.058143
-7186.954397 -3062.552975 -1070.478085
-7186.755690 -3064.456668 -1069.898027
-7186.556984 -3066.360362 -1069.317968
-7186.358277 -3068.264055 -1068.737910
-7186.159570 -3070.167748 -1068.157852
-7185.960863 -3072.071441 -1067.577794
-7185.762156 -3073.975135 -1066.997736
-7185.563449 -3075.878828 -1066.417677
-7185.364743 -3077.782521 -1065.837619
-7185.166036 -3079.686214 -1065.257561
-7184.967329 -3081.589908 -1064.677503
-7184.768622 -3083.493601 -1064.097444
-7184.569915 -3085.397294 -1063.517386
-7184.371208 -3087.300987 -1062.937328
-7184.172501 -3089.204681 -1062.357270
-7183.973795 -3091.108374 -1061.777211
-7183.775088 -3093.012067 -1061.197153
-7183.576381 -3094.915761 -1060.617095
-7183.377674 -3096.819454 -1060.037037
-7183.178967 -3098.723147 -1059.456979
-7182.980260 -3100.626840 -1058.876920
-7182.781554 -3102.530534 -1058.296862
-7182.582847 -3104.434227 -1057.716804
-7182.384140 -3106.337920 -1057.136746
-7182.185433 -3108.241613 -1056.556687
-7181.986726 -3110.145307 -1055.976629
-7181.788019 -3112.049000 -1055.396571
-7181.589312 -3113.952693 -1054.816513
-7181.390606 -3115.856386 -1054.236454
-7181.191899 -3117.760080 -1053.656396
-7180.993192 -3119.663773 -1053.076338
-7180.794485 -3121.567466 -1052.496280
-7180.595778 -3123.471159 -1051.916221
-7180.397071 -3125.374853 -1051.336163
-7180.198365 -3127.278546 -1050.756105
-7179.999658 -3129.182239 -1050.176047
-7179.800951 -3131.085933 -1049.595989
-7179.602244 -3132.989626 -1049.015930
-7179.403537 -3134.893319 -1048.435872
-7179.204830 -3136.797012 -1047.855814
-7179.006124 -3138.700706 -1047.275756
-7178.807417 -3140.604399 -1046.695697
-7178.608710 -3142.508092 -1046.115639
-7178.410003 -3144.411785 -1045.535581
-7178.211296 -3146.315479 -1044.955523
-7178.012589 -3148.219172 -1044.375464
-7177.813882 -3150.122865 -1043.795406
-7177.615176 -3152.026558 -1043.215348
-7177.416469 -3153.930252 -1042.635290
-7177.217762 -3155.833945 -1042.055232
-7177.019055 -3157.737638 -1041.475173
-7176.820348 -3159.641331 -1040.895115
-7176.621641 -3161.545025 -1040.315057
-7176.422935 -3163.448718 -1039.734999
-7176.224228 -3165.352411 -1039.154940
-7176.025521 -3167.256104 -1038.574882
-7175.826814 -3169.159798 -1037.994824
-7175.628107 -3171.063491 -1037.414766
-7175.429400 -3172.967184 -1036.834707
-7175.230693 -3174.870878 -1036.254649
-7175.031987 -3176.774571 -1035.674591
-7174.833280 -3178.678264 -1035.094533
-7174.634573 -3180.581957 -1034.514475
-7174.435866 -3182.485651 -1033.934416
-7174.237159 -3184.389344 -1033.354358
-7174.038452 -3186.293037 -1032.774300
-7173.839746 -3188.196730 -1032.194242
-7173.641039 -3190.100424 -1031.614183
-7173.442332 -3192.004117 -1031.034125
-7173.243625 -3193.907810 -1030.454067
-7173.044918 -3195.811503 -1029.874009
-7172.846211 -3197.715197 -1029.293950
-7172.647504 -3199.618890 -1028.713892
-7172.448798 -3201.522583 -1028.133834
-7172.250091 -3203.426276 -1027.553776
-7172.051384 -3205.329970 -1026.973717
-7171.852677 -3207.233663 -1026.393659
-7171.653970 -3209.137356 -1025.813601
-7171.455263 -3211.041050 -1025.233543
-7171.256557 -3212.944743 -1024.653485
-7171.057850 -3214.848436 -1024.073426
-7170.859143 -3216.752129 -1023.493368
-7170.660436 -3218.655823 -1022.913310
-7170.461729 -3220.559516 -1022.333252
-7170.263022 -3222.463209 -1021.753193
-7170.064316 -3224.366902 -1021.173135
-7169.865609 -3226.270596 -1020.593077
-7169.666902 -3228.174289 -1020.013019
-7169.468195 -3230.077982 -1019.432960
-7169.269488 -3231.981675 -1018.852902
-7169.070781 -3233.885369 -1018.272844
-7168.872074 -3235.789062 -1017.692786
-7168.673368 -3237.692755 -1017.112728
-7168.474661 -3239.596448 -1016.532669
-7168.275954 -3241.500142 -1015.952611
-7168.077247 -3243.403835 -1015.372553
-7167.878540 -3245.307528 -1014.792495
-7167.679833 -3247.211222 -1014.212436
-7167.481127 -3249.114915 -1013.632378
-7167.282420 -3251.018608 -1013.052320
-7167.083713 -3252.922301 -1012.472262
-7166.885006 -3254.825995 -1011.892203
-7166.686299 -3256.729688 -1011.312145
-7166.487592 -3258.633381 -1010.732087
-7166.288885 -3260.537074 -1010.152029
-7166.090179 -3262.440768 -1009.571971
-7165.891472 -3264.344461 -1008.991912
-7165.692765 -3266.248154 -1008.411854
-7165.494058 -3268.151847 -1007.831796
-7165.295351 -3270.055541 -1007.251738
-7165.096644 -3271.959234 -1006.671679
-7164.897938 -3273.862927 -1006.091621
-7164.699231 -3275.766620 -1005.511563
-7164.500524 -3277.670314 -1004.931505
-7164.301817 -3279.574007 -1004.351446
-7164.103110 -3281.477700 -1003.771388
-7163.904403 -3283.381393 -1003.191330
-7163.705696 -3285.285087 -1002.611272
-7163.506990 -3287.188780 -1002.031214
-7163.308283 -3289.092473 -1001.451155
-7163.109576 -3290.996167 -1000.871097
-7162.910869 -3292.899860 -1000.291039
-7162.712162 -3294.803553 -999.710981
-7162.513455 -3296.707246 -999.130922
-7162.314749 -3298.610940 -998.550864
-7162.116042 -3300.514633 -997.970806
-7161.917335 -3302.418326 -997.390748
-7161.718628 -3304.322019 -996.810689
-7161.519921 -3306.225713 -996.230631
-7161.321214 -3308.129406 -995.650573
-7161.122508 -3310.033099 -995.070515
-7160.923801 -3311.936792 -994.490456
-7160.725094 -3313.840486 -993.910398
-7160.526387 -3315.744179 -993.330340
-7160.327680 -3317.647872 -992.750282
-7160.128973 -3319.551565 -992.170224
-7159.930266 -3321.455259 -991.590165
-7159.731560 -3323.358952 -991.010107
-7159.532853 -3325.262645 -990.430049
-7159.334146 -3327.166339 -989.849991
-7159.135439 -3329.070032 -989.269932
-7158.936732 -3330.973725 -988.689874
-7158.738025 -3332.877418 -988.109816
-7158.539319 -3334.781112 -987.529758
-7158.340612 -3336.684805 -986.949699
-7158.141905 -3338.588498 -986.369641
-7157.943198 -3340.492191 -985.789583
-7157.744491 -3342.395885 -985.209525
-7157.545784 -3344.299578 -984.629467
-7157.347077 -3346.203271 -984.049408
-7157.148371 -3348.106964 -983.469350
-7156.949664 -3350.010658 -982.889292
-7156.750957 -3351.914351 -982.309234
-7156.552250 -3353.818044 -981.729175
-7156.353543 -3355.721737 -981.149117
-7156.154836 -3357.625431 -980.569059
-7155.956130 -3359.529124 -979.989001
-7155.757423 -3361.432817 -979.408942
-7155.558716 -3363.336511 -978.828884
-7155.360009 -3365.240204 -978.248826
-7155.161302 -3367.143897 -977.668768
-7154.962595 -3369.047590 -977.088710
-7154.763888 -3370.951284 -976.508651
-7154.565182 -3372.854977 -975.928593
-7154.366475 -3374.758670 -975.348535
-7154.167768 -3376.662363 -974.768477
-7153.969061 -3378.566057 -974.188418
-7153.770354 -3380.469750 -973.608360
-7153.571647 -3382.373443 -973.028302
-7153.372941 -3384.277136 -972.448244
-7153.174234 -3386.180830 -971.868185
-7152.975527 -3388.084523 -971.288127
-7152.776820 -3389.988216 -970.708069
-7152.578113 -3391.891909 -970.128011
-7152.379406 -3393.795603 -969.547952
-7152.180700 -3395.699296 -968.967894
-7151.981993 -3397.602989 -968.387836
-7151.783286 -3399.506682 -967.807778
-7151.584579 -3401.410376 -967.227720
-7151.385872 -3403.314069 -966.647661
-7151.187165 -3405.217762 -966.067603
-7150.988458 -3407.121456 -965.487545
-7150.789752 -3409.025149 -964.907487
-7150.591045 -3410.928842 -964.327428
-7150.392338 -3412.832535 -963.747370
-7150.193631 -3414.736229 -963.167312
-7149.994924 -3416.639922 -962.587254
-7149.796217 -3418.543615 -962.007195
-7149.597511 -3420.447308 -961.427137
-7149.398804 -3422.351002 -960.847079
-7149.200097 -3424.254695 -960.267021
-7149.001390 -3426.158388 -959.686963
-7148.802683 -3428.062081 -959.106904
-7148.603976 -3429.965775 -958.526846
-7148.405269 -3431.869468 -957.946788
-7148.206563 -3433.773161 -957.366730
-7148.007856 -3435.676854 -956.786671
-7147.809149 -3437.580548 -956.206613
-7147.610442 -3439.484241 -955.626555
-7147.411735 -3441.387934 -955.046497
-7147.213028 -3443.291628 -954.466438
-7147.014322 -3445.195321 -953.886380
-7146.815615 -3447.099014 -953.306322
-7146.616908 -3449.002707 -952.726264
-7146.418201 -3450.906401 -952.146206
-7146.219494 -3452.810094 -951.566147
-7146.020787 -3454.713787 -950.986089
-7145.822080 -3456.617480 -950.406031
-7145.623374 -3458.521174 -949.825973
-7145.424667 -3460.424867 -949.245914
-7145.225960 -3462.328560 -948.665856
-7145.027253 -3464.232253 -948.085798
-7144.828546 -3466.135947 -947.505740
-7144.629839 -3468.039640 -946.925681
-7144.431133 -3469.943333 -946.345623
-7144.232426 -3471.847026 -945.765565
-7144.033719 -3473.750720 -945.185507
-7143.835012 -3475.654413 -944.605449
-7143.636305 -3477.558106 -944.025390
-7143.437598 -3479.461800 -943.445332
-7143.238892 -3481.365493 -942.865274
-7143.040185 -3483.269186 -942.285216
-7142.841478 -3485.172879 -941.705157
-7142.642771 -3487.076573 -941.125099
-7142.444064 -3488.980266 -940.545041
-7142.245357 -3490.883959 -939.964983
-7142.046650 -3492.787652 -939.384924
-7141.847944 -3494.691346 -938.804866
-7141.649237 -3496.595039 -938.224808
-7141.450530 -3498.498732 -937.644750
-7141.251823 -3500.402425 -937.064691
-7141.053116 -3502.306119 -936.484633
-7140.854409 -3504.209812 -935.904575
-7140.655703 -3506.113505 -935.324517
-7140.456996 -3508.017198 -934.744459
-7140.258289 -3509.920892 -934.164400
-7140.059582 -3511.824585 -933.584342
-7139.860875 -3513.728278 -933.004284
-7139.662168 -3515.631972 -932.424226
-7139.463461 -3517.535665 -931.844167
-7139.264755 -3519.439358 -931.264109
-7139.066048 -3521.343051 -930.684051
-7138.867341 -3523.246745 -930.103993
-7138.668634 -3525.150438 -929.523934
-7138.469927 -3527.054131 -928.943876
-7138.271220 -3528.957824 -928.363818
-7138.072514 -3530.861518 -927.783760
-7137.873807 -3532.765211 -927.203702
-7137.675100 -3534.668904 -926.623643
-7137.476393 -3536.572597 -926.043585
-7137.277686 -3538.476291 -925.463527
-7137.078979 -3540.379984 -924.883469
-7136.880272 -3542.283677 -924.303410
-7136.681566 -3544.187370 -923.723352
-7136.482859 -3546.091064 -923.143294
-7136.284152 -3547.994757 -922.563236
-7136.085445 -3549.898450 -921.983177
-7135.886738 -3551.802143 -921.403119
-7135.688031 -3553.705837 -920.823061
-7135.489325 -3555.609530 -920.243003
-7135.290618 -3557.513223 -919.662945
-7135.091911 -3559.416917 -919.082886
-7134.893204 -3561.320610 -918.502828
-7134.694497 -3563.224303 -917.922770
-7134.495790 -3565.127996 -917.342712
-7134.297084 -3567.031690 -916.762653
-7134.098377 -3568.935383 -916.182595
-7133.899670 -3570.839076 -915.602537
-7133.700963 -3572.742769 -915.022479
-7133.502256 -3574.646463 -914.442420
-7133.303549 -3576.550156 -913.862362
-7133.104842 -3578.453849 -913.282304
-7132.906136 -3580.357542 -912.702246
-7132.707429 -3582.261236 -912.122187
-7132.508722 -3584.164929 -911.542129
-7132.310015 -3586.068622 -910.962071
-7132.111308 -3587.972315 -910.382013
-7131.912601 -3589.876009 -909.801955
-7131.713895 -3591.779702 -909.221896
-7131.515188 -3593.683395 -908.641838
-7131.316481 -3595.587089 -908.061780
-7131.117774 -3597.490782 -907.481722
-7130.919067 -3599.394475 -906.901663
-7130.720360 -3601.298168 -906.321605
-7130.521653 -3603.201862 -905.741547
-7130.322947 -3605.105555 -905.161489
-7130.124240 -3607.009248 -904.581430
-7129.925533 -3608.912941 -904.001372
-7129.726826 -3610.816635 -903.421314
-7129.528119 -3612.720328 -902.841256
-7129.329412 -3614.624021 -902.261198
-7129.130706 -3616.527714 -901.681139
-7128.931999 -3618.431408 -901.101081
-7128.733292 -3620.335101 -900.521023
-7128.534585 -3622.238794 -899.940965
-7128.335878 -3624.142487 -899.360906
-7128.137171 -3626.046181 -898.780848
-7127.938464 -3627.949874 -898.200790
-7127.739758 -3629.853567 -897.620732
-7127.541051 -3631.757261 -897.040673
-7127.342344 -3633.660954 -896.460615
-7127.143637 -3635.564647 -895.880557
-7126.944930 -3637.468340 -895.300499
-7126.746223 -3639.372034 -894.720441
-7126.547517 -3641.275727 -894.140382
-7126.348810 -3643.179420 -893.560324
-7126.150103 -3645.083113 -892.980266
-7125.951396 -3646.986807 -892.400208
-7125.752689 -3648.890500 -891.820149
-7125.553982 -3650.794193 -891.240091
-7125.355276 -3652.697886 -890.660033
-7125.156569 -3654.601580 -890.079975
-7124.957862 -3656.505273 -889.499916
-7124.759155 -3658.408966 -888.919858
-7124.560448 -3660.312659 -888.339800
-7124.361741 -3662.216353 -887.759742
-7124.163034 -3664.120046 -887.179683
-7123.964328 -3666.023739 -886.599625
-7123.765621 -3667.927432 -886.019567
-7123.566914 -3669.831126 -885.439509
-7123.368207 -3671.734819 -884.859451
-7123.169500 -3673.638512 -884.279392
-7122.970793 -3675.542206 -883.699334
-7122.772087 -3677.445899 -883.119276
-7122.573380 -3679.349592 -882.539218
-7122.374673 -3681.253285 -881.959159
-7122.175966 -3683.156979 -881.379101
-7121.977259 -3685.060672 -880.799043
-7121.778552 -3686.964365 -880.218985
-7121.579845 -3688.868058 -879.638926
-7121.381139 -3690.771752 -879.058868
-7121.182432 -3692.675445 -878.478810
-7120.983725 -3694.579138 -877.898752
-7120.785018 -3696.482831 -877.318694
-7120.586311 -3698.386525 -876.738635
-7120.387604 -3700.290218 -876.158577
-7120.188898 -3702.193911 -875.578519
-7119.990191 -3704.097604 -874.998461
-7119.791484 -3706.001298 -874.418402
-7119.592777 -3707.904991 -873.838344
-7119.394070 -3709.808684 -873.258286
-7119.195363 -3711.712378 -872.678228
-7118.996657 -3713.616071 -872.098169
-7118.797950 -3715.519764 -871.518111
-7118.599243 -3717.423457 -870.938053
-7118.400536 -3719.327151 -870.357995
-7118.201829 -3721.230844 -869.777937
-7118.003122 -3723.134537 -869.197878
-7117.804415 -3725.038230 -868.617820
-7117.605709 -3726.941924 -868.037762
-7117.407002 -3728.845617 -867.457704
-7117.208295 -3730.749310 -866.877645
-7117.009588 -3732.653003 -866.297587
-7116.810881 -3734.556697 -865.717529
-7116.612174 -3736.460390 -865.137471
-7116.413468 -3738.364083 -864.557412
-7116.214761 -3740.267776 -863.977354
-7116.016054 -3742.171470 -863.397296
-7115.817347 -3744.075163 -862.817238
-7115.618640 -3745.978856 -862.237180
-7115.419933 -3747.882550 -861.657121
-7115.221226 -3749.786243 -861.077063
-7115.022520 -3751.689936 -860.497005
-7114.823813 -3753.593629 -859.916947
-7114.625106 -3755.497323 -859.336888
-7114.426399 -3757.401016 -858.756830
-7114.227692 -3759.304709 -858.176772
-7114.028985 -3761.208402 -857.596714
-7113.830279 -3763.112096 -857.016655
-7113.631572 -3765.015789 -856.436597
-7113.432865 -3766.919482 -855.856539
-7113.234158 -3768.823175 -855.276481
-7113.035451 -3770.726869 -854.696422
-7112.836744 -3772.630562 -854.116364
-7112.638037 -3774.534255 -853.536306
-7112.439331 -3776.437948 -852.956248
-7112.240624 -3778.341642 -852.376190
-7112.041917 -3780.245335 -851.796131
-7111.843210 -3782.149028 -851.216073
-7111.644503 -3784.052721 -850.636015
-7111.445796 -3785.956415 -850.055957
-7111.247090 -3787.860108 -849.475898
-7111.048383 -3789.763801 -848.895840
-7110.849676 -3791.667495 -848.315782
-7110.650969 -3793.571188 -847.735724
-7110.452262 -3795.474881 -847.155665
-7110.253555 -3797.378574 -846.575607
-7110.054849 -3799.282268 -845.995549
-7109.856142 -3801.185961 -845.415491
-7109.657435 -3803.089654 -844.835433
-7109.458728 -3804.993347 -844.255374
-7109.260021 -3806.897041 -843.675316
-7109.061314 -3808.800734 -843.095258
-7108.862607 -3810.704427 -842.515200
-7108.663901 -3812.608120 -841.935141
-7108.465194 -3814.511814 -841.355083
-7108.266487 -3816.415507 -840.775025
-7108.067780 -3818.319200 -840.194967
-7107.869073 -3820.222893 -839.614908
-7107.670366 -3822.126587 -839.034850
-7107.471660 -3824.030280 -838.454792
-7107.272953 -3825.933973 -837.874734
-7107.074246 -3827.837667 -837.294676
-7106.875539 -3829.741360 -836.714617
-7106.676832 -3831.645053 -836.134559
-7106.478125 -3833.548746 -835.554501
-7106.279418 -3835.452440 -834.974443
-7106.080712 -3837.356133 -834.394384
-7105.882005 -3839.259826 -833.814326
-7105.683298 -3841.163519 -833.234268
-7105.484591 -3843.067213 -832.654210
-7105.285884 -3844.970906 -832.074151
-7105.087177 -3846.874599 -831.494093
-7104.888471 -3848.778292 -830.914035
-7104.689764 -3850.681986 -830.333977
-7104.491057 -3852.585679 -829.753918
-7104.292350 -3854.489372 -829.173860
-7104.093643 -3856.393065 -828.593802
-7103.894936 -3858.296759 -828.013744
-7103.696229 -3860.200452 -827.433686
-7103.497523 -3862.104145 -826.853627
-7103.298816 -3864.007839 -826.273569
-7103.100109 -3865.911532 -825.693511
-7102.901402 -3867.815225 -825.113453
-7102.702695 -3869.718918 -824.533394
-7102.503988 -3871.622612 -823.953336
-7102.305282 -3873.526305 -823.373278
-7102.106575 -3875.429998 -822.793220
-7101.907868 -3877.333691 -822.213161
-7101.709161 -3879.237385 -821.633103
-7101.510454 -3881.141078 -821.053045
-7101.311747 -3883.044771 -820.472987
-7101.113041 -3884.948464 -819.892929
-7100.914334 -3886.852158 -819.312870
-7100.715627 -3888.755851 -818.732812
-7100.516920 -3890.659544 -818.152754
-7100.318213 -3892.563237 -817.572696
-7100.119506 -3894.466931 -816.992637
-7099.920799 -3896.370624 -816.412579
-7099.722093 -3898.274317 -815.832521
-7099.523386 -3900.178010 -815.252463
-7099.324679 -3902.081704 -814.672404
-7099.125972 -3903.985397 -814.092346
-7098.927265 -3905.889090 -813.512288
-7098.728558 -3907.792784 -812.932230
-7098.529852 -3909.696477 -812.352172
-7098.331145 -3911.600170 -811.772113
-7098.132438 -3913.503863 -811.192055
-7097.933731 -3915.407557 -810.611997
-7097.735024 -3917.311250 -810.031939
-7097.536317 -3919.214943 -809.451880
-7097.337610 -3921.118636 -808.871822
-7097.138904 -3923.022330 -808.291764
-7096.940197 -3924.926023 -807.711706
-7096.741490 -3926.829716 -807.131647
-7096.542783 -3928.733409 -806.551589
-7096.344076 -3930.637103 -805.971531
-7096.145369 -3932.540796 -805.391473
-7095.946663 -3934.444489 -804.811415
-7095.747956 -3936.348182 -804.231356
-7095.549249 -3938.251876 -803.651298
-7095.350542 -3940.155569 -803.071240
-7095.151835 -3942.059262 -802.491182
-7094.953128 -3943.962956 -801.911123
-7094.754421 -3945.866649 -801.331065
-7094.555715 -3947.770342 -800.751007
-7094.357008 -3949.674035 -800.170949
-7094.158301 -3951.577729 -799.590890
-7093.959594 -3953.481422 -799.010832
-7093.760887 -3955.385115 -798.430774
-7093.562180 -3957.288808 -797.850716
-7093.363474 -3959.192502 -797.270657
-7093.164767 -3961.096195 -796.690599
-7092.966060 -3962.999888 -796.110541
-7092.767353 -3964.903581 -795.530483
-7092.568646 -3966.807275 -794.950425
-7092.369939 -3968.710968 -794.370366
-7092.171233 -3970.614661 -793.790308
-7091.972526 -3972.518354 -793.210250
-7091.773819 -3974.422048 -792.630192
-7091.575112 -3976.325741 -792.050133
-7091.376405 -3978.229434 -791.470075
-7091.177698 -3980.133128 -790.890017
-7090.978991 -3982.036821 -790.309959
-7090.780285 -3983.940514 -789.729900
-7090.581578 -3985.844207 -789.149842
-7090.382871 -3987.747901 -788.569784
-7090.184164 -3989.651594 -787.989726
-7089.985457 -3991.555287 -787.409668
-7089.786750 -3993.458980 -786.829609
-7089.588044 -3995.362674 -786.249551
-7089.389337 -3997.266367 -785.669493
-7089.190630 -3999.170060 -785.089435
-7088.991923 -4001.073753 -784.509376
-7088.793216 -4002.977447 -783.929318
-7088.594509 -4004.881140 -783.349260
-7088.395802 -4006.784833 -782.769202
-7088.197096 -4008.688526 -782.189143
-7087.998389 -4010.592220 -781.609085
-7087.799682 -4012.495913 -781.029027
-7087.600975 -4014.399606 -780.448969
-7087.402268 -4016.303299 -779.868911
-7087.203561 -4018.206993 -779.288852
-7087.004855 -4020.110686 -778.708794
-7086.806148 -4022.014379 -778.128736
-7086.607441 -4023.918073 -777.548678
-7086.408734 -4025.821766 -776.968619
-7086.210027 -4027.725459 -776.388561
-7086.011320 -4029.629152 -775.808503
-7085.812613 -4031.532846 -775.228445
-7085.613907 -4033.436539 -774.648386
-7085.415200 -4035.340232 -774.068328
-7085.216493 -4037.243925 -773.488270
-7085.017786 -4039.147619 -772.908212
-7084.819079 -4041.051312 -772.328153
-7084.620372 -4042.955005 -771.748095
-7084.421666 -4044.858698 -771.168037
-7084.222959 -4046.762392 -770.587979
-7084.024252 -4048.666085 -770.007921
-7083.825545 -4050.569778 -769.427862
-7083.626838 -4052.473471 -768.847804
-7083.428131 -4054.377165 -768.267746
-7083.229425 -4056.280858 -767.687688
-7083.030718 -4058.184551 -767.107629
-7082.832011 -4060.088245 -766.527571
-7082.633304 -4061.991938 -765.947513
-7082.434597 -4063.895631 -765.367455
-7082.235890 -4065.799324 -764.787396
-7082.037183 -4067.703018 -764.207338
-7081.838477 -4069.606711 -763.627280
-7081.639770 -4071.510404 -763.047222
-7081.441063 -4073.414097 -762.467164
-7081.242356 -4075.317791 -761.887105
-7081.043649 -4077.221484 -761.307047
-7080.844942 -4079.125177 -760.726989
-7080.646236 -4081.028870 -760.146931
-7080.447529 -4082.932564 -759.566872
-7080.248822 -4084.836257 -758.986814
-7080.050115 -4086.739950 -758.406756
-7079.851408 -4088.643643 -757.826698
-7079.652701 -4090.547337 -757.246639
-7079.453994 -4092.451030 -756.666581
-7079.255288 -4094.354723 -756.086523
-7079.056581 -4096.258417 -755.506465
-7078.857874 -4098.162110 -754.926407
-7078.659167 -4100.065803 -754.346348
-7078.460460 -4101.969496 -753.766290
-7078.261753 -4103.873190 -753.186232
-7078.063047 -4105.776883 -752.606174
-7077.864340 -4107.680576 -752.026115
-7077.665633 -4109.584269 -751.446057
-7077.466926 -4111.487963 -750.865999
-7077.268219 -4113.391656 -750.285941
-7077.069512 -4115.295349 -749.705882
-7076.870805 -4117.199042 -749.125824
-7076.672099 -4119.102736 -748.545766
-7076.473392 -4121.006429 -747.965708
-7076.274685 -4122.910122 -747.385650
-7076.075978 -4124.813815 -746.805591
-7075.877271 -4126.717509 -746.225533
-7075.678564 -4128.621202 -745.645475
-7075.479858 -4130.524895 -745.065417
-7075.281151 -4132.428589 -744.485358
-7075.082444 -4134.332282 -743.905300
-7074.883737 -4136.235975 -743.325242
-7074.685030 -4138.139668 -742.745184
-7074.486323 -4140.043362 -742.165125
-7074.287617 -4141.947055 -741.585067
-7074.088910 -4143.850748 -741.005009
-7073.890203 -4145.754441 -740.424951
-7073.691496 -4147.658135 -739.844892
-7073.492789 -4149.561828 -739.264834
-7073.294082 -4151.465521 -738.684776
-7073.095375 -4153.369214 -738.104718
-7072.896669 -4155.272908 -737.524660
-7072.697962 -4157.176601 -736.944601
-7072.499255 -4159.080294 -736.364543
-7072.300548 -4160.983987 -735.784485
-7072.101841 -4162.887681 -735.204427
-7071.903134 -4164.791374 -734.624368
-7071.704428 -4166.695067 -734.044310
-7071.505721 -4168.598760 -733.464252
-7071.307014 -4170.502454 -732.884194
-7071.108307 -4172.406147 -732.304135
-7070.909600 -4174.309840 -731.724077
-7070.710893 -4176.213534 -731.144019
-7070.512186 -4178.117227 -730.563961
-7070.313480 -4180.020920 -729.983903
-7070.114773 -4181.924613 -729.403844
-7069.916066 -4183.828307 -728.823786
-7069.717359 -4185.732000 -728.243728
-7069.518652 -4187.635693 -727.663670
-7069.319945 -4189.539386 -727.083611
-7069.121239 -4191.443080 -726.503553
-7068.922532 -4193.346773 -725.923495
-7068.723825 -4195.250466 -725.343437
-7068.525118 -4197.154159 -724.763378
-7068.326411 -4199.057853 -724.183320
-7068.127704 -4200.961546 -723.603262
-7067.928997 -4202.865239 -723.023204
-7067.730291 -4204.768932 -722.443146
-7067.531584 -4206.672626 -721.863087
-7067.332877 -4208.576319 -721.283029
-7067.134170 -4210.480012 -720.702971
-7066.935463 -4212.383706 -720.122913
-7066.736756 -4214.287399 -719.542854
-7066.538050 -4216.191092 -718.962796
-7066.339343 -4218.094785 -718.382738
-7066.140636 -4219.998479 -717.802680
-7065.941929 -4221.902172 -717.222621
-7065.743222 -4223.805865 -716.642563
-7065.544515 -4225.709558 -716.062505
-7065.345809 -4227.613252 -715.482447
-7065.147102 -4229.516945 -714.902388
-7064.948395 -4231.420638 -714.322330
-7064.749688 -4233.324331 -713.742272
-7064.550981 -4235.228025 -713.162214
-7064.352274 -4237.131718 -712.582156
-7064.153567 -4239.035411 -712.002097
-7063.954861 -4240.939104 -711.422039
-7063.756154 -4242.842798 -710.841981
-7063.557447 -4244.746491 -710.261923
-7063.358740 -4246.650184 -709.681864
-7063.160033 -4248.553878 -709.101806
-7062.961326 -4250.457571 -708.521748
-7062.762620 -4252.361264 -707.941690
-7062.563913 -4254.264957 -707.361631
-7062.365206 -4256.168651 -706.781573
-7062.166499 -4258.072344 -706.201515
-7061.967792 -4259.976037 -705.621457
-7061.769085 -4261.879730 -705.041399
-7061.570378 -4263.783424 -704.461340
-7061.371672 -4265.687117 -703.881282
-7061.172965 -4267.590810 -703.301224
-7060.974258 -4269.494503 -702.721166
-7060.775551 -4271.398197 -702.141107
-7060.576844 -4273.301890 -701.561049
-7060.378137 -4275.205583 -700.980991
-7060.179431 -4277.109276 -700.400933
-7059.980724 -4279.012970 -699.820874
-7059.782017 -4280.916663 -699.240816
-7059.583310 -4282.820356 -698.660758
-7059.384603 -4284.724049 -698.080700
-7059.185896 -4286.627743 -697.500642
-7058.987190 -4288.531436 -696.920583
-7058.788483 -4290.435129 -696.340525
-7058.589776 -4292.338823 -695.760467
-7058.391069 -4294.242516 -695.180409
-7058.192362 -4296.146209 -694.600350
-7057.993655 -4298.049902 -694.020292
-7057.794948 -4299.953596 -693.440234
-7057.596242 -4301.857289 -692.860176
-7057.397535 -4303.760982 -692.280117
-7057.198828 -4305.664675 -691.700059
-7057.000121 -4307.568369 -691.120001
-7056.801414 -4309.472062 -690.539943
-7056.602707 -4311.375755 -689.959885
-7056.404001 -4313.279448 -689.379826
-7056.205294 -4315.183142 -688.799768
-7056.006587 -4317.086835 -688.219710
-7055.807880 -4318.990528 -687.639652
-7055.609173 -4320.894221 -687.059593
-7055.410466 -4322.797915 -686.479535
-7055.211759 -4324.701608 -685.899477
-7055.013053 -4326.605301 -685.319419
-7054.814346 -4328.508995 -684.739360
-7054.615639 -4330.412688 -684.159302
-7054.416932 -4332.316381 -683.579244
-7054.218225 -4334.220074 -682.999186
-7054.019518 -4336.123768 -682.419127
-7053.820812 -4338.027461 -681.839069
-7053.622105 -4339.931154 -681.259011
-7053.423398 -4341.834847 -680.678953
-7053.224691 -4343.738541 -680.098895
-7053.025984 -4345.642234 -679.518836
-7052.827277 -4347.545927 -678.938778
-7052.628570 -4349.449620 -678.358720
-7052.429864 -4351.353314 -677.778662
-7052.231157 -4353.257007 -677.198603
-7052.032450 -4355.160700 -676.618545
-7051.833743 -4357.064393 -676.038487
-7051.635036 -4358.968087 -675.458429
-7051.436329 -4360.871780 -674.878370
-7051.237623 -4362.775473 -674.298312
-7051.038916 -4364.679167 -673.718254
-7050.840209 -4366.582860 -673.138196
-7050.641502 -4368.486553 -672.558138
-7050.442795 -4370.390246 -671.978079
-7050.244088 -4372.293940 -671.398021
-7050.045382 -4374.197633 -670.817963
-7049.846675 -4376.101326 -670.237905
-7049.647968 -4378.005019 -669.657846
-7049.449261 -4379.908713 -669.077788
-7049.250554 -4381.812406 -668.497730
-7049.051847 -4383.716099 -667.917672
-7048.853140 -4385.619792 -667.337613
-7048.654434 -4387.523486 -666.757555
-7048.455727 -4389.427179 -666.177497
-7048.257020 -4391.330872 -665.597439
-7048.058313 -4393.234565 -665.017381
-7047.859606 -4395.138259 -664.437322
-7047.660899 -4397.041952 -663.857264
-7047.462193 -4398.945645 -663.277206
-7047.263486 -4400.849338 -662.697148
-7047.064779 -4402.753032 -662.117089
-7046.866072 -4404.656725 -661.537031
-7046.667365 -4406.560418 -660.956973
-7046.468658 -4408.464112 -660.376915
-7046.269951 -4410.367805 -659.796856
-7046.071245 -4412.271498 -659.216798
-7045.872538 -4414.175191 -658.636740
-7045.673831 -4416.078885 -658.056682
-7045.475124 -4417.982578 -657.476623
-7045.276417 -4419.886271 -656.896565
-7045.077710 -4421.789964 -656.316507
-7044.879004 -4423.693658 -655.736449
-7044.680297 -4425.597351 -655.156391
-7044.481590 -4427.501044 -654.576332
-7044.282883 -4429.404737 -653.996274
-7044.084176 -4431.308431 -653.416216
-7043.885469 -4433.212124 -652.836158
-7043.686762 -4435.115817 -652.256099
-7043.488056 -4437.019510 -651.676041
-7043.289349 -4438.923204 -651.095983
-7043.090642 -4440.826897 -650.515925
-7042.891935 -4442.730590 -649.935866
-7042.693228 -4444.634284 -649.355808
-7042.494521 -4446.537977 -648.775750
-7042.295815 -4448.441670 -648.195692
-7042.097108 -4450.345363 -647.615634
-7041.898401 -4452.249057 -647.035575
-7041.699694 -4454.152750 -646.455517
-7041.500987 -4456.056443 -645.875459
-7041.302280 -4457.960136 -645.295401
-7041.103574 -4459.863830 -644.715342
-7040.904867 -4461.767523 -644.135284
-7040.706160 -4463.671216 -643.555226
-7040.507453 -4465.574909 -642.975168
-7040.308746 -4467.478603 -642.395109
-7040.110039 -4469.382296 -641.815051
-7039.911332 -4471.285989 -641.234993
-7039.712626 -4473.189682 -640.654935
-7039.513919 -4475.093376 -640.074877
-7039.315212 -4476.997069 -639.494818
-7039.116505 -4478.900762 -638.914760
-7038.917798 -4480.804456 -638.334702
-7038.719091 -4482.708149 -637.754644
-7038.520385 -4484.611842 -637.174585
-7038.321678 -4486.515535 -636.594527
-7038.122971 -4488.419229 -636.014469
-7037.924264 -4490.322922 -635.434411
-7037.725557 -4492.226615 -634.854352
-7037.526850 -4494.130308 -634.274294
-7037.328143 -4496.034002 -633.694236
-7037.129437 -4497.937695 -633.114178
-7036.930730 -4499.841388 -632.534120
-7036.732023 -4501.745081 -631.954061
-7036.533316 -4503.648775 -631.374003
-7036.334609 -4505.552468 -630.793945
-7036.135902 -4507.456161 -630.213887
-7035.937196 -4509.359854 -629.633828
-7035.738489 -4511.263548 -629.053770
-7035.539782 -4513.167241 -628.473712
-7035.341075 -4515.070934 -627.893654
-7035.142368 -4516.974627 -627.313595
-7034.943661 -4518.878321 -626.733537
-7034.744954 -4520.782014 -626.153479
-7034.546248 -4522.685707 -625.573421
-7034.347541 -4524.589401 -624.993362
-7034.148834 -4526.493094 -624.413304
-7033.950127 -4528.396787 -623.833246
-7033.751420 -4530.300480 -623.253188
-7033.552713 -4532.204174 -622.673130
-7033.354007 -4534.107867 -622.093071
-7033.155300 -4536.011560 -621.513013
-7032.956593 -4537.915253 -620.932955
-7032.757886 -4539.818947 -620.352897
-7032.559179 -4541.722640 -619.772838
-7032.360472 -4543.626333 -619.192780
-7032.161766 -4545.530026 -618.612722
-7031.963059 -4547.433720 -618.032664
-7031.764352 -4549.337413 -617.452605
-7031.565645 -4551.241106 -616.872547
-7031.366938 -4553.144799 -616.292489
-7031.168231 -4555.048493 -615.712431
-7030.969524 -4556.952186 -615.132373
-7030.770818 -4558.855879 -614.552314
-7030.572111 -4560.759573 -613.972256
-7030.373404 -4562.663266 -613.392198
-7030.174697 -4564.566959 -612.812140
-7029.975990 -4566.470652 -612.232081
-7029.777283 -4568.374346 -611.652023
-7029.578577 -4570.278039 -611.071965
-7029.379870 -4572.181732 -610.491907
-7029.181163 -4574.085425 -609.911848
-7028.982456 -4575.989119 -609.331790
-7028.783749 -4577.892812 -608.751732
-7028.585042 -4579.796505 -608.171674
-7028.386335 -4581.700198 -607.591616
-7028.187629 -4583.603892 -607.011557
-7027.988922 -4585.507585 -606.431499
-7027.790215 -4587.411278 -605.851441
-7027.591508 -4589.314971 -605.271383
-7027.392801 -4591.218665 -604.691324
-7027.194094 -4593.122358 -604.111266
-7026.995388 -4595.026051 -603.531208
-7026.796681 -4596.929745 -602.951150
-7026.597974 -4598.833438 -602.371091
-7026.399267 -4600.737131 -601.791033
-7026.200560 -4602.640824 -601.210975
-7026.001853 -4604.544518 -600.630917
-7025.803146 -4606.448211 -600.050858
-7025.604440 -4608.351904 -599.470800
-7025.405733 -4610.255597 -598.890742
-7025.207026 -4612.159291 -598.310684
-7025.008319 -4614.062984 -597.730626
-7024.809612 -4615.966677 -597.150567
-7024.610905 -4617.870370 -596.570509
-7024.412199 -4619.774064 -595.990451
-7024.213492 -4621.677757 -595.410393
-7024.014785 -4623.581450 -594.830334
-7023.816078 -4625.485143 -594.250276
-7023.617371 -4627.388837 -593.670218
-7023.418664 -4629.292530 -593.090160
-7023.219958 -4631.196223 -592.510101
-7023.021251 -4633.099916 -591.930043
-7022.822544 -4635.003610 -591.349985
-7022.623837 -4636.907303 -590.769927
-7022.425130 -4638.810996 -590.189869
-7022.226423 -4640.714690 -589.609810
-7022.027716 -4642.618383 -589.029752
-7021.829010 -4644.522076 -588.449694
-7021.630303 -4646.425769 -587.869636
-7021.431596 -4648.329463 -587.289577
-7021.232889 -4650.233156 -586.709519
-7021.034182 -4652.136849 -586.129461
-7020.835475 -4654.040542 -585.549403
-7020.636769 -4655.944236 -584.969344
-7020.438062 -4657.847929 -584.389286
-7020.239355 -4659.751622 -583.809228
-7020.040648 -4661.655315 -583.229170
-7019.841941 -4663.559009 -582.649112
-7019.643234 -4665.462702 -582.069053
-7019.444527 -4667.366395 -581.488995
-7019.245821 -4669.270088 -580.908937
-7019.047114 -4671.173782 -580.328879
-7018.848407 -4673.077475 -579.748820
-7018.649700 -4674.981168 -579.168762
-7018.450993 -4676.884862 -578.588704
-7018.252286 -4678.788555 -578.008646
-7018.053580 -4680.692248 -577.428587
-7017.854873 -4682.595941 -576.848529
-7017.656166 -4684.499635 -576.268471
-7017.457459 -4686.403328 -575.688413
-7017.258752 -4688.307021 -575.108354
-7017.060045 -4690.210714 -574.528296
-7016.861338 -4692.114408 -573.948238
-7016.662632 -4694.018101 -573.368180
-7016.463925 -4695.921794 -572.788122
-7016.265218 -4697.825487 -572.208063
-7016.066511 -4699.729181 -571.628005
-7015.867804 -4701.632874 -571.047947
-7015.669097 -4703.536567 -570.467889
-7015.470391 -4705.440260 -569.887830
-7015.271684 -4707.343954 -569.307772
-7015.072977 -4709.247647 -568.727714
-7014.874270 -4711.151340 -568.147656
-7014.675563 -4713.055034 -567.567597
-7014.476856 -4714.958727 -566.987539
-7014.278150 -4716.862420 -566.407481
-7014.079443 -4718.766113 -565.827423
-7013.880736 -4720.669807 -565.247365
-7013.682029 -4722.573500 -564.667306
-7013.483322 -4724.477193 -564.087248
-7013.284615 -4726.380886 -563.507190
-7013.085908 -4728.284580 -562.927132
-7012.887202 -4730.188273 -562.347073
-7012.688495 -4732.091966 -561.767015
-7012.489788 -4733.995659 -561.186957
-7012.291081 -4735.899353 -560.606899
-7012.092374 -4737.803046 -560.026840
-7011.893667 -4739.706739 -559.446782
-7011.694961 -4741.610432 -558.866724
-7011.496254 -4743.514126 -558.286666
-7011.297547 -4745.417819 -557.706608
-7011.098840 -4747.321512 -557.126549
-7010.900133 -4749.225206 -556.546491
-7010.701426 -4751.128899 -555.966433
-7010.502719 -4753.032592 -555.386375
-7010.304013 -4754.936285 -554.806316
-7010.105306 -4756.839979 -554.226258
-7009.906599 -4758.743672 -553.646200
-7009.707892 -4760.647365 -553.066142
-7009.509185 -4762.551058 -552.486083
-7009.310478 -4764.454752 -551.906025
-7009.111772 -4766.358445 -551.325967
-7008.913065 -4768.262138 -550.745909
-7008.714358 -4770.165831 -550.165851
-7008.515651 -4772.069525 -549.585792
-7008.316944 -4773.973218 -549.005734
-7008.118237 -4775.876911 -548.425676
-7007.919530 -4777.780604 -547.845618
-7007.720824 -4779.684298 -547.265559
-7007.522117 -4781.587991 -546.685501
-7007.323410 -4783.491684 -546.105443
-7007.124703 -4785.395377 -545.525385
-7006.925996 -4787.299071 -544.945326
-7006.727289 -4789.202764 -544.365268
-7006.528583 -4791.106457 -543.785210
-7006.329876 -4793.010151 -543.205152
-7006.131169 -4794.913844 -542.625093
-7005.932462 -4796.817537 -542.045035
-7005.733755 -4798.721230 -541.464977
-7005.535048 -4800.624924 -540.884919
-7005.336342 -4802.528617 -540.304861
-7005.137635 -4804.432310 -539.724802
-7004.938928 -4806.336003 -539.144744
-7004.740221 -4808.239697 -538.564686
-7004.541514 -4810.143390 -537.984628
-7004.342807 -4812.047083 -537.404569
-7004.144100 -4813.950776 -536.824511
-7003.945394 -4815.854470 -536.244453
-7003.746687 -4817.758163 -535.664395
-7003.547980 -4819.661856 -535.084336
-7003.349273 -4821.565549 -534.504278
-7003.150566 -4823.469243 -533.924220
-7002.951859 -4825.372936 -533.344162
-7002.753153 -4827.276629 -532.764104
-7002.554446 -4829.180323 -532.184045
-7002.355739 -4831.084016 -531.603987
-7002.157032 -4832.987709 -531.023929
-7001.958325 -4834.891402 -530.443871
-7001.759618 -4836.795096 -529.863812
-7001.560911 -4838.698789 -529.283754
-7001.362205 -4840.602482 -528.703696
-7001.163498 -4842.506175 -528.123638
-7000.964791 -4844.409869 -527.543579
-7000.766084 -4846.313562 -526.963521
-7000.567377 -4848.217255 -526.383463
-7000.368670 -4850.120948 -525.803405
-7000.169964 -4852.024642 -525.223347
-6999.971257 -4853.928335 -524.643288
-6999.772550 -4855.832028 -524.063230
-6999.573843 -4857.735721 -523.483172
-6999.375136 -4859.639415 -522.903114
-6999.176429 -4861.543108 -522.323055
-6998.977722 -4863.446801 -521.742997
-6998.779016 -4865.350495 -521.162939
-6998.580309 -4867.254188 -520.582881
-6998.381602 -4869.157881 -520.002822
-6998.182895 -4871.061574 -519.422764
-6997.984188 -4872.965268 -518.842706
-6997.785481 -4874.868961 -518.262648
-6997.586775 -4876.772654 -517.682589
-6997.388068 -4878.676347 -517.102531
-6997.189361 -4880.580041 -516.522473
-6996.990654 -4882.483734 -515.942415
-6996.791947 -4884.387427 -515.362357
-6996.593240 -4886.291120 -514.782298
-6996.394534 -4888.194814 -514.202240
-6996.195827 -4890.098507 -513.622182
-6995.997120 -4892.002200 -513.042124
-6995.798413 -4893.905893 -512.462065
-6995.599706 -4895.809587 -511.882007
-6995.400999 -4897.713280 -511.301949
-6995.202292 -4899.616973 -510.721891
-6995.003586 -4901.520666 -510.141832
-6994.804879 -4903.424360 -509.561774
-6994.606172 -4905.328053 -508.981716
-6994.407465 -4907.231746 -508.401658
-6994.208758 -4909.135440 -507.821600
-6994.010051 -4911.039133 -507.241541
-6993.811345 -4912.942826 -506.661483
-6993.612638 -4914.846519 -506.081425
-6993.413931 -4916.750213 -505.501367
-6993.215224 -4918.653906 -504.921308
-6993.016517 -4920.557599 -504.341250
-6992.817810 -4922.461292 -503.761192
-6992.619103 -4924.364986 -503.181134
-6992.420397 -4926.268679 -502.601075
-6992.221690 -4928.172372 -502.021017
-6992.022983 -4930.076065 -501.440959
-6991.824276 -4931.979759 -500.860901
-6991.625569 -4933.883452 -500.280843
-6991.426862 -4935.787145 -499.700784
-6991.228156 -4937.690838 -499.120726
-6991.029449 -4939.594532 -498.540668
-6990.830742 -4941.498225 -497.960610
-6990.632035 -4943.401918 -497.380551
-6990.433328 -4945.305612 -496.800493
-6990.234621 -4947.209305 -496.220435
-6990.035915 -4949.112998 -495.640377
-6989.837208 -4951.016691 -495.060318
-6989.638501 -4952.920385 -494.480260
-6989.439794 -4954.824078 -493.900202
-6989.241087 -4956.727771 -493.320144
-6989.042380 -4958.631464 -492.740086
-6988.843673 -4960.535158 -492.160027
-6988.644967 -4962.438851 -491.579969
-6988.446260 -4964.342544 -490.999911
-6988.247553 -4966.246237 -490.419853
-6988.048846 -4968.149931 -489.839794
-6987.850139 -4970.053624 -489.259736
-6987.651432 -4971.957317 -488.679678
-6987.452726 -4973.861010 -488.099620
-6987.254019 -4975.764704 -487.519561
-6987.055312 -4977.668397 -486.939503
-6986.856605 -4979.572090 -486.359445
-6986.657898 -4981.475784 -485.779387
-6986.459191 -4983.379477 -485.199328
-6986.260484 -4985.283170 -484.619270
-6986.061778 -4987.186863 -484.039212
-6985.863071 -4989.090557 -483.459154
-6985.664364 -4990.994250 -482.879096
-6985.465657 -4992.897943 -482.299037
-6985.266950 -4994.801636 -481.718979
-6985.068243 -4996.705330 -481.138921
-6984.869537 -4998.609023 -480.558863
-6984.670830 -5000.512716 -479.978804
-6984.472123 -5002.416409 -479.398746
-6984.273416 -5004.320103 -478.818688
-6984.074709 -5006.223796 -478.238630
-6983.876002 -5008.127489 -477.658571
-6983.677295 -5010.031182 -477.078513
-6983.478589 -5011.934876 -476.498455
-6983.279882 -5013.838569 -475.918397
-6983.081175 -5015.742262 -475.338339
-6982.882468 -5017.645955 -474.758280
-6982.683761 -5019.549649 -474.178222
-6982.485054 -5021.453342 -473.598164
-6982.286348 -5023.357035 -473.018106
-6982.087641 -5025.260729 -472.438047
-6981.888934 -5027.164422 -471.857989
-6981.690227 -5029.068115 -471.277931
-6981.491520 -5030.971808 -470.697873
-6981.292813 -5032.875502 -470.117814
-6981.094107 -5034.779195 -469.537756
-6980.895400 -5036.682888 -468.957698
-6980.696693 -5038.586581 -468.377640
-6980.497986 -5040.490275 -467.797582
-6980.299279 -5042.393968 -467.217523
-6980.100572 -5044.297661 -466.637465
-6979.901865 -5046.201354 -466.057407
-6979.703159 -5048.105048 -465.477349
-6979.504452 -5050.008741 -464.897290
-6979.305745 -5051.912434 -464.317232
-6979.107038 -5053.816127 -463.737174
-6978.908331 -5055.719821 -463.157116
-6978.709624 -5057.623514 -462.577057
-6978.510918 -5059.527207 -461.996999
-6978.312211 -5061.430901 -461.416941
-6978.113504 -5063.334594 -460.836883
-6977.914797 -5065.238287 -460.256824
-6977.716090 -5067.141980 -459.676766
-6977.517383 -5069.045674 -459.096708
-6977.318676 -5070.949367 -458.516650
-6977.119970 -5072.853060 -457.936592
-6976.921263 -5074.756753 -457.356533
-6976.722556 -5076.660447 -456.776475
-6976.523849 -5078.564140 -456.196417
-6976.325142 -5080.467833 -455.616359
-6976.126435 -5082.371526 -455.036300
-6975.927729 -5084.275220 -454.456242
-6975.729022 -5086.178913 -453.876184
-6975.530315 -5088.082606 -453.296126
-6975.331608 -5089.986299 -452.716067
-6975.132901 -5091.889993 -452.136009
-6974.934194 -5093.793686 -451.555951
-6974.735487 -5095.697379 -450.975893
-6974.536781 -5097.601073 -450.395835
-6974.338074 -5099.504766 -449.815776
-6974.139367 -5101.408459 -449.235718
-6973.940660 -5103.312152 -448.655660
-6973.741953 -5105.215846 -448.075602
-6973.543246 -5107.119539 -447.495543
-6973.344540 -5109.023232 -446.915485
-6973.145833 -5110.926925 -446.335427
-6972.947126 -5112.830619 -445.755369
-6972.748419 -5114.734312 -445.175310
-6972.549712 -5116.638005 -444.595252
-6972.351005 -5118.541698 -444.015194
-6972.152299 -5120.445392 -443.435136
-6971.953592 -5122.349085 -442.855078
-6971.754885 -5124.252778 -442.275019
-6971.556178 -5126.156471 -441.694961
-6971.357471 -5128.060165 -441.114903
-6971.158764 -5129.963858 -440.534845
-6970.960057 -5131.867551 -439.954786
-6970.761351 -5133.771244 -439.374728
-6970.562644 -5135.674938 -438.794670
-6970.363937 -5137.578631 -438.214612
-6970.165230 -5139.482324 -437.634553
-6969.966523 -5141.386018 -437.054495
-6969.767816 -5143.289711 -436.474437
-6969.569110 -5145.193404 -435.894379
-6969.370403 -5147.097097 -435.314321
-6969.171696 -5149.000791 -434.734262
-6968.972989 -5150.904484 -434.154204
-6968.774282 -5152.808177 -433.574146
-6968.575575 -5154.711870 -432.994088
-6968.376868 -5156.615564 -432.414029
-6968.178162 -5158.519257 -431.833971
-6967.979455 -5160.422950 -431.253913
-6967.780748 -5162.326643 -430.673855
-6967.582041 -5164.230337 -430.093796
-6967.383334 -5166.134030 -429.513738
-6967.184627 -5168.037723 -428.933680
-6966.985921 -5169.941416 -428.353622
-6966.787214 -5171.845110 -427.773563
-6966.588507 -5173.748803 -427.193505
-6966.389800 -5175.652496 -426.613447
-6966.191093 -5177.556190 -426.033389
-6965.992386 -5179.459883 -425.453331
-6965.793679 -5181.363576 -424.873272
-6965.594973 -5183.267269 -424.293214
-6965.396266 -5185.170963 -423.713156
-6965.197559 -5187.074656 -423.133098
-6964.998852 -5188.978349 -422.553039
-6964.800145 -5190.882042 -421.972981
-6964.601438 -5192.785736 -421.392923
-6964.402732 -5194.689429 -420.812865
-6964.204025 -5196.593122 -420.232806
-6964.005318 -5198.496815 -419.652748
-6963.806611 -5200.400509 -419.072690
-6963.607904 -5202.304202 -418.492632
-6963.409197 -5204.207895 -417.912574
-6963.210491 -5206.111588 -417.332515
-6963.011784 -5208.015282 -416.752457
-6962.813077 -5209.918975 -416.172399
-6962.614370 -5211.822668 -415.592341
-6962.415663 -5213.726362 -415.012282
-6962.216956 -5215.630055 -414.432224
-6962.018249 -5217.533748 -413.852166
-6961.819543 -5219.437441 -413.272108
-6961.620836 -5221.341135 -412.692049
-6961.422129 -5223.244828 -412.111991
-6961.223422 -5225.148521 -411.531933
-6961.024715 -5227.052214 -410.951875
-6960.826008 -5228.955908 -410.371817
-6960.627302 -5230.859601 -409.791758
-6960.428595 -5232.763294 -409.211700
-6960.229888 -5234.666987 -408.631642
-6960.031181 -5236.570681 -408.051584
-6959.832474 -5238.474374 -407.471525
-6959.633767 -5240.378067 -406.891467
-6959.435060 -5242.281760 -406.311409
-6959.236354 -5244.185454 -405.731351
-6959.037647 -5246.089147 -405.151292
-6958.838940 -5247.992840 -404.571234
-6958.640233 -5249.896533 -403.991176
-6958.441526 -5251.800227 -403.411118
-6958.242819 -5253.703920 -402.831059
-6958.044113 -5255.607613 -402.251001
-6957.845406 -5257.511307 -401.670943
-6957.646699 -5259.415000 -401.090885
-6957.447992 -5261.318693 -400.510827
-6957.249285 -5263.222386 -399.930768
-6957.050578 -5265.126080 -399.350710
-6956.851871 -5267.029773 -398.770652
-6956.653165 -5268.933466 -398.190594
-6956.454458 -5270.837159 -397.610535
-6956.255751 -5272.740853 -397.030477
-6956.057044 -5274.644546 -396.450419
-6955.858337 -5276.548239 -395.870361
-6955.659630 -5278.451932 -395.290302
-6955.460924 -5280.355626 -394.710244
-6955.262217 -5282.259319 -394.130186
-6955.063510 -5284.163012 -393.550128
-6954.864803 -5286.066705 -392.970070
-6954.666096 -5287.970399 -392.390011
-6954.467389 -5289.874092 -391.809953
-6954.268683 -5291.777785 -391.229895
-6954.069976 -5293.681479 -390.649837
-6953.871269 -5295.585172 -390.069778
-6953.672562 -5297.488865 -389.489720
-6953.473855 -5299.392558 -388.909662
-6953.275148 -5301.296252 -388.329604
-6953.076441 -5303.199945 -387.749545
-6952.877735 -5305.103638 -387.169487
-6952.679028 -5307.007331 -386.589429
-6952.480321 -5308.911025 -386.009371
-6952.281614 -5310.814718 -385.429313
-6952.082907 -5312.718411 -384.849254
-6951.884200 -5314.622104 -384.269196
-6951.685494 -5316.525798 -383.689138
-6951.486787 -5318.429491 -383.109080
-6951.288080 -5320.333184 -382.529021
-6951.089373 -5322.236877 -381.948963
-6950.890666 -5324.140571 -381.368905
-6950.691959 -5326.044264 -380.788847
-6950.493252 -5327.947957 -380.208788
-6950.294546 -5329.851651 -379.628730
-6950.095839 -5331.755344 -379.048672
-6949.897132 -5333.659037 -378.468614
-6949.698425 -5335.562730 -377.888556
-6949.499718 -5337.466424 -377.308497
-6949.301011 -5339.370117 -376.728439
-6949.102305 -5341.273810 -376.148381
-6948.903598 -5343.177503 -375.568323
-6948.704891 -5345.081197 -374.988264
-6948.506184 -5346.984890 -374.408206
-6948.307477 -5348.888583 -373.828148
-6948.108770 -5350.792276 -373.248090
-6947.910063 -5352.695970 -372.668031
-6947.711357 -5354.599663 -372.087973
-6947.512650 -5356.503356 -371.507915
-6947.313943 -5358.407049 -370.927857
-6947.115236 -5360.310743 -370.347798
-6946.916529 -5362.214436 -369.767740
-6946.717822 -5364.118129 -369.187682
-6946.519116 -5366.021823 -368.607624
-6946.320409 -5367.925516 -368.027566
-6946.121702 -5369.829209 -367.447507
-6945.922995 -5371.732902 -366.867449
-6945.724288 -5373.636596 -366.287391
-6945.525581 -5375.540289 -365.707333
-6945.326875 -5377.443982 -365.127274
-6945.128168 -5379.347675 -364.547216
-6944.929461 -5381.251369 -363.967158
-6944.730754 -5383.155062 -363.387100
-6944.532047 -5385.058755 -362.807041
-6944.333340 -5386.962448 -362.226983
-6944.134633 -5388.866142 -361.646925
-6943.935927 -5390.769835 -361.066867
-6943.737220 -5392.673528 -360.486809
-6943.538513 -5394.577221 -359.906750
-6943.339806 -5396.480915 -359.326692
-6943.141099 -5398.384608 -358.746634
-6942.942392 -5400.288301 -358.166576
-6942.743686 -5402.191994 -357.586517
-6942.544979 -5404.095688 -357.006459
-6942.346272 -5405.999381 -356.426401
-6942.147565 -5407.903074 -355.846343
-6941.948858 -5409.806768 -355.266284
-6941.750151 -5411.710461 -354.686226
-6941.551444 -5413.614154 -354.106168
-6941.352738 -5415.517847 -353.526110
-6941.154031 -5417.421541 -352.946052
-6940.955324 -5419.325234 -352.365993
-6940.756617 -5421.228927 -351.785935
-6940.557910 -5423.132620 -351.205877
-6940.359203 -5425.036314 -350.625819
-6940.160497 -5426.940007 -350.045760
-6939.961790 -5428.843700 -349.465702
-6939.763083 -5430.747393 -348.885644
-6939.564376 -5432.651087 -348.305586
-6939.365669 -5434.554780 -347.725527
-6939.166962 -5436.458473 -347.145469
-6938.968255 -5438.362166 -346.565411
-6938.769549 -5440.265860 -345.985353
-6938.570842 -5442.169553 -345.405294
-6938.372135 -5444.073246 -344.825236
-6938.173428 -5445.976940 -344.245178
-6937.974721 -5447.880633 -343.665120
-6937.776014 -5449.784326 -343.085062
-6937.577308 -5451.688019 -342.505003
-6937.378601 -5453.591713 -341.924945
-6937.179894 -5455.495406 -341.344887
-6936.981187 -5457.399099 -340.764829
-6936.782480 -5459.302792 -340.184770
-6936.583773 -5461.206486 -339.604712
-6936.385067 -5463.110179 -339.024654
-6936.186360 -5465.013872 -338.444596
-6935.987653 -5466.917565 -337.864537
-6935.788946 -5468.821259 -337.284479
-6935.590239 -5470.724952 -336.704421
-6935.391532 -5472.628645 -336.124363
-6935.192825 -5474.532338 -335.544305
-6934.994119 -5476.436032 -334.964246
-6934.795412 -5478.339725 -334.384188
-6934.596705 -5480.243418 -333.804130
-6934.397998 -5482.147112 -333.224072
-6934.199291 -5484.050805 -332.644013
-6934.000584 -5485.954498 -332.063955
-6933.801878 -5487.858191 -331.483897
-6933.603171 -5489.761885 -330.903839
-6933.404464 -5491.665578 -330.323780
-6933.205757 -5493.569271 -329.743722
-6933.007050 -5495.472964 -329.163664
-6932.808343 -5497.376658 -328.583606
-6932.609636 -5499.280351 -328.003548
-6932.410930 -5501.184044 -327.423489
-6932.212223 -5503.087737 -326.843431
-6932.013516 -5504.991431 -326.263373
-6931.814809 -5506.895124 -325.683315
-6931.616102 -5508.798817 -325.103256
-6931.417395 -5510.702510 -324.523198
-6931.218689 -5512.606204 -323.943140
-6931.019982 -5514.509897 -323.363082
-6930.821275 -5516.413590 -322.783023
-6930.622568 -5518.317283 -322.202965
-6930.423861 -5520.220977 -321.622907
-6930.225154 -5522.124670 -321.042849
-6930.026448 -5524.028363 -320.462791
-6929.827741 -5525.932057 -319.882732
-6929.629034 -5527.835750 -319.302674
-6929.430327 -5529.739443 -318.722616
-6929.231620 -5531.643136 -318.142558
-6929.032913 -5533.546830 -317.562499
-6928.834206 -5535.450523 -316.982441
-6928.635500 -5537.354216 -316.402383
-6928.436793 -5539.257909 -315.822325
-6928.238086 -5541.161603 -315.242266
-6928.039379 -5543.065296 -314.662208
-6927.840672 -5544.968989 -314.082150
-6927.641965 -5546.872682 -313.502092
-6927.443259 -5548.776376 -312.922033
-6927.244552 -5550.680069 -312.341975
-6927.045845 -5552.583762 -311.761917
-6926.847138 -5554.487455 -311.181859
-6926.648431 -5556.391149 -310.601801
-6926.449724 -5558.294842 -310.021742
-6926.251017 -5560.198535 -309.441684
-6926.052311 -5562.102229 -308.861626
-6925.853604 -5564.005922 -308.281568
-6925.654897 -5565.909615 -307.701509
-6925.456190 -5567.813308 -307.121451
-6925.257483 -5569.717002 -306.541393
-6925.058776 -5571.620695 -305.961335
-6924.860070 -5573.524388 -305.381276
-6924.661363 -5575.428081 -304.801218
-6924.462656 -5577.331775 -304.221160
-6924.263949 -5579.235468 -303.641102
-6924.065242 -5581.139161 -303.061044
-6923.866535 -5583.042854 -302.480985
-6923.667828 -5584.946548 -301.900927
-6923.469122 -5586.850241 -301.320869
-6923.270415 -5588.753934 -300.740811
-6923.071708 -5590.657627 -300.160752
-6922.873001 -5592.561321 -299.580694
-6922.674294 -5594.465014 -299.000636
-6922.475587 -5596.368707 -298.420578
-6922.276881 -5598.272401 -297.840519
-6922.078174 -5600.176094 -297.260461
-6921.879467 -5602.079787 -296.680403
-6921.680760 -5603.983480 -296.100345
-6921.482053 -5605.887174 -295.520287
-6921.283346 -5607.790867 -294.940228
-6921.084640 -5609.694560 -294.360170
-6920.885933 -5611.598253 -293.780112
-6920.687226 -5613.501947 -293.200054
-6920.488519 -5615.405640 -292.619995
-6920.289812 -5617.309333 -292.039937
-6920.091105 -5619.213026 -291.459879
-6919.892398 -5621.116720 -290.879821
-6919.693692 -5623.020413 -290.299762
-6919.494985 -5624.924106 -289.719704
-6919.296278 -5626.827799 -289.139646
-6919.097571 -5628.731493 -288.559588
-6918.898864 -5630.635186 -287.979529
-6918.700157 -5632.538879 -287.399471
-6918.501451 -5634.442572 -286.819413
-6918.302744 -5636.346266 -286.239355
-6918.104037 -5638.249959 -285.659297
-6917.905330 -5640.153652 -285.079238
-6917.706623 -5642.057346 -284.499180
-6917.507916 -5643.961039 -283.919122
-6917.309209 -5645.864732 -283.339064
-6917.110503 -5647.768425 -282.759005
-6916.911796 -5649.672119 -282.178947
-6916.713089 -5651.575812 -281.598889
-6916.514382 -5653.479505 -281.018831
-6916.315675 -5655.383198 -280.438772
-6916.116968 -5657.286892 -279.858714
-6915.918262 -5659.190585 -279.278656
-6915.719555 -5661.094278 -278.698598
-6915.520848 -5662.997971 -278.118540
-6915.322141 -5664.901665 -277.538481
-6915.123434 -5666.805358 -276.958423
-6914.924727 -5668.709051 -276.378365
-6914.726020 -5670.612744 -275.798307
-6914.527314 -5672.516438 -275.218248
-6914.328607 -5674.420131 -274.638190
-6914.129900 -5676.323824 -274.058132
-6913.931193 -5678.227518 -273.478074
-6913.732486 -5680.131211 -272.898015
-6913.533779 -5682.034904 -272.317957
-6913.335073 -5683.938597 -271.737899
-6913.136366 -5685.842291 -271.157841
-6912.937659 -5687.745984 -270.577783
-6912.738952 -5689.649677 -269.997724
-6912.540245 -5691.553370 -269.417666
-6912.341538 -5693.457064 -268.837608
-6912.142832 -5695.360757 -268.257550
-6911.944125 -5697.264450 -267.677491
-6911.745418 -5699.168143 -267.097433
-6911.546711 -5701.071837 -266.517375
-6911.348004 -5702.975530 -265.937317
-6911.149297 -5704.879223 -265.357258
-6910.950590 -5706.782916 -264.777200
-6910.751884 -5708.686610 -264.197142
-6910.553177 -5710.590303 -263.617084
-6910.354470 -5712.493996 -263.037026
-6910.155763 -5714.397690 -262.456967
-6909.957056 -5716.301383 -261.876909
-6909.758349 -5718.205076 -261.296851
-6909.559643 -5720.108769 -260.716793
-6909.360936 -5722.012463 -260.136734
-6909.162229 -5723.916156 -259.556676
-6908.963522 -5725.819849 -258.976618
-6908.764815 -5727.723542 -258.396560
-6908.566108 -5729.627236 -257.816501
-6908.367401 -5731.530929 -257.236443
-6908.168695 -5733.434622 -256.656385
-6907.969988 -5735.338315 -256.076327
-6907.771281 -5737.242009 -255.496268
-6907.572574 -5739.145702 -254.916210
-6907.373867 -5741.049395 -254.336152
-6907.175160 -5742.953088 -253.756094
-6906.976454 -5744.856782 -253.176036
-6906.777747 -5746.760475 -252.595977
-6906.579040 -5748.664168 -252.015919
-6906.380333 -5750.567861 -251.435861
-6906.181626 -5752.471555 -250.855803
-6905.982919 -5754.375248 -250.275744
-6905.784212 -5756.278941 -249.695686
-6905.585506 -5758.182635 -249.115628
-6905.386799 -5760.086328 -248.535570
-6905.188092 -5761.990021 -247.955511
-6904.989385 -5763.893714 -247.375453
-6904.790678 -5765.797408 -246.795395
-6904.591971 -5767.701101 -246.215337
-6904.393265 -5769.604794 -245.635279
-6904.194558 -5771.508487 -245.055220
-6903.995851 -5773.412181 -244.475162
-6903.797144 -5775.315874 -243.895104
-6903.598437 -5777.219567 -243.315046
-6903.399730 -5779.123260 -242.734987
-6903.201024 -5781.026954 -242.154929
-6903.002317 -5782.930647 -241.574871
-6902.803610 -5784.834340 -240.994813
-6902.604903 -5786.738033 -240.414754
-6902.406196 -5788.641727 -239.834696
-6902.207489 -5790.545420 -239.254638
-6902.008782 -5792.449113 -238.674580
-6901.810076 -5794.352807 -238.094522
-6901.611369 -5796.256500 -237.514463
-6901.412662 -5798.160193 -236.934405
-6901.213955 -5800.063886 -236.354347
-6901.015248 -5801.967580 -235.774289
-6900.816541 -5803.871273 -235.194230
-6900.617835 -5805.774966 -234.614172
-6900.419128 -5807.678659 -234.034114
-6900.220421 -5809.582353 -233.454056
-6900.021714 -5811.486046 -232.873997
-6899.823007 -5813.389739 -232.293939
-6899.624300 -5815.293432 -231.713881
-6899.425593 -5817.197126 -231.133823
-6899.226887 -5819.100819 -230.553764
-6899.028180 -5821.004512 -229.973706
-6898.829473 -5822.908205 -229.393648
-6898.630766 -5824.811899 -228.813590
-6898.432059 -5826.715592 -228.233532
-6898.233352 -5828.619285 -227.653473
-6898.034646 -5830.522979 -227.073415
-6897.835939 -5832.426672 -226.493357
-6897.637232 -5834.330365 -225.913299
-6897.438525 -5836.234058 -225.333240
-6897.239818 -5838.137752 -224.753182
-6897.041111 -5840.041445 -224.173124
-6896.842404 -5841.945138 -223.593066
-6896.643698 -5843.848831 -223.013007
-6896.444991 -5845.752525 -222.432949
-6896.246284 -5847.656218 -221.852891
-6896.047577 -5849.559911 -221.272833
-6895.848870 -5851.463604 -220.692775
-6895.650163 -5853.367298 -220.112716
-6895.451457 -5855.270991 -219.532658
-6895.252750 -5857.174684 -218.952600
-6895.054043 -5859.078377 -218.372542
-6894.855336 -5860.982071 -217.792483
-6894.656629 -5862.885764 -217.212425
-6894.457922 -5864.789457 -216.632367
-6894.259216 -5866.693150 -216.052309
-6894.060509 -5868.596844 -215.472250
-6893.861802 -5870.500537 -214.892192
-6893.663095 -5872.404230 -214.312134
-6893.464388 -5874.307924 -213.732076
-6893.265681 -5876.211617 -213.152018
-6893.066974 -5878.115310 -212.571959
-6892.868268 -5880.019003 -211.991901
-6892.669561 -5881.922697 -211.411843
-6892.470854 -5883.826390 -210.831785
-6892.272147 -5885.730083 -210.251726
-6892.073440 -5887.633776 -209.671668
-6891.874733 -5889.537470 -209.091610
-6891.676027 -5891.441163 -208.511552
-6891.477320 -5893.344856 -207.931493
-6891.278613 -5895.248549 -207.351435
-6891.079906 -5897.152243 -206.771377
-6890.881199 -5899.055936 -206.191319
-6890.682492 -5900.959629 -205.611260
-6890.483785 -5902.863322 -205.031202
-6890.285079 -5904.767016 -204.451144
-6890.086372 -5906.670709 -203.871086
-6889.887665 -5908.574402 -203.291028
-6889.688958 -5910.478096 -202.710969
-6889.490251 -5912.381789 -202.130911
-6889.291544 -5914.285482 -201.550853
-6889.092838 -5916.189175 -200.970795
-6888.894131 -5918.092869 -200.390736
-6888.695424 -5919.996562 -199.810678
-6888.496717 -5921.900255 -199.230620
-6888.298010 -5923.803948 -198.650562
-6888.099303 -5925.707642 -198.070503
-6887.900596 -5927.611335 -197.490445
-6887.701890 -5929.515028 -196.910387
-6887.503183 -5931.418721 -196.330329
-6887.304476 -5933.322415 -195.750271
-6887.105769 -5935.226108 -195.170212
-6886.907062 -5937.129801 -194.590154
-6886.708355 -5939.033494 -194.010096
-6886.509649 -5940.937188 -193.430038
-6886.310942 -5942.840881 -192.849979
-6886.112235 -5944.744574 -192.269921
-6885.913528 -5946.648268 -191.689863
-6885.714821 -5948.551961 -191.109805
-6885.516114 -5950.455654 -190.529746
-6885.317408 -5952.359347 -189.949688
-6885.118701 -5954.263041 -189.369630
-6884.919994 -5956.166734 -188.789572
-6884.721287 -5958.070427 -188.209514
-6884.522580 -5959.974120 -187.629455
-6884.323873 -5961.877814 -187.049397
-6884.125166 -5963.781507 -186.469339
-6883.926460 -5965.685200 -185.889281
-6883.727753 -5967.588893 -185.309222
-6883.529046 -5969.492587 -184.729164
-6883.330339 -5971.396280 -184.149106
-6883.131632 -5973.299973 -183.569048
-6882.932925 -5975.203666 -182.988989
-6882.734219 -5977.107360 -182.408931
-6882.535512 -5979.011053 -181.828873
-6882.336805 -5980.914746 -181.248815
-6882.138098 -5982.818439 -180.668757
-6881.939391 -5984.722133 -180.088698
-6881.740684 -5986.625826 -179.508640
-6881.541977 -5988.529519 -178.928582
-6881.343271 -5990.433213 -178.348524
-6881.144564 -5992.336906 -177.768465
-6880.945857 -5994.240599 -177.188407
-6880.747150 -5996.144292 -176.608349
-6880.548443 -5998.047986 -176.028291
-6880.349736 -5999.951679 -175.448232
-6880.151030 -6001.855372 -174.868174
-6879.952323 -6003.759065 -174.288116
-6879.753616 -6005.662759 -173.708058
-6879.554909 -6007.566452 -173.127999
-6879.356202 -6009.470145 -172.547941
-6879.157495 -6011.373838 -171.967883
-6878.958788 -6013.277532 -171.387825
-6878.760082 -6015.181225 -170.807767
-6878.561375 -6017.084918 -170.227708
-6878.362668 -6018.988611 -169.647650
-6878.163961 -6020.892305 -169.067592
-6877.965254 -6022.795998 -168.487534
-6877.766547 -6024.699691 -167.907475
-6877.567841 -6026.603385 -167.327417
-6877.369134 -6028.507078 -166.747359
-6877.170427 -6030.410771 -166.167301
-6876.971720 -6032.314464 -165.587242
-6876.773013 -6034.218158 -165.007184
-6876.574306 -6036.121851 -164.427126
-6876.375600 -6038.025544 -163.847068
-6876.176893 -6039.929237 -163.267010
-6875.978186 -6041.832931 -162.686951
-6875.779479 -6043.736624 -162.106893
-6875.580772 -6045.640317 -161.526835
-6875.382065 -6047.544010 -160.946777
-6875.183358 -6049.447704 -160.366718
-6874.984652 -6051.351397 -159.786660
-6874.785945 -6053.255090 -159.206602
-6874.587238 -6055.158783 -158.626544
-6874.388531 -6057.062477 -158.046485
-6874.189824 -6058.966170 -157.466427
-6873.991117 -6060.869863 -156.886369
-6873.792411 -6062.773557 -156.306311
-6873.593704 -6064.677250 -155.726253
-6873.394997 -6066.580943 -155.146194
-6873.196290 -6068.484636 -154.566136
-6872.997583 -6070.388330 -153.986078
-6872.798876 -6072.292023 -153.406020
-6872.600169 -6074.195716 -152.825961
-6872.401463 -6076.099409 -152.245903
-6872.202756 -6078.003103 -151.665845
-6872.004049 -6079.906796 -151.085787
-6871.805342 -6081.810489 -150.505728
-6871.606635 -6083.714182 -149.925670
-6871.407928 -6085.617876 -149.345612
-6871.209222 -6087.521569 -148.765554
-6871.010515 -6089.425262 -148.185495
-6870.811808 -6091.328955 -147.605437
-6870.613101 -6093.232649 -147.025379
-6870.414394 -6095.136342 -146.445321
-6870.215687 -6097.040035 -145.865263
-6870.016981 -6098.943729 -145.285204
-6869.818274 -6100.847422 -144.705146
-6869.619567 -6102.751115 -144.125088
-6869.420860 -6104.654808 -143.545030
-6869.222153 -6106.558502 -142.964971
-6869.023446 -6108.462195 -142.384913
-6868.824739 -6110.365888 -141.804855
-6868.626033 -6112.269581 -141.224797
-6868.427326 -6114.173275 -140.644738
-6868.228619 -6116.076968 -140.064680
-6868.029912 -6117.980661 -139.484622
-6867.831205 -6119.884354 -138.904564
-6867.632498 -6121.788048 -138.324506
-6867.433792 -6123.691741 -137.744447
-6867.235085 -6125.595434 -137.164389
-6867.036378 -6127.499127 -136.584331
-6866.837671 -6129.402821 -136.004273
-6866.638964 -6131.306514 -135.424214
-6866.440257 -6133.210207 -134.844156
-6866.241550 -6135.113900 -134.264098
-6866.042844 -6137.017594 -133.684040
-6865.844137 -6138.921287 -133.103981
-6865.645430 -6140.824980 -132.523923
-6865.446723 -6142.728674 -131.943865
-6865.248016 -6144.632367 -131.363807
-6865.049309 -6146.536060 -130.783749
-6864.850603 -6148.439753 -130.203690
-6864.651896 -6150.343447 -129.623632
-6864.453189 -6152.247140 -129.043574
-6864.254482 -6154.150833 -128.463516
-6864.055775 -6156.054526 -127.883457
-6863.857068 -6157.958220 -127.303399
-6863.658361 -6159.861913 -126.723341
-6863.459655 -6161.765606 -126.143283
-6863.260948 -6163.669299 -125.563224
-6863.062241 -6165.572993 -124.983166
-6862.863534 -6167.476686 -124.403108
-6862.664827 -6169.380379 -123.823050
-6862.466120 -6171.284072 -123.242992
-6862.267414 -6173.187766 -122.662933
-6862.068707 -6175.091459 -122.082875
-6861.870000 -6176.995152 -121.502817
-6861.671293 -6178.898846 -120.922759
-6861.472586 -6180.802539 -120.342700
-6861.273879 -6182.706232 -119.762642
-6861.075173 -6184.609925 -119.182584
-6860.876466 -6186.513619 -118.602526
-6860.677759 -6188.417312 -118.022467
-6860.479052 -6190.321005 -117.442409
-6860.280345 -6192.224698 -116.862351
-6860.081638 -6194.128392 -116.282293
-6859.882931 -6196.032085 -115.702234
-6859.684225 -6197.935778 -115.122176
-6859.485518 -6199.839471 -114.542118
-6859.286811 -6201.743165 -113.962060
-6859.088104 -6203.646858 -113.382002
-6858.889397 -6205.550551 -112.801943
-6858.690690 -6207.454244 -112.221885
-6858.491984 -6209.357938 -111.641827
-6858.293277 -6211.261631 -111.061769
-6858.094570 -6213.165324 -110.481710
-6857.895863 -6215.069018 -109.901652
-6857.697156 -6216.972711 -109.321594
-6857.498449 -6218.876404 -108.741536
-6857.299742 -6220.780097 -108.161477
-6857.101036 -6222.683791 -107.581419
-6856.902329 -6224.587484 -107.001361
-6856.703622 -6226.491177 -106.421303
-6856.504915 -6228.394870 -105.841245
-6856.306208 -6230.298564 -105.261186
-6856.107501 -6232.202257 -104.681128
-6855.908795 -6234.105950 -104.101070
-6855.710088 -6236.009643 -103.521012
-6855.511381 -6237.913337 -102.940953
-6855.312674 -6239.817030 -102.360895
-6855.113967 -6241.720723 -101.780837
-6854.915260 -6243.624416 -101.200779
-6854.716553 -6245.528110 -100.620720
-6854.517847 -6247.431803 -100.040662
-6854.319140 -6249.335496 -99.460604
-6854.120433 -6251.239189 -98.880546
-6853.921726 -6253.142883 -98.300488
-6853.723019 -6255.046576 -97.720429
-6853.524312 -6256.950269 -97.140371
-6853.325606 -6258.853963 -96.560313
-6853.126899 -6260.757656 -95.980255
-6852.928192 -6262.661349 -95.400196
-6852.729485 -6264.565042 -94.820138
-6852.530778 -6266.468736 -94.240080
-6852.332071 -6268.372429 -93.660022
-6852.133365 -6270.276122 -93.079963
-6851.934658 -6272.179815 -92.499905
-6851.735951 -6274.083509 -91.919847
-6851.537244 -6275.987202 -91.339789
-6851.338537 -6277.890895 -90.759730
-6851.139830 -6279.794588 -90.179672
-6850.941123 -6281.698282 -89.599614
-6850.742417 -6283.601975 -89.019556
-6850.543710 -6285.505668 -88.439498
-6850.345003 -6287.409361 -87.859439
-6850.146296 -6289.313055 -87.279381
-6849.947589 -6291.216748 -86.699323
-6849.748882 -6293.120441 -86.119265
-6849.550176 -6295.024135 -85.539206
-6849.351469 -6296.927828 -84.959148
-6849.152762 -6298.831521 -84.379090
-6848.954055 -6300.735214 -83.799032
-6848.755348 -6302.638908 -83.218973
-6848.556641 -6304.542601 -82.638915
-6848.357934 -6306.446294 -82.058857
-6848.159228 -6308.349987 -81.478799
-6847.960521 -6310.253681 -80.898741
-6847.761814 -6312.157374 -80.318682
-6847.563107 -6314.061067 -79.738624
-6847.364400 -6315.964760 -79.158566
-6847.165693 -6317.868454 -78.578508
-6846.966987 -6319.772147 -77.998449
-6846.768280 -6321.675840 -77.418391
-6846.569573 -6323.579533 -76.838333
-6846.370866 -6325.483227 -76.258275
-6846.172159 -6327.386920 -75.678216
-6845.973452 -6329.290613 -75.098158
-6845.774745 -6331.194307 -74.518100
-6845.576039 -6333.098000 -73.938042
-6845.377332 -6335.001693 -73.357984
-6845.178625 -6336.905386 -72.777925
-6844.979918 -6338.809080 -72.197867
-6844.781211 -6340.712773 -71.617809
-6844.582504 -6342.616466 -71.037751
-6844.383798 -6344.520159 -70.457692
-6844.185091 -6346.423853 -69.877634
-6843.986384 -6348.327546 -69.297576
-6843.787677 -6350.231239 -68.717518
-6843.588970 -6352.134932 -68.137459
-6843.390263 -6354.038626 -67.557401
-6843.191557 -6355.942319 -66.977343
-6842.992850 -6357.846012 -66.397285
-6842.794143 -6359.749705 -65.817227
-6842.595436 -6361.653399 -65.237168
-6842.396729 -6363.557092 -64.657110
-6842.198022 -6365.460785 -64.077052
-6841.999315 -6367.364478 -63.496994
-6841.800609 -6369.268172 -62.916935
-6841.601902 -6371.171865 -62.336877
-6841.403195 -6373.075558 -61.756819
-6841.204488 -6374.979252 -61.176761
-6841.005781 -6376.882945 -60.596702
-6840.807074 -6378.786638 -60.016644
-6840.608368 -6380.690331 -59.436586
-6840.409661 -6382.594025 -58.856528
-6840.210954 -6384.497718 -58.276469
-6840.012247 -6386.401411 -57.696411
-6839.813540 -6388.305104 -57.116353
-6839.614833 -6390.208798 -56.536295
-6839.416126 -6392.112491 -55.956237
-6839.217420 -6394.016184 -55.376178
-6839.018713 -6395.919877 -54.796120
-6838.820006 -6397.823571 -54.216062
-6838.621299 -6399.727264 -53.636004
-6838.422592 -6401.630957 -53.055945
-6838.223885 -6403.534650 -52.475887
-6838.025179 -6405.438344 -51.895829
-6837.826472 -6407.342037 -51.315771
-6837.627765 -6409.245730 -50.735712
-6837.429058 -6411.149424 -50.155654
-6837.230351 -6413.053117 -49.575596
-6837.031644 -6414.956810 -48.995538
-6836.832937 -6416.860503 -48.415480
-6836.634231 -6418.764197 -47.835421
-6836.435524 -6420.667890 -47.255363
-6836.236817 -6422.571583 -46.675305
-6836.038110 -6424.475276 -46.095247
-6835.839403 -6426.378970 -45.515188
-6835.640696 -6428.282663 -44.935130
-6835.441990 -6430.186356 -44.355072
-6835.243283 -6432.090049 -43.775014
-6835.044576 -6433.993743 -43.194955
-6834.845869 -6435.897436 -42.614897
-6834.647162 -6437.801129 -42.034839
-6834.448455 -6439.704822 -41.454781
-6834.249749 -6441.608516 -40.874723
-6834.051042 -6443.512209 -40.294664
-6833.852335 -6445.415902 -39.714606
-6833.653628 -6447.319596 -39.134548
-6833.454921 -6449.223289 -38.554490
-6833.256214 -6451.126982 -37.974431
-6833.057507 -6453.030675 -37.394373
-6832.858801 -6454.934369 -36.814315
-6832.660094 -6456.838062 -36.234257
-6832.461387 -6458.741755 -35.654198
-6832.262680 -6460.645448 -35.074140
-6832.063973 -6462.549142 -34.494082
-6831.865266 -6464.452835 -33.914024
-6831.666560 -6466.356528 -33.333965
-6831.467853 -6468.260221 -32.753907
-6831.269146 -6470.163915 -32.173849
-6831.070439 -6472.067608 -31.593791
-6830.871732 -6473.971301 -31.013733
-6830.673025 -6475.874994 -30.433674
-6830.474318 -6477.778688 -29.853616
-6830.275612 -6479.682381 -29.273558
-6830.076905 -6481.586074 -28.693500
-6829.878198 -6483.489767 -28.113441
-6829.679491 -6485.393461 -27.533383
-6829.480784 -6487.297154 -26.953325
-6829.282077 -6489.200847 -26.373267
-6829.083371 -6491.104541 -25.793208
-6828.884664 -6493.008234 -25.213150
-6828.685957 -6494.911927 -24.633092
-6828.487250 -6496.815620 -24.053034
-6828.288543 -6498.719314 -23.472976
-6828.089836 -6500.623007 -22.892917
-6827.891129 -6502.526700 -22.312859
-6827.692423 -6504.430393 -21.732801
-6827.493716 -6506.334087 -21.152743
-6827.295009 -6508.237780 -20.572684
-6827.096302 -6510.141473 -19.992626
-6826.897595 -6512.045166 -19.412568
-6826.698888 -6513.948860 -18.832510
-6826.500182 -6515.852553 -18.252451
-6826.301475 -6517.756246 -17.672393
-6826.102768 -6519.659939 -17.092335
-6825.904061 -6521.563633 -16.512277
-6825.705354 -6523.467326 -15.932219
-6825.506647 -6525.371019 -15.352160
-6825.307941 -6527.274713 -14.772102
-6825.109234 -6529.178406 -14.192044
-6824.910527 -6531.082099 -13.611986
-6824.711820 -6532.985792 -13.031927
-6824.513113 -6534.889486 -12.451869
-6824.314406 -6536.793179 -11.871811
-6824.115699 -6538.696872 -11.291753
-6823.916993 -6540.600565 -10.711694
-6823.718286 -6542.504259 -10.131636
-6823.519579 -6544.407952 -9.551578
-6823.320872 -6546.311645 -8.971520
-6823.122165 -6548.215338 -8.391462
-6822.923458 -6550.119032 -7.811403
-6822.724752 -6552.022725 -7.231345
-6822.526045 -6553.926418 -6.651287
-6822.327338 -6555.830111 -6.071229
-6822.128631 -6557.733805 -5.491170
-6821.929924 -6559.637498 -4.911112
-6821.731217 -6561.541191 -4.331054
-6821.532510 -6563.444885 -3.750996
-6821.333804 -6565.348578 -3.170937
-6821.135097 -6567.252271 -2.590879
-6820.936390 -6569.155964 -2.010821
-6820.737683 -6571.059658 -1.430763
-6820.538976 -6572.963351 -0.850704
-6820.340269 -6574.867044 -0.270646
-6820.141563 -6576.770737 0.309412
-6819.942856 -6578.674431 0.889470
-6819.744149 -6580.578124 1.469528
-6819.545442 -6582.481817 2.049587
-6819.346735 -6584.385510 2.629645
-6819.148028 -6586.289204 3.209703
-6818.949321 -6588.192897 3.789761
-6818.750615 -6590.096590 4.369820
-6818.551908 -6592.000283 4.949878
-6818.353201 -6593.903977 5.529936
-6818.154494 -6595.807670 6.109994
-6817.955787 -6597.711363 6.690053
-6817.757080 -6599.615056 7.270111
-6817.558374 -6601.518750 7.850169
-6817.359667 -6603.422443 8.430227
-6817.160960 -6605.326136 9.010285
-6816.962253 -6607.229830 9.590344
-6816.763546 -6609.133523 10.170402
-6816.564839 -6611.037216 10.750460
-6816.366133 -6612.940909 11.330518
-6816.167426 -6614.844603 11.910577
-6815.968719 -6616.748296 12.490635
-6815.770012 -6618.651989 13.070693
-6815.571305 -6620.555682 13.650751
-6815.372598 -6622.459376 14.230810
-6815.173891 -6624.363069 14.810868
-6814.975185 -6626.266762 15.390926
-6814.776478 -6628.170455 15.970984
-6814.577771 -6630.074149 16.551042
-6814.379064 -6631.977842 17.131101
-6814.180357 -6633.881535 17.711159
-6813.981650 -6635.785228 18.291217
-6813.782944 -6637.688922 18.871275
-6813.584237 -6639.592615 19.451334
-6813.385530 -6641.496308 20.031392
-6813.186823 -6643.400002 20.611450
-6812.988116 -6645.303695 21.191508
-6812.789409 -6647.207388 21.771567
-6812.590702 -6649.111081 22.351625
-6812.391996 -6651.014775 22.931683
-6812.193289 -6652.918468 23.511741
-6811.994582 -6654.822161 24.091800
-6811.795875 -6656.725854 24.671858
-6811.597168 -6658.629548 25.251916
-6811.398461 -6660.533241 25.831974
-6811.199755 -6662.436934 26.412032
-6811.001048 -6664.340627 26.992091
-6810.802341 -6666.244321 27.572149
-6810.603634 -6668.148014 28.152207
-6810.404927 -6670.051707 28.732265
-6810.206220 -6671.955400 29.312324
-6810.007514 -6673.859094 29.892382
-6809.808807 -6675.762787 30.472440
-6809.610100 -6677.666480 31.052498
-6809.411393 -6679.570174 31.632557
-6809.212686 -6681.473867 32.212615
-6809.013979 -6683.377560 32.792673
-6808.815272 -6685.281253 33.372731
-6808.616566 -6687.184947 33.952789
-6808.417859 -6689.088640 34.532848
-6808.219152 -6690.992333 35.112906
-6808.020445 -6692.896026 35.692964
-6807.821738 -6694.799720 36.273022
-6807.623031 -6696.703413 36.853081
-6807.424325 -6698.607106 37.433139
-6807.225618 -6700.510799 38.013197
-6807.026911 -6702.414493 38.593255
-6806.828204 -6704.318186 39.173314
-6806.629497 -6706.221879 39.753372
-6806.430790 -6708.125572 40.333430
-6806.232083 -6710.029266 40.913488
-6806.033377 -6711.932959 41.493546
-6805.834670 -6713.836652 42.073605
-6805.635963 -6715.740346 42.653663
-6805.437256 -6717.644039 43.233721
-6805.238549 -6719.547732 43.813779
-6805.039842 -6721.451425 44.393838
-6804.841136 -6723.355119 44.973896
-6804.642429 -6725.258812 45.553954
-6804.443722 -6727.162505 46.134012
-6804.245015 -6729.066198 46.714071
-6804.046308 -6730.969892 47.294129
-6803.847601 -6732.873585 47.874187
-6803.648894 -6734.777278 48.454245
-6803.450188 -6736.680971 49.034303
-6803.251481 -6738.584665 49.614362
-6803.052774 -6740.488358 50.194420
-6802.854067 -6742.392051 50.774478
-6802.655360 -6744.295744 51.354536
-6802.456653 -6746.199438 51.934595
-6802.257947 -6748.103131 52.514653
-6802.059240 -6750.006824 53.094711
-6801.860533 -6751.910517 53.674769
-6801.661826 -6753.814211 54.254828
-6801.463119 -6755.717904 54.834886
-6801.264412 -6757.621597 55.414944
-6801.065706 -6759.525291 55.995002
-6800.866999 -6761.428984 56.575061
-6800.668292 -6763.332677 57.155119
-6800.469585 -6765.236370 57.735177
-6800.270878 -6767.140064 58.315235
-6800.072171 -6769.043757 58.895293
-6799.873464 -6770.947450 59.475352
-6799.674758 -6772.851143 60.055410
-6799.476051 -6774.754837 60.635468
-6799.277344 -6776.658530 61.215526
-6799.078637 -6778.562223 61.795585
-6798.879930 -6780.465916 62.375643
-6798.681223 -6782.369610 62.955701
-6798.482517 -6784.273303 63.535759
-6798.283810 -6786.176996 64.115818
-6798.085103 -6788.080689 64.695876
-6797.886396 -6789.984383 65.275934
-6797.687689 -6791.888076 65.855992
-6797.488982 -6793.791769 66.436050
-6797.290275 -6795.695463 67.016109
-6797.091569 -6797.599156 67.596167
-6796.892862 -6799.502849 68.176225
-6796.694155 -6801.406542 68.756283
-6796.495448 -6803.310236 69.336342
-6796.296741 -6805.213929 69.916400
-6796.098034 -6807.117622 70.496458
-6795.899328 -6809.021315 71.076516
-6795.700621 -6810.925009 71.656575
-6795.501914 -6812.828702 72.236633
-6795.303207 -6814.732395 72.816691
-6795.104500 -6816.636088 73.396749
-6794.905793 -6818.539782 73.976807
-6794.707086 -6820.443475 74.556866
-6794.508380 -6822.347168 75.136924
-6794.309673 -6824.250861 75.716982
-6794.110966 -6826.154555 76.297040
-6793.912259 -6828.058248 76.877099
-6793.713552 -6829.961941 77.457157
-6793.514845 -6831.865635 78.037215
-6793.316139 -6833.769328 78.617273
-6793.117432 -6835.673021 79.197332
-6792.918725 -6837.576714 79.777390
-6792.720018 -6839.480408 80.357448
-6792.521311 -6841.384101 80.937506
-6792.322604 -6843.287794 81.517565
-6792.123898 -6845.191487 82.097623
-6791.925191 -6847.095181 82.677681
-6791.726484 -6848.998874 83.257739
-6791.527777 -6850.902567 83.837797
-6791.329070 -6852.806260 84.417856
-6791.130363 -6854.709954 84.997914
-6790.931656 -6856.613647 85.577972
-6790.732950 -6858.517340 86.158030
-6790.534243 -6860.421033 86.738089
-6790.335536 -6862.324727 87.318147
-6790.136829 -6864.228420 87.898205
-6789.938122 -6866.132113 88.478263
-6789.739415 -6868.035806 89.058322
-6789.540709 -6869.939500 89.638380
-6789.342002 -6871.843193 90.218438
-6789.143295 -6873.746886 90.798496
-6788.944588 -6875.650580 91.378554
-6788.745881 -6877.554273 91.958613
-6788.547174 -6879.457966 92.538671
-6788.348467 -6881.361659 93.118729
-6788.149761 -6883.265353 93.698787
-6787.951054 -6885.169046 94.278846
-6787.752347 -6887.072739 94.858904
-6787.553640 -6888.976432 95.438962
-6787.354933 -6890.880126 96.019020
-6787.156226 -6892.783819 96.599079
-6786.957520 -6894.687512 97.179137
-6786.758813 -6896.591205 97.759195
-6786.560106 -6898.494899 98.339253
-6786.361399 -6900.398592 98.919311
-6786.162692 -6902.302285 99.499370
-6785.963985 -6904.205978 100.079428
-6785.765278 -6906.109672 100.659486
-6785.566572 -6908.013365 101.239544
-6785.367865 -6909.917058 101.819603
-6785.169158 -6911.820752 102.399661
-6784.970451 -6913.724445 102.979719
-6784.771744 -6915.628138 103.559777
-6784.573037 -6917.531831 104.139836
-6784.374331 -6919.435525 104.719894
-6784.175624 -6921.339218 105.299952
-6783.976917 -6923.242911 105.880010
-6783.778210 -6925.146604 106.460069
-6783.579503 -6927.050298 107.040127
-6783.380796 -6928.953991 107.620185
-6783.182090 -6930.857684 108.200243
-6782.983383 -6932.761377 108.780301
-6782.784676 -6934.665071 109.360360
-6782.585969 -6936.568764 109.940418
-6782.387262 -6938.472457 110.520476
-6782.188555 -6940.376150 111.100534
-6781.989848 -6942.279844 111.680593
-6781.791142 -6944.183537 112.260651
-6781.592435 -6946.087230 112.840709
-6781.393728 -6947.990924 113.420767
-6781.195021 -6949.894617 114.000826
-6780.996314 -6951.798310 114.580884
-6780.797607 -6953.702003 115.160942
-6780.598901 -6955.605697 115.741000
-6780.400194 -6957.509390 116.321058
-6780.201487 -6959.413083 116.901117
-6780.002780 -6961.316776 117.481175
-6779.804073 -6963.220470 118.061233
-6779.605366 -6965.124163 118.641291
-6779.406659 -6967.027856 119.221350
-6779.207953 -6968.931549 119.801408
-6779.009246 -6970.835243 120.381466
-6778.810539 -6972.738936 120.961524
-6778.611832 -6974.642629 121.541583
-6778.413125 -6976.546322 122.121641
-6778.214418 -6978.450016 122.701699
-6778.015712 -6980.353709 123.281757
-6777.817005 -6982.257402 123.861815
-6777.618298 -6984.161095 124.441874
-6777.419591 -6986.064789 125.021932
-6777.220884 -6987.968482 125.601990
-6777.022177 -6989.872175 126.182048
-6776.823470 -6991.775869 126.762107
-6776.624764 -6993.679562 127.342165
-6776.426057 -6995.583255 127.922223
-6776.227350 -6997.486948 128.502281
-6776.028643 -6999.390642 129.082340
-6775.829936 -7001.294335 129.662398
-6775.631229 -7003.198028 130.242456
-6775.432523 -7005.101721 130.822514
-6775.233816 -7007.005415 131.402572
-6775.035109 -7008.909108 131.982631
-6774.836402 -7010.812801 132.562689
-6774.637695 -7012.716494 133.142747
-6774.438988 -7014.620188 133.722805
-6774.240282 -7016.523881 134.302864
-6774.041575 -7018.427574 134.882922
-6773.842868 -7020.331267 135.462980
-6773.644161 -7022.234961 136.043038
-6773.445454 -7024.138654 136.623097
-6773.246747 -7026.042347 137.203155
-6773.048040 -7027.946041 137.783213
-6772.849334 -7029.849734 138.363271
-6772.650627 -7031.753427 138.943330
-6772.451920 -7033.657120 139.523388
-6772.253213 -7035.560814 140.103446
-6772.054506 -7037.464507 140.683504
-6771.855799 -7039.368200 141.263562
-6771.657093 -7041.271893 141.843621
-6771.458386 -7043.175587 142.423679
-6771.259679 -7045.079280 143.003737
-6771.060972 -7046.982973 143.583795
-6770.862265 -7048.886666 144.163854
-6770.663558 -7050.790360 144.743912
-6770.464851 -7052.694053 145.323970
-6770.266145 -7054.597746 145.904028
-6770.067438 -7056.501439 146.484087
-6769.868731 -7058.405133 147.064145
-6769.670024 -7060.308826 147.644203
-6769.471317 -7062.212519 148.224261
-6769.272610 -7064.116213 148.804319
-6769.073904 -7066.019906 149.384378
-6768.875197 -7067.923599 149.964436
-6768.676490 -7069.827292 150.544494
-6768.477783 -7071.730986 151.124552
-6768.279076 -7073.634679 151.704611
-6768.080369 -7075.538372 152.284669
-6767.881662 -7077.442065 152.864727
-6767.682956 -7079.345759 153.444785
-6767.484249 -7081.249452 154.024844
-6767.285542 -7083.153145 154.604902
-6767.086835 -7085.056838 155.184960
-6766.888128 -7086.960532 155.765018
-6766.689421 -7088.864225 156.345076
-6766.490715 -7090.767918 156.925135
-6766.292008 -7092.671611 157.505193
-6766.093301 -7094.575305 158.085251
-6765.894594 -7096.478998 158.665309
-6765.695887 -7098.382691 159.245368
-6765.497180 -7100.286384 159.825426
-6765.298474 -7102.190078 160.405484
-6765.099767 -7104.093771 160.985542
-6764.901060 -7105.997464 161.565601
-6764.702353 -7107.901158 162.145659
-6764.503646 -7109.804851 162.725717
-6764.304939 -7111.708544 163.305775
-6764.106232 -7113.612237 163.885834
-6763.907526 -7115.515931 164.465892
-6763.708819 -7117.419624 165.045950
-6763.510112 -7119.323317 165.626008
-6763.311405 -7121.227010 166.206066
-6763.112698 -7123.130704 166.786125
-6762.913991 -7125.034397 167.366183
-6762.715285 -7126.938090 167.946241
-6762.516578 -7128.841783 168.526299
-6762.317871 -7130.745477 169.106358
-6762.119164 -7132.649170 169.686416
-6761.920457 -7134.552863 170.266474
-6761.721750 -7136.456556 170.846532
-6761.523043 -7138.360250 171.426591
-6761.324337 -7140.263943 172.006649
-6761.125630 -7142.167636 172.586707
-6760.926923 -7144.071330 173.166765
-6760.728216 -7145.975023 173.746823
-6760.529509 -7147.878716 174.326882
-6760.330802 -7149.782409 174.906940
-6760.132096 -7151.686103 175.486998
-6759.933389 -7153.589796 176.067056
-6759.734682 -7155.493489 176.647115
-6759.535975 -7157.397182 177.227173
-6759.337268 -7159.300876 177.807231
-6759.138561 -7161.204569 178.387289
-6758.939854 -7163.108262 178.967348
-6758.741148 -7165.011955 179.547406
-6758.542441 -7166.915649 180.127464
-6758.343734 -7168.819342 180.707522
-6758.145027 -7170.723035 181.287580
-6757.946320 -7172.626728 181.867639
-6757.747613 -7174.530422 182.447697
-6757.548907 -7176.434115 183.027755
-6757.350200 -7178.337808 183.607813
-6757.151493 -7180.241502 184.187872
-6756.952786 -7182.145195 184.767930
-6756.754079 -7184.048888 185.347988
-6756.555372 -7185.952581 185.928046
-6756.356666 -7187.856275 186.508105
-6756.157959 -7189.759968 187.088163
-6755.959252 -7191.663661 187.668221
-6755.760545 -7193.567354 188.248279
-6755.561838 -7195.471048 188.828337
-6755.363131 -7197.374741 189.408396
-6755.164424 -7199.278434 189.988454
-6754.965718 -7201.182127 190.568512
-6754.767011 -7203.085821 191.148570
-6754.568304 -7204.989514 191.728629
-6754.369597 -7206.893207 192.308687
-6754.170890 -7208.796900 192.888745
-6753.972183 -7210.700594 193.468803
-6753.773477 -7212.604287 194.048862
-6753.574770 -7214.507980 194.628920
-6753.376063 -7216.411673 195.208978
-6753.177356 -7218.315367 195.789036
-6752.978649 -7220.219060 196.369095
-6752.779942 -7222.122753 196.949153
-6752.581235 -7224.026447 197.529211
-6752.382529 -7225.930140 198.109269
-6752.183822 -7227.833833 198.689327
-6751.985115 -7229.737526 199.269386
-6751.786408 -7231.641220 199.849444
-6751.587701 -7233.544913 200.429502
-6751.388994 -7235.448606 201.009560
-6751.190288 -7237.352299 201.589619
-6750.991581 -7239.255993 202.169677
-6750.792874 -7241.159686 202.749735
-6750.594167 -7243.063379 203.329793
-6750.395460 -7244.967072 203.909852
-6750.196753 -7246.870766 204.489910
-6749.998047 -7248.774459 205.069968
-6749.799340 -7250.678152 205.650026
-6749.600633 -7252.581845 206.230084
-6749.401926 -7254.485539 206.810143
-6749.203219 -7256.389232 207.390201
-6749.004512 -7258.292925 207.970259
-6748.805805 -7260.196619 208.550317
-6748.607099 -7262.100312 209.130376
-6748.408392 -7264.004005 209.710434
-6748.209685 -7265.907698 210.290492
-6748.010978 -7267.811392 210.870550
-6747.812271 -7269.715085 211.450609
-6747.613564 -7271.618778 212.030667
-6747.414858 -7273.522471 212.610725
-6747.216151 -7275.426165 213.190783
-6747.017444 -7277.329858 213.770841
-6746.818737 -7279.233551 214.350900
-6746.620030 -7281.137244 214.930958
-6746.421323 -7283.040938 215.511016
-6746.222616 -7284.944631 216.091074
-6746.023910 -7286.848324 216.671133
-6745.825203 -7288.752017 217.251191
-6745.626496 -7290.655711 217.831249
-6745.427789 -7292.559404 218.411307
-6745.229082 -7294.463097 218.991366
-6745.030375 -7296.366791 219.571424
-6744.831669 -7298.270484 220.151482
-6744.632962 -7300.174177 220.731540
-6744.434255 -7302.077870 221.311599
-6744.235548 -7303.981564 221.891657
-6744.036841 -7305.885257 222.471715
-6743.838134 -7307.788950 223.051773
-6743.639427 -7309.692643 223.631831
-6743.440721 -7311.596337 224.211890
-6743.242014 -7313.500030 224.791948
-6743.043307 -7315.403723 225.372006
-6742.844600 -7317.307416 225.952064
-6742.645893 -7319.211110 226.532123
-6742.447186 -7321.114803 227.112181
-6742.248480 -7323.018496 227.692239
-6742.049773 -7324.922189 228.272297
-6741.851066 -7326.825883 228.852356
-6741.652359 -7328.729576 229.432414
-6741.453652 -7330.633269 230.012472
-6741.254945 -7332.536963 230.592530
-6741.056239 -7334.440656 231.172588
-6740.857532 -7336.344349 231.752647
-6740.658825 -7338.248042 232.332705
-6740.460118 -7340.151736 232.912763
-6740.261411 -7342.055429 233.492821
-6740.062704 -7343.959122 234.072880
-6739.863997 -7345.862815 234.652938
-6739.665291 -7347.766509 235.232996
-6739.466584 -7349.670202 235.813054
-6739.267877 -7351.573895 236.393113
-6739.069170 -7353.477588 236.973171
-6738.870463 -7355.381282 237.553229
-6738.671756 -7357.284975 238.133287
-6738.473050 -7359.188668 238.713345
-6738.274343 -7361.092361 239.293404
-6738.075636 -7362.996055 239.873462
-6737.876929 -7364.899748 240.453520
-6737.678222 -7366.803441 241.033578
-6737.479515 -7368.707134 241.613637
-6737.280808 -7370.610828 242.193695
-6737.082102 -7372.514521 242.773753
-6736.883395 -7374.418214 243.353811
-6736.684688 -7376.321908 243.933870
-6736.485981 -7378.225601 244.513928
-6736.287274 -7380.129294 245.093986
-6736.088567 -7382.032987 245.674044
-6735.889861 -7383.936681 246.254102
-6735.691154 -7385.840374 246.834161
-6735.492447 -7387.744067 247.414219
-6735.293740 -7389.647760 247.994277
-6735.095033 -7391.551454 248.574335
-6734.896326 -7393.455147 249.154394
-6734.697619 -7395.358840 249.734452
-6734.498913 -7397.262533 250.314510
-6734.300206 -7399.166227 250.894568
-6734.101499 -7401.069920 251.474627
-6733.902792 -7402.973613 252.054685
-6733.704085 -7404.877306 252.634743
-6733.505378 -7406.781000 253.214801
-6733.306672 -7408.684693 253.794860
-6733.107965 -7410.588386 254.374918
-6732.909258 -7412.492080 254.954976
-6732.710551 -7414.395773 255.535034
-6732.511844 -7416.299466 256.115092
-6732.313137 -7418.203159 256.695151
-6732.114431 -7420.106853 257.275209
-6731.915724 -7422.010546 257.855267
-6731.717017 -7423.914239 258.435325
-6731.518310 -7425.817932 259.015384
-6731.319603 -7427.721626 259.595442
-6731.120896 -7429.625319 260.175500
-6730.922189 -7431.529012 260.755558
-6730.723483 -7433.432705 261.335617
-6730.524776 -7435.336399 261.915675
-6730.326069 -7437.240092 262.495733
-6730.127362 -7439.143785 263.075791
-6729.928655 -7441.047478 263.655849
-6729.729948 -7442.951172 264.235908
-6729.531242 -7444.854865 264.815966
-6729.332535 -7446.758558 265.396024
-6729.133828 -7448.662252 265.976082
-6728.935121 -7450.565945 266.556141
-6728.736414 -7452.469638 267.136199
-6728.537707 -7454.373331 267.716257
-6728.339000 -7456.277025 268.296315
-6728.140294 -7458.180718 268.876374
-6727.941587 -7460.084411 269.456432
-6727.742880 -7461.988104 270.036490
-6727.544173 -7463.891798 270.616548
-6727.345466 -7465.795491 271.196606
-6727.146759 -7467.699184 271.776665
-6726.948053 -7469.602877 272.356723
-6726.749346 -7471.506571 272.936781
-6726.550639 -7473.410264 273.516839
-6726.351932 -7475.313957 274.096898
-6726.153225 -7477.217650 274.676956
-6725.954518 -7479.121344 275.257014
-6725.755811 -7481.025037 275.837072
-6725.557105 -7482.928730 276.417131
-6725.358398 -7484.832423 276.997189
-6725.159691 -7486.736117 277.577247
-6724.960984 -7488.639810 278.157305
-6724.762277 -7490.543503 278.737364
-6724.563570 -7492.447197 279.317422
-6724.364864 -7494.350890 279.897480
-6724.166157 -7496.254583 280.477538
-6723.967450 -7498.158276 281.057596
-6723.768743 -7500.061970 281.637655
-6723.570036 -7501.965663 282.217713
-6723.371329 -7503.869356 282.797771
-6723.172623 -7505.773049 283.377829
-6722.973916 -7507.676743 283.957888
-6722.775209 -7509.580436 284.537946
-6722.576502 -7511.484129 285.118004
-6722.377795 -7513.387822 285.698062
-6722.179088 -7515.291516 286.278121
-6721.980381 -7517.195209 286.858179
-6721.781675 -7519.098902 287.438237
-6721.582968 -7521.002595 288.018295
-6721.384261 -7522.906289 288.598353
-6721.185554 -7524.809982 289.178412
-6720.986847 -7526.713675 289.758470
-6720.788140 -7528.617369 290.338528
-6720.589434 -7530.521062 290.918586
-6720.390727 -7532.424755 291.498645
-6720.192020 -7534.328448 292.078703
-6719.993313 -7536.232142 292.658761
-6719.794606 -7538.135835 293.238819
-6719.595899 -7540.039528 293.818878
-6719.397192 -7541.943221 294.398936
-6719.198486 -7543.846915 294.978994
-6718.999779 -7545.750608 295.559052
-6718.801072 -7547.654301 296.139110
-6718.602365 -7549.557994 296.719169
-6718.403658 -7551.461688 297.299227
-6718.204951 -7553.365381 297.879285
-6718.006245 -7555.269074 298.459343
-6717.807538 -7557.172767 299.039402
-6717.608831 -7559.076461 299.619460
-6717.410124 -7560.980154 300.199518
-6717.211417 -7562.883847 300.779576
-6717.012710 -7564.787541 301.359635
-6716.814003 -7566.691234 301.939693
-6716.615297 -7568.594927 302.519751
-6716.416590 -7570.498620 303.099809
-6716.217883 -7572.402314 303.679867
-6716.019176 -7574.306007 304.259926
-6715.820469 -7576.209700 304.839984
-6715.621762 -7578.113393 305.420042
-6715.423056 -7580.017087 306.000100
-6715.224349 -7581.920780 306.580159
-6715.025642 -7583.824473 307.160217
-6714.826935 -7585.728166 307.740275
-6714.628228 -7587.631860 308.320333
-6714.429521 -7589.535553 308.900392
-6714.230815 -7591.439246 309.480450
-6714.032108 -7593.342939 310.060508
-6713.833401 -7595.246633 310.640566
-6713.634694 -7597.150326 311.220625
-6713.435987 -7599.054019 311.800683
-6713.237280 -7600.957712 312.380741
-6713.038573 -7602.861406 312.960799
-6712.839867 -7604.765099 313.540857
-6712.641160 -7606.668792 314.120916
-6712.442453 -7608.572486 314.700974
-6712.243746 -7610.476179 315.281032
-6712.045039 -7612.379872 315.861090
-6711.846332 -7614.283565 316.441149
-6711.647626 -7616.187259 317.021207
-6711.448919 -7618.090952 317.601265
-6711.250212 -7619.994645 318.181323
-6711.051505 -7621.898338 318.761382
-6710.852798 -7623.802032 319.341440
-6710.654091 -7625.705725 319.921498
-6710.455384 -7627.609418 320.501556
-6710.256678 -7629.513111 321.081614
-6710.057971 -7631.416805 321.661673
-6709.859264 -7633.320498 322.241731
-6709.660557 -7635.224191 322.821789
-6709.461850 -7637.127884 323.401847
-6709.263143 -7639.031578 323.981906
-6709.064437 -7640.935271 324.561964
-6708.865730 -7642.838964 325.142022
-6708.667023 -7644.742658 325.722080
-6708.468316 -7646.646351 326.302139
-6708.269609 -7648.550044 326.882197
-6708.070902 -7650.453737 327.462255
-6707.872195 -7652.357431 328.042313
-6707.673489 -7654.261124 328.622371
-6707.474782 -7656.164817 329.202430
-6707.276075 -7658.068510 329.782488
-6707.077368 -7659.972204 330.362546
-6706.878661 -7661.875897 330.942604
-6706.679954 -7663.779590 331.522663
-6706.481248 -7665.683283 332.102721
-6706.282541 -7667.586977 332.682779
-6706.083834 -7669.490670 333.262837
-6705.885127 -7671.394363 333.842896
-6705.686420 -7673.298056 334.422954
-6705.487713 -7675.201750 335.003012
-6705.289007 -7677.105443 335.583070
-6705.090300 -7679.009136 336.163129
-6704.891593 -7680.912830 336.743187
-6704.692886 -7682.816523 337.323245
-6704.494179 -7684.720216 337.903303
-6704.295472 -7686.623909 338.483361
-6704.096765 -7688.527603 339.063420
-6703.898059 -7690.431296 339.643478
-6703.699352 -7692.334989 340.223536
-6703.500645 -7694.238682 340.803594
-6703.301938 -7696.142376 341.383653
-6703.103231 -7698.046069 341.963711
-6702.904524 -7699.949762 342.543769
-6702.705818 -7701.853455 343.123827
-6702.507111 -7703.757149 343.703886
-6702.308404 -7705.660842 344.283944
-6702.109697 -7707.564535 344.864002
-6701.910990 -7709.468228 345.444060
-6701.712283 -7711.371922 346.024118
-6701.513576 -7713.275615 346.604177
-6701.314870 -7715.179308 347.184235
-6701.116163 -7717.083001 347.764293
-6700.917456 -7718.986695 348.344351
-6700.718749 -7720.890388 348.924410
-6700.520042 -7722.794081 349.504468
-6700.321335 -7724.697775 350.084526
-6700.122629 -7726.601468 350.664584
-6699.923922 -7728.505161 351.244643
-6699.725215 -7730.408854 351.824701
-6699.526508 -7732.312548 352.404759
-6699.327801 -7734.216241 352.984817
-6699.129094 -7736.119934 353.564875
-6698.930387 -7738.023627 354.144934
-6698.731681 -7739.927321 354.724992
-6698.532974 -7741.831014 355.305050
-6698.334267 -7743.734707 355.885108
-6698.135560 -7745.638400 356.465167
-6697.936853 -7747.542094 357.045225
-6697.738146 -7749.445787 357.625283
-6697.539440 -7751.349480 358.205341
-6697.340733 -7753.253173 358.785400
-6697.142026 -7755.156867 359.365458
-6696.943319 -7757.060560 359.945516
-6696.744612 -7758.964253 360.525574
-6696.545905 -7760.867947 361.105632
-6696.347199 -7762.771640 361.685691
-6696.148492 -7764.675333 362.265749
-6695.949785 -7766.579026 362.845807
-6695.751078 -7768.482720 363.425865
-6695.552371 -7770.386413 364.005924
-6695.353664 -7772.290106 364.585982
-6695.154957 -7774.193799 365.166040
-6694.956251 -7776.097493 365.746098
-6694.757544 -7778.001186 366.326157
-6694.558837 -7779.904879 366.906215
-6694.360130 -7781.808572 367.486273
-6694.161423 -7783.712266 368.066331
-6693.962716 -7785.615959 368.646390
-6693.764010 -7787.519652 369.226448
-6693.565303 -7789.423345 369.806506
-6693.366596 -7791.327039 370.386564
-6693.167889 -7793.230732 370.966622
-6692.969182 -7795.134425 371.546681
-6692.770475 -7797.038119 372.126739
-6692.571768 -7798.941812 372.706797
-6692.373062 -7800.845505 373.286855
-6692.174355 -7802.749198 373.866914
-6691.975648 -7804.652892 374.446972
-6691.776941 -7806.556585 375.027030
-6691.578234 -7808.460278 375.607088
-6691.379527 -7810.363971 376.187147
-6691.000000 -7814.000000 377.295050
-6691.472043 -7815.884986 377.768340
-6691.944085 -7817.769972 378.241629
-6692.416128 -7819.654958 378.714919
-6692.888171 -7821.539945 379.188208
-6693.360213 -7823.424931 379.661498
-6693.832256 -7825.309917 380.134787
-6694.304299 -7827.194903 380.608077
-6694.776341 -7829.079889 381.081366
-6695.248384 -7830.964875 381.554656
-6695.720427 -7832.849861 382.027945
-6696.192469 -7834.734847 382.501235
-6696.664512 -7836.619834 382.974525
-6697.136555 -7838.504820 383.447814
-6697.608597 -7840.389806 383.921104
-6698.080640 -7842.274792 384.394393
-6698.552683 -7844.159778 384.867683
-6699.024725 -7846.044764 385.340972
-6699.496768 -7847.929750 385.814262
-6699.968811 -7849.814737 386.287551
-6700.440853 -7851.699723 386.760841
-6700.912896 -7853.584709 387.234130
-6701.384939 -7855.469695 387.707420
-6701.856981 -7857.354681 388.180710
-6702.329024 -7859.239667 388.653999
-6702.801067 -7861.124653 389.127289
-6703.273109 -7863.009640 389.600578
-6703.745152 -7864.894626 390.073868
-6704.217195 -7866.779612 390.547157
-6704.689237 -7868.664598 391.020447
-6705.161280 -7870.549584 391.493736
-6705.633323 -7872.434570 391.967026
-6706.105365 -7874.319556 392.440315
-6706.577408 -7876.204542 392.913605
-6707.049451 -7878.089529 393.386895
-6707.521493 -7879.974515 393.860184
-6707.993536 -7881.859501 394.333474
-6708.465578 -7883.744487 394.806763
-6708.937621 -7885.629473 395.280053
-6709.409664 -7887.514459 395.753342
-6709.881706 -7889.399445 396.226632
-6710.353749 -7891.284432 396.699921
-6710.825792 -7893.169418 397.173211
-6711.297834 -7895.054404 397.646500
-6711.769877 -7896.939390 398.119790
-6712.241920 -7898.824376 398.593080
-6712.713962 -7900.709362 399.066369
-6713.186005 -7902.594348 399.539659
-6713.658048 -7904.479335 400.012948
-6714.130090 -7906.364321 400.486238
-6714.602133 -7908.249307 400.959527
-6715.074176 -7910.134293 401.432817
-6715.546218 -7912.019279 401.906106
-6716.018261 -7913.904265 402.379396
-6716.490304 -7915.789251 402.852685
-6716.962346 -7917.674237 403.325975
-6717.434389 -7919.559224 403.799265
-6717.906432 -7921.444210 404.272554
-6718.378474 -7923.329196 404.745844
-6718.850517 -7925.214182 405.219133
-6719.322560 -7927.099168 405.692423
-6719.794602 -7928.984154 406.165712
-6720.266645 -7930.869140 406.639002
-6720.738688 -7932.754127 407.112291
-6721.210730 -7934.639113 407.585581
-6721.682773 -7936.524099 408.058870
-6722.154816 -7938.409085 408.532160
-6722.626858 -7940.294071 409.005450
-6723.098901 -7942.179057 409.478739
-6723.570944 -7944.064043 409.952029
-6724.042986 -7945.949029 410.425318
-6724.515029 -7947.834016 410.898608
-6724.987072 -7949.719002 411.371897
-6725.459114 -7951.603988 411.845187
-6725.931157 -7953.488974 412.318476
-6726.403200 -7955.373960 412.791766
-6726.875242 -7957.258946 413.265055
-6727.347285 -7959.143932 413.738345
-6727.819328 -7961.028919 414.211635
-6728.291370 -7962.913905 414.684924
-6728.763413 -7964.798891 415.158214
-6729.235456 -7966.683877 415.631503
-6729.707498 -7968.568863 416.104793
-6730.179541 -7970.453849 416.578082
-6730.651584 -7972.338835 417.051372
-6731.123626 -7974.223822 417.524661
-6731.595669 -7976.108808 417.997951
-6732.067712 -7977.993794 418.471240
-6732.539754 -7979.878780 418.944530
-6733.011797 -7981.763766 419.417820
-6733.483840 -7983.648752 419.891109
-6733.955882 -7985.533738 420.364399
-6734.427925 -7987.418724 420.837688
-6734.899968 -7989.303711 421.310978
-6735.372010 -7991.188697 421.784267
-6735.844053 -7993.073683 422.257557
-6736.316096 -7994.958669 422.730846
-6736.788138 -7996.843655 423.204136
-6737.260181 -7998.728641 423.677425
-6737.732224 -8000.613627 424.150715
-6738.204266 -8002.498614 424.624005
-6738.676309 -8004.383600 425.097294
-6739.148352 -8006.268586 425.570584
-6739.620394 -8008.153572 426.043873
-6740.092437 -8010.038558 426.517163
-6740.564480 -8011.923544 426.990452
-6741.036522 -8013.808530 427.463742
-6741.508565 -8015.693517 427.937031
-6741.980607 -8017.578503 428.410321
-6742.452650 -8019.463489 428.883610
-6742.924693 -8021.348475 429.356900
-6743.396735 -8023.233461 429.830190
-6743.868778 -8025.118447 430.303479
-6744.340821 -8027.003433 430.776769
-6744.812863 -8028.888419 431.250058
-6745.284906 -8030.773406 431.723348
-6745.756949 -8032.658392 432.196637
-6746.228991 -8034.543378 432.669927
-6746.701034 -8036.428364 433.143216
-6747.173077 -8038.313350 433.616506
-6747.645119 -8040.198336 434.089795
-6748.117162 -8042.083322 434.563085
-6748.589205 -8043.968309 435.036375
-6749.061247 -8045.853295 435.509664
-6749.533290 -8047.738281 435.982954
-6750.005333 -8049.623267 436.456243
-6750.477375 -8051.508253 436.929533
-6750.949418 -8053.393239 437.402822
-6751.421461 -8055.278225 437.876112
-6751.893503 -8057.163211 438.349401
-6752.365546 -8059.048198 438.822691
-6752.837589 -8060.933184 439.295980
-6753.309631 -8062.818170 439.769270
-6753.781674 -8064.703156 440.242560
-6754.253717 -8066.588142 440.715849
-6754.725759 -8068.473128 441.189139
-6755.197802 -8070.358114 441.662428
-6755.669845 -8072.243101 442.135718
-6756.141887 -8074.128087 442.609007
-6756.613930 -8076.013073 443.082297
-6757.085973 -8077.898059 443.555586
-6757.558015 -8079.783045 444.028876
-6758.030058 -8081.668031 444.502165
-6758.502101 -8083.553017 444.975455
-6758.974143 -8085.438004 445.448745
-6759.446186 -8087.322990 445.922034
-6759.918229 -8089.207976 446.395324
-6760.390271 -8091.092962 446.868613
-6760.862314 -8092.977948 447.341903
-6761.334357 -8094.862934 447.815192
-6761.806399 -8096.747920 448.288482
-6762.278442 -8098.632906 448.761771
-6762.750485 -8100.517893 449.235061
-6763.222527 -8102.402879 449.708350
-6763.694570 -8104.287865 450.181640
-6764.166613 -8106.172851 450.654930
-6764.638655 -8108.057837 451.128219
-6765.110698 -8109.942823 451.601509
-6765.582741 -8111.827809 452.074798
-6766.054783 -8113.712796 452.548088
-6766.526826 -8115.597782 453.021377
-6766.998869 -8117.482768 453.494667
-6767.470911 -8119.367754 453.967956
-6767.942954 -8121.252740 454.441246
-6768.414997 -8123.137726 454.914535
-6768.887039 -8125.022712 455.387825
-6769.359082 -8126.907699 455.861115
-6769.831125 -8128.792685 456.334404
-6770.303167 -8130.677671 456.807694
-6770.775210 -8132.562657 457.280983
-6771.247253 -8134.447643 457.754273
-6771.719295 -8136.332629 458.227562
-6772.191338 -8138.217615 458.700852
-6772.663381 -8140.102601 459.174141
-6773.135423 -8141.987588 459.647431
-6773.607466 -8143.872574 460.120720
-6774.079508 -8145.757560 460.594010
-6774.551551 -8147.642546 461.067300
-6775.023594 -8149.527532 461.540589
-6775.495636 -8151.412518 462.013879
-6775.967679 -8153.297504 462.487168
-6776.439722 -8155.182491 462.960458
-6776.911764 -8157.067477 463.433747
-6777.383807 -8158.952463 463.907037
-6777.855850 -8160.837449 464.380326
-6778.327892 -8162.722435 464.853616
-6778.799935 -8164.607421 465.326905
-6779.271978 -8166.492407 465.800195
-6779.744020 -8168.377394 466.273485
-6780.216063 -8170.262380 466.746774
-6780.688106 -8172.147366 467.220064
-6781.160148 -8174.032352 467.693353
-6781.632191 -8175.917338 468.166643
-6782.104234 -8177.802324 468.639932
-6782.576276 -8179.687310 469.113222
-6783.048319 -8181.572296 469.586511
-6783.520362 -8183.457283 470.059801
-6783.992404 -8185.342269 470.533090
-6784.464447 -8187.227255 471.006380
-6784.936490 -8189.112241 471.479670
-6785.408532 -8190.997227 471.952959
-6785.880575 -8192.882213 472.426249
-6786.352618 -8194.767199 472.899538
-6786.824660 -8196.652186 473.372828
-6787.296703 -8198.537172 473.846117
-6787.768746 -8200.422158 474.319407
-6788.240788 -8202.307144 474.792696
-6788.712831 -8204.192130 475.265986
-6789.184874 -8206.077116 475.739275
-6789.656916 -8207.962102 476.212565
-6790.128959 -8209.847088 476.685855
-6790.601002 -8211.732075 477.159144
-6791.073044 -8213.617061 477.632434
-6791.545087 -8215.502047 478.105723
-6792.017130 -8217.387033 478.579013
-6792.489172 -8219.272019 479.052302
-6792.961215 -8221.157005 479.525592
-6793.433258 -8223.041991 479.998881
-6793.905300 -8224.926978 480.472171
-6794.377343 -8226.811964 480.945460
-6794.849386 -8228.696950 481.418750
-6795.321428 -8230.581936 481.892040
-6795.793471 -8232.466922 482.365329
-6796.265514 -8234.351908 482.838619
-6796.737556 -8236.236894 483.311908
-6797.209599 -8238.121881 483.785198
-6797.681642 -8240.006867 484.258487
-6798.153684 -8241.891853 484.731777
-6798.625727 -8243.776839 485.205066
-6799.097770 -8245.661825 485.678356
-6799.569812 -8247.546811 486.151645
-6800.041855 -8249.431797 486.624935
-6800.513898 -8251.316783 487.098225
-6800.985940 -8253.201770 487.571514
-6801.457983 -8255.086756 488.044804
-6801.930026 -8256.971742 488.518093
-6802.402068 -8258.856728 488.991383
-6802.874111 -8260.741714 489.464672
-6803.346154 -8262.626700 489.937962
-6803.818196 -8264.511686 490.411251
-6804.290239 -8266.396673 490.884541
-6804.762282 -8268.281659 491.357830
-6805.234324 -8270.166645 491.831120
-6805.706367 -8272.051631 492.304410
-6806.178410 -8273.936617 492.777699
-6806.650452 -8275.821603 493.250989
-6807.122495 -8277.706589 493.724278
-6807.594537 -8279.591576 494.197568
-6808.066580 -8281.476562 494.670857
-6808.538623 -8283.361548 495.144147
-6809.010665 -8285.246534 495.617436
-6809.482708 -8287.131520 496.090726
-6809.954751 -8289.016506 496.564015
-6810.426793 -8290.901492 497.037305
-6810.898836 -8292.786478 497.510595
-6811.370879 -8294.671465 497.983884
-6811.842921 -8296.556451 498.457174
-6812.314964 -8298.441437 498.930463
-6812.787007 -8300.326423 499.403753
-6813.259049 -8302.211409 499.877042
-6813.731092 -8304.096395 500.350332
-6814.203135 -8305.981381 500.823621
-6814.675177 -8307.866368 501.296911
-6815.147220 -8309.751354 501.770200
-6815.619263 -8311.636340 502.243490
-6816.091305 -8313.521326 502.716780
-6816.563348 -8315.406312 503.190069
-6817.035391 -8317.291298 503.663359
-6817.507433 -8319.176284 504.136648
-6817.979476 -8321.061270 504.609938
-6818.451519 -8322.946257 505.083227
-6818.923561 -8324.831243 505.556517
-6819.395604 -8326.716229 506.029806
-6819.867647 -8328.601215 506.503096
-6820.339689 -8330.486201 506.976385
-6820.811732 -8332.371187 507.449675
-6821.283775 -8334.256173 507.922965
-6821.755817 -8336.141160 508.396254
-6822.227860 -8338.026146 508.869544
-6822.699903 -8339.911132 509.342833
-6823.171945 -8341.796118 509.816123
-6823.643988 -8343.681104 510.289412
-6824.116031 -8345.566090 510.762702
-6824.588073 -8347.451076 511.235991
-6825.060116 -8349.336063 511.709281
-6825.532159 -8351.221049 512.182570
-6826.004201 -8353.106035 512.655860
-6826.476244 -8354.991021 513.129150
-6826.948287 -8356.876007 513.602439
-6827.420329 -8358.760993 514.075729
-6827.892372 -8360.645979 514.549018
-6828.364415 -8362.530965 515.022308
-6828.836457 -8364.415952 515.495597
-6829.308500 -8366.300938 515.968887
-6829.780543 -8368.185924 516.442176
-6830.252585 -8370.070910 516.915466
-6830.724628 -8371.955896 517.388755
-6831.196671 -8373.840882 517.862045
-6831.668713 -8375.725868 518.335335
-6832.140756 -8377.610855 518.808624
-6832.612799 -8379.495841 519.281914
-6833.084841 -8381.380827 519.755203
-6833.556884 -8383.265813 520.228493
-6834.028927 -8385.150799 520.701782
-6834.500969 -8387.035785 521.175072
-6834.973012 -8388.920771 521.648361
-6835.445055 -8390.805758 522.121651
-6835.917097 -8392.690744 522.594940
-6836.389140 -8394.575730 523.068230
-6836.861183 -8396.460716 523.541520
-6837.333225 -8398.345702 524.014809
-6837.805268 -8400.230688 524.488099
-6838.277311 -8402.115674 524.961388
-6838.749353 -8404.000660 525.434678
-6839.221396 -8405.885647 525.907967
-6839.693439 -8407.770633 526.381257
-6840.165481 -8409.655619 526.854546
-6840.637524 -8411.540605 527.327836
-6841.109566 -8413.425591 527.801125
-6841.581609 -8415.310577 528.274415
-6842.053652 -8417.195563 528.747705
-6842.525694 -8419.080550 529.220994
-6842.997737 -8420.965536 529.694284
-6843.469780 -8422.850522 530.167573
-6843.941822 -8424.735508 530.640863
-6844.413865 -8426.620494 531.114152
-6844.885908 -8428.505480 531.587442
-6845.357950 -8430.390466 532.060731
-6845.829993 -8432.275452 532.534021
-6846.302036 -8434.160439 533.007310
-6846.774078 -8436.045425 533.480600
-6847.246121 -8437.930411 533.953890
-6847.718164 -8439.815397 534.427179
-6848.190206 -8441.700383 534.900469
-6848.662249 -8443.585369 535.373758
-6849.134292 -8445.470355 535.847048
-6849.606334 -8447.355342 536.320337
-6850.078377 -8449.240328 536.793627
-6850.550420 -8451.125314 537.266916
-6851.022462 -8453.010300 537.740206
-6851.494505 -8454.895286 538.213495
-6851.966548 -8456.780272 538.686785
-6852.438590 -8458.665258 539.160075
-6852.910633 -8460.550245 539.633364
-6853.382676 -8462.435231 540.106654
-6853.854718 -8464.320217 540.579943
-6854.326761 -8466.205203 541.053233
-6854.798804 -8468.090189 541.526522
-6855.270846 -8469.975175 541.999812
-6855.742889 -8471.860161 542.473101
-6856.214932 -8473.745147 542.946391
-6856.686974 -8475.630134 543.419680
-6857.159017 -8477.515120 543.892970
-6857.631060 -8479.400106 544.366260
-6858.103102 -8481.285092 544.839549
-6858.575145 -8483.170078 545.312839
-6859.047188 -8485.055064 545.786128
-6859.519230 -8486.940050 546.259418
-6859.991273 -8488.825037 546.732707
-6860.463316 -8490.710023 547.205997
-6860.935358 -8492.595009 547.679286
-6861.407401 -8494.479995 548.152576
-6861.879444 -8496.364981 548.625865
-6862.351486 -8498.249967 549.099155
-6862.823529 -8500.134953 549.572445
-6863.295572 -8502.019940 550.045734
-6863.767614 -8503.904926 550.519024
-6864.239657 -8505.789912 550.992313
-6864.711700 -8507.674898 551.465603
-6865.183742 -8509.559884 551.938892
-6865.655785 -8511.444870 552.412182
-6866.127828 -8513.329856 552.885471
-6866.599870 -8515.214842 553.358761
-6867.071913 -8517.099829 553.832050
-6867.543956 -8518.984815 554.305340
-6868.015998 -8520.869801 554.778629
-6868.488041 -8522.754787 555.251919
-6868.960084 -8524.639773 555.725209
-6869.432126 -8526.524759 556.198498
-6869.904169 -8528.409745 556.671788
-6870.376212 -8530.294732 557.145077
-6870.848254 -8532.179718 557.618367
-6871.320297 -8534.064704 558.091656
-6871.792340 -8535.949690 558.564946
-6872.264382 -8537.834676 559.038235
-6872.736425 -8539.719662 559.511525
-6873.208467 -8541.604648 559.984814
-6873.680510 -8543.489634 560.458104
-6874.152553 -8545.374621 560.931394
-6874.624595 -8547.259607 561.404683
-6875.096638 -8549.144593 561.877973
-6875.568681 -8551.029579 562.351262
-6876.040723 -8552.914565 562.824552
-6876.512766 -8554.799551 563.297841
-6876.984809 -8556.684537 563.771131
-6877.456851 -8558.569524 564.244420
-6877.928894 -8560.454510 564.717710
-6878.400937 -8562.339496 565.190999
-6878.872979 -8564.224482 565.664289
-6879.345022 -8566.109468 566.137579
-6879.817065 -8567.994454 566.610868
-6880.289107 -8569.879440 567.084158
-6880.761150 -8571.764427 567.557447
-6881.233193 -8573.649413 568.030737
-6881.705235 -8575.534399 568.504026
-6882.177278 -8577.419385 568.977316
-6882.649321 -8579.304371 569.450605
-6883.121363 -8581.189357 569.923895
-6883.593406 -8583.074343 570.397184
-6884.065449 -8584.959329 570.870474
-6884.537491 -8586.844316 571.343764
-6885.009534 -8588.729302 571.817053
-6885.481577 -8590.614288 572.290343
-6885.953619 -8592.499274 572.763632
-6886.425662 -8594.384260 573.236922
-6886.897705 -8596.269246 573.710211
-6887.369747 -8598.154232 574.183501
-6887.841790 -8600.039219 574.656790
-6888.313833 -8601.924205 575.130080
-6888.785875 -8603.809191 575.603369
-6889.257918 -8605.694177 576.076659
-6889.729961 -8607.579163 576.549949
-6890.202003 -8609.464149 577.023238
-6890.674046 -8611.349135 577.496528
-6891.146089 -8613.234122 577.969817
-6891.618131 -8615.119108 578.443107
-6892.090174 -8617.004094 578.916396
-6892.562217 -8618.889080 579.389686
-6893.034259 -8620.774066 579.862975
-6893.506302 -8622.659052 580.336265
-6893.978345 -8624.544038 580.809554
-6894.450387 -8626.429024 581.282844
-6894.922430 -8628.314011 581.756134
-6895.394473 -8630.198997 582.229423
-6895.866515 -8632.083983 582.702713
-6896.338558 -8633.968969 583.176002
-6896.810601 -8635.853955 583.649292
-6897.282643 -8637.738941 584.122581
-6897.754686 -8639.623927 584.595871
-6898.226729 -8641.508914 585.069160
-6898.698771 -8643.393900 585.542450
-6899.170814 -8645.278886 586.015739
-6899.642857 -8647.163872 586.489029
-6900.114899 -8649.048858 586.962319
-6900.586942 -8650.933844 587.435608
-6901.058985 -8652.818830 587.908898
-6901.531027 -8654.703817 588.382187
-6902.003070 -8656.588803 588.855477
-6902.475113 -8658.473789 589.328766
-6902.947155 -8660.358775 589.802056
-6903.419198 -8662.243761 590.275345
-6903.891241 -8664.128747 590.748635
-6904.363283 -8666.013733 591.221924
-6904.835326 -8667.898719 591.695214
-6905.307369 -8669.783706 592.168504
-6905.779411 -8671.668692 592.641793
-6906.251454 -8673.553678 593.115083
-6906.723496 -8675.438664 593.588372
-6907.195539 -8677.323650 594.061662
-6907.667582 -8679.208636 594.534951
-6908.139624 -8681.093622 595.008241
-6908.611667 -8682.978609 595.481530
-6909.083710 -8684.863595 595.954820
-6909.555752 -8686.748581 596.428109
-6910.027795 -8688.633567 596.901399
-6910.499838 -8690.518553 597.374689
-6910.971880 -8692.403539 597.847978
-6911.443923 -8694.288525 598.321268
-6911.915966 -8696.173511 598.794557
-6912.388008 -8698.058498 599.267847
-6912.860051 -8699.943484 599.741136
-6913.332094 -8701.828470 600.214426
-6913.804136 -8703.713456 600.687715
-6914.276179 -8705.598442 601.161005
-6914.748222 -8707.483428 601.634294
-6915.220264 -8709.368414 602.107584
-6915.692307 -8711.253401 602.580874
-6916.164350 -8713.138387 603.054163
-6916.636392 -8715.023373 603.527453
-6917.108435 -8716.908359 604.000742
-6917.580478 -8718.793345 604.474032
-6918.052520 -8720.678331 604.947321
-6918.524563 -8722.563317 605.420611
-6918.996606 -8724.448304 605.893900
-6919.468648 -8726.333290 606.367190
-6919.940691 -8728.218276 606.840479
-6920.412734 -8730.103262 607.313769
-6920.884776 -8731.988248 607.787059
-6921.356819 -8733.873234 608.260348
-6921.828862 -8735.758220 608.733638
-6922.300904 -8737.643206 609.206927
-6922.772947 -8739.528193 609.680217
-6923.244990 -8741.413179 610.153506
-6923.717032 -8743.298165 610.626796
-6924.189075 -8745.183151 611.100085
-6924.661118 -8747.068137 611.573375
-6925.133160 -8748.953123 612.046664
-6925.605203 -8750.838109 612.519954
-6926.077246 -8752.723096 612.993244
-6926.549288 -8754.608082 613.466533
-6927.021331 -8756.493068 613.939823
-6927.493374 -8758.378054 614.413112
-6927.965416 -8760.263040 614.886402
-6928.437459 -8762.148026 615.359691
-6928.909502 -8764.033012 615.832981
-6929.381544 -8765.917999 616.306270
-6929.853587 -8767.802985 616.779560
-6930.325630 -8769.687971 617.252849
-6930.797672 -8771.572957 617.726139
-6931.269715 -8773.457943 618.199429
-6931.741758 -8775.342929 618.672718
-6932.213800 -8777.227915 619.146008
-6932.685843 -8779.112901 619.619297
-6933.157886 -8780.997888 620.092587
-6933.629928 -8782.882874 620.565876
-6934.101971 -8784.767860 621.039166
-6934.574014 -8786.652846 621.512455
-6935.046056 -8788.537832 621.985745
-6935.518099 -8790.422818 622.459034
-6935.990142 -8792.307804 622.932324
-6936.462184 -8794.192791 623.405614
-6936.934227 -8796.077777 623.878903
-6937.406270 -8797.962763 624.352193
-6937.878312 -8799.847749 624.825482
-6938.350355 -8801.732735 625.298772
-6938.822398 -8803.617721 625.772061
-6939.294440 -8805.502707 626.245351
-6939.766483 -8807.387693 626.718640
-6940.238525 -8809.272680 627.191930
-6940.710568 -8811.157666 627.665219
-6941.182611 -8813.042652 628.138509
-6941.654653 -8814.927638 628.611799
-6942.126696 -8816.812624 629.085088
-6942.598739 -8818.697610 629.558378
-6943.070781 -8820.582596 630.031667
-6943.542824 -8822.467583 630.504957
-6944.014867 -8824.352569 630.978246
-6944.486909 -8826.237555 631.451536
-6944.958952 -8828.122541 631.924825
-6945.430995 -8830.007527 632.398115
-6945.903037 -8831.892513 632.871404
-6946.375080 -8833.777499 633.344694
-6946.847123 -8835.662486 633.817984
-6947.319165 -8837.547472 634.291273
-6947.791208 -8839.432458 634.764563
-6948.263251 -8841.317444 635.237852
-6948.735293 -8843.202430 635.711142
-6949.207336 -8845.087416 636.184431
-6949.679379 -8846.972402 636.657721
-6950.151421 -8848.857388 637.131010
-6950.623464 -8850.742375 637.604300
-6951.095507 -8852.627361 638.077589
-6951.567549 -8854.512347 638.550879
-6952.039592 -8856.397333 639.024169
-6952.511635 -8858.282319 639.497458
-6952.983677 -8860.167305 639.970748
-6953.455720 -8862.052291 640.444037
-6953.927763 -8863.937278 640.917327
-6954.399805 -8865.822264 641.390616
-6954.871848 -8867.707250 641.863906
-6955.343891 -8869.592236 642.337195
-6955.815933 -8871.477222 642.810485
-6956.287976 -8873.362208 643.283774
-6956.760019 -8875.247194 643.757064
-6957.232061 -8877.132181 644.230354
-6957.704104 -8879.017167 644.703643
-6958.176147 -8880.902153 645.176933
-6958.648189 -8882.787139 645.650222
-6959.120232 -8884.672125 646.123512
-6959.592275 -8886.557111 646.596801
-6960.064317 -8888.442097 647.070091
-6960.536360 -8890.327083 647.543380
-6961.008403 -8892.212070 648.016670
-6961.480445 -8894.097056 648.489959
-6961.952488 -8895.982042 648.963249
-6962.424531 -8897.867028 649.436539
-6962.896573 -8899.752014 649.909828
-6963.368616 -8901.637000 650.383118
-6963.840659 -8903.521986 650.856407
-6964.312701 -8905.406973 651.329697
-6964.784744 -8907.291959 651.802986
-6965.256787 -8909.176945 652.276276
-6965.728829 -8911.061931 652.749565
-6966.200872 -8912.946917 653.222855
-6966.672915 -8914.831903 653.696144
-6967.144957 -8916.716889 654.169434
-6967.617000 -8918.601875 654.642724
-6968.089043 -8920.486862 655.116013
-6968.561085 -8922.371848 655.589303
-6969.033128 -8924.256834 656.062592
-6969.505171 -8926.141820 656.535882
-6969.977213 -8928.026806 657.009171
-6970.449256 -8929.911792 657.482461
-6970.921299 -8931.796778 657.955750
-6971.393341 -8933.681765 658.429040
-6971.865384 -8935.566751 658.902329
-6972.337426 -8937.451737 659.375619
-6972.809469 -8939.336723 659.848909
-6973.281512 -8941.221709 660.322198
-6973.753554 -8943.106695 660.795488
-6974.225597 -8944.991681 661.268777
-6974.697640 -8946.876668 661.742067
-6975.169682 -8948.761654 662.215356
-6975.641725 -8950.646640 662.688646
-6976.113768 -8952.531626 663.161935
-6976.585810 -8954.416612 663.635225
-6977.057853 -8956.301598 664.108514
-6977.529896 -8958.186584 664.581804
-6978.001938 -8960.071570 665.055094
-6978.473981 -8961.956557 665.528383
-6978.946024 -8963.841543 666.001673
-6979.418066 -8965.726529 666.474962
-6979.890109 -8967.611515 666.948252
-6980.362152 -8969.496501 667.421541
-6980.834194 -8971.381487 667.894831
-6981.306237 -8973.266473 668.368120
-6981.778280 -8975.151460 668.841410
-6982.250322 -8977.036446 669.314699
-6982.722365 -8978.921432 669.787989
-6983.194408 -8980.806418 670.261279
-6983.666450 -8982.691404 670.734568
-6984.138493 -8984.576390 671.207858
-6984.610536 -8986.461376 671.681147
-6985.082578 -8988.346363 672.154437
-6985.554621 -8990.231349 672.627726
-6986.026664 -8992.116335 673.101016
-6986.498706 -8994.001321 673.574305
-6986.970749 -8995.886307 674.047595
-6987.442792 -8997.771293 674.520884
-6987.914834 -8999.656279 674.994174
-6988.386877 -9001.541265 675.467464
-6988.858920 -9003.426252 675.940753
-6989.330962 -9005.311238 676.414043
-6989.803005 -9007.196224 676.887332
-6990.275048 -9009.081210 677.360622
-6990.747090 -9010.966196 677.833911
-6991.219133 -9012.851182 678.307201
-6991.691176 -9014.736168 678.780490
-6992.163218 -9016.621155 679.253780
-6992.635261 -9018.506141 679.727069
-6993.107304 -9020.391127 680.200359
-6993.579346 -9022.276113 680.673649
-6994.051389 -9024.161099 681.146938
-6994.523432 -9026.046085 681.620228
-6994.995474 -9027.931071 682.093517
-6995.467517 -9029.816057 682.566807
-6995.939560 -9031.701044 683.040096
-6996.411602 -9033.586030 683.513386
-6996.883645 -9035.471016 683.986675
-6997.355688 -9037.356002 684.459965
-6997.827730 -9039.240988 684.933254
-6998.299773 -9041.125974 685.406544
-6998.771816 -9043.010960 685.879834
-6999.243858 -9044.895947 686.353123
-6999.715901 -9046.780933 686.826413
-7000.187944 -9048.665919 687.299702
-7000.659986 -9050.550905 687.772992
-7001.132029 -9052.435891 688.246281
-7001.604072 -9054.320877 688.719571
-7002.076114 -9056.205863 689.192860
-7002.548157 -9058.090850 689.666150
-7003.020200 -9059.975836 690.139439
-7003.492242 -9061.860822 690.612729
-7003.964285 -9063.745808 691.086019
-7004.436328 -9065.630794 691.559308
-7004.908370 -9067.515780 692.032598
-7005.380413 -9069.400766 692.505887
-7005.852455 -9071.285752 692.979177
-7006.324498 -9073.170739 693.452466
-7006.796541 -9075.055725 693.925756
-7007.268583 -9076.940711 694.399045
-7007.740626 -9078.825697 694.872335
-7008.212669 -9080.710683 695.345624
-7008.684711 -9082.595669 695.818914
-7009.156754 -9084.480655 696.292204
-7009.628797 -9086.365642 696.765493
-7010.100839 -9088.250628 697.238783
-7010.572882 -9090.135614 697.712072
-7011.044925 -9092.020600 698.185362
-7011.516967 -9093.905586 698.658651
-7011.989010 -9095.790572 699.131941
-7012.461053 -9097.675558 699.605230
-7012.933095 -9099.560545 700.078520
-7013.405138 -9101.445531 700.551809
-7013.877181 -9103.330517 701.025099
-7014.349223 -9105.215503 701.498389
-7014.821266 -9107.100489 701.971678
-7015.293309 -9108.985475 702.444968
-7015.765351 -9110.870461 702.918257
-7016.237394 -9112.755447 703.391547
-7016.709437 -9114.640434 703.864836
-7017.181479 -9116.525420 704.338126
-7017.653522 -9118.410406 704.811415
-7018.125565 -9120.295392 705.284705
-7018.597607 -9122.180378 705.757994
-7019.069650 -9124.065364 706.231284
-7019.541693 -9125.950350 706.704574
-7020.013735 -9127.835337 707.177863
-7020.485778 -9129.720323 707.651153
-7020.957821 -9131.605309 708.124442
-7021.429863 -9133.490295 708.597732
-7021.901906 -9135.375281 709.071021
-7022.373949 -9137.260267 709.544311
-7022.845991 -9139.145253 710.017600
-7023.318034 -9141.030240 710.490890
-7023.790077 -9142.915226 710.964179
-7024.262119 -9144.800212 711.437469
-7024.734162 -9146.685198 711.910759
-7025.206205 -9148.570184 712.384048
-7025.678247 -9150.455170 712.857338
-7026.150290 -9152.340156 713.330627
-7026.622333 -9154.225142 713.803917
-7027.094375 -9156.110129 714.277206
-7027.566418 -9157.995115 714.750496
-7028.038461 -9159.880101 715.223785
-7028.510503 -9161.765087 715.697075
-7028.982546 -9163.650073 716.170364
-7029.454589 -9165.535059 716.643654
-7029.926631 -9167.420045 717.116944
-7030.398674 -9169.305032 717.590233
-7030.870717 -9171.190018 718.063523
-7031.342759 -9173.075004 718.536812
-7031.814802 -9174.959990 719.010102
-7032.286845 -9176.844976 719.483391
-7032.758887 -9178.729962 719.956681
-7033.230930 -9180.614948 720.429970
-7033.702973 -9182.499934 720.903260
-7034.175015 -9184.384921 721.376549
-7034.647058 -9186.269907 721.849839
-7035.119101 -9188.154893 722.323129
-7035.591143 -9190.039879 722.796418
-7036.063186 -9191.924865 723.269708
-7036.535229 -9193.809851 723.742997
-7037.007271 -9195.694837 724.216287
-7037.479314 -9197.579824 724.689576
-7037.951357 -9199.464810 725.162866
-7038.423399 -9201.349796 725.636155
-7038.895442 -9203.234782 726.109445
-7039.367484 -9205.119768 726.582734
-7039.839527 -9207.004754 727.056024
-7040.311570 -9208.889740 727.529314
-7040.783612 -9210.774727 728.002603
-7041.255655 -9212.659713 728.475893
-7041.727698 -9214.544699 728.949182
-7042.199740 -9216.429685 729.422472
-7042.671783 -9218.314671 729.895761
-7043.143826 -9220.199657 730.369051
-7043.615868 -9222.084643 730.842340
-7044.087911 -9223.969629 731.315630
-7044.559954 -9225.854616 731.788919
-7045.031996 -9227.739602 732.262209
-7045.504039 -9229.624588 732.735499
-7045.976082 -9231.509574 733.208788
-7046.448124 -9233.394560 733.682078
-7046.920167 -9235.279546 734.155367
-7047.392210 -9237.164532 734.628657
-7047.864252 -9239.049519 735.101946
-7048.336295 -9240.934505 735.575236
-7048.808338 -9242.819491 736.048525
-7049.280380 -9244.704477 736.521815
-7049.752423 -9246.589463 736.995104
-7050.224466 -9248.474449 737.468394
-7050.696508 -9250.359435 737.941684
-7051.168551 -9252.244422 738.414973
-7051.640594 -9254.129408 738.888263
-7052.112636 -9256.014394 739.361552
-7052.584679 -9257.899380 739.834842
-7053.056722 -9259.784366 740.308131
-7053.528764 -9261.669352 740.781421
-7054.000807 -9263.554338 741.254710
-7054.472850 -9265.439324 741.728000
-7054.944892 -9267.324311 742.201289
-7055.416935 -9269.209297 742.674579
-7055.888978 -9271.094283 743.147869
-7056.361020 -9272.979269 743.621158
-7056.833063 -9274.864255 744.094448
-7057.305106 -9276.749241 744.567737
-7057.777148 -9278.634227 745.041027
-7058.249191 -9280.519214 745.514316
-7058.721234 -9282.404200 745.987606
-7059.193276 -9284.289186 746.460895
-7059.665319 -9286.174172 746.934185
-7060.137362 -9288.059158 747.407474
-7060.609404 -9289.944144 747.880764
-7061.081447 -9291.829130 748.354054
-7061.553490 -9293.714116 748.827343
-7062.025532 -9295.599103 749.300633
-7062.497575 -9297.484089 749.773922
-7062.969618 -9299.369075 750.247212
-7063.441660 -9301.254061 750.720501
-7063.913703 -9303.139047 751.193791
-7064.385746 -9305.024033 751.667080
-7064.857788 -9306.909019 752.140370
-7065.329831 -9308.794006 752.613659
-7065.801874 -9310.678992 753.086949
-7066.273916 -9312.563978 753.560239
-7066.745959 -9314.448964 754.033528
-7067.218002 -9316.333950 754.506818
-7067.690044 -9318.218936 754.980107
-7068.162087 -9320.103922 755.453397
-7068.634130 -9321.988909 755.926686
-7069.106172 -9323.873895 756.399976
-7069.578215 -9325.758881 756.873265
-7070.050258 -9327.643867 757.346555
-7070.522300 -9329.528853 757.819844
-7070.994343 -9331.413839 758.293134
-7071.466386 -9333.298825 758.766424
-7071.938428 -9335.183811 759.239713
-7072.410471 -9337.068798 759.713003
-7072.882513 -9338.953784 760.186292
-7073.354556 -9340.838770 760.659582
-7073.826599 -9342.723756 761.132871
-7074.298641 -9344.608742 761.606161
-7074.770684 -9346.493728 762.079450
-7075.242727 -9348.378714 762.552740
-7075.714769 -9350.263701 763.026029
-7076.186812 -9352.148687 763.499319
-7076.658855 -9354.033673 763.972609
-7077.130897 -9355.918659 764.445898
-7077.602940 -9357.803645 764.919188
-7078.074983 -9359.688631 765.392477
-7078.547025 -9361.573617 765.865767
-7079.019068 -9363.458604 766.339056
-7079.491111 -9365.343590 766.812346
-7079.963153 -9367.228576 767.285635
-7080.435196 -9369.113562 767.758925
-7080.907239 -9370.998548 768.232214
-7081.379281 -9372.883534 768.705504
-7081.851324 -9374.768520 769.178794
-7082.323367 -9376.653506 769.652083
-7082.795409 -9378.538493 770.125373
-7083.267452 -9380.423479 770.598662
-7083.739495 -9382.308465 771.071952
-7084.211537 -9384.193451 771.545241
-7084.683580 -9386.078437 772.018531
-7085.155623 -9387.963423 772.491820
-7085.627665 -9389.848409 772.965110
-7086.099708 -9391.733396 773.438399
-7086.571751 -9393.618382 773.911689
-7087.043793 -9395.503368 774.384979
-7087.515836 -9397.388354 774.858268
-7087.987879 -9399.273340 775.331558
-7088.459921 -9401.158326 775.804847
-7088.931964 -9403.043312 776.278137
-7089.404007 -9404.928298 776.751426
-7089.876049 -9406.813285 777.224716
-7090.348092 -9408.698271 777.698005
-7090.820135 -9410.583257 778.171295
-7091.292177 -9412.468243 778.644584
-7091.764220 -9414.353229 779.117874
-7092.236263 -9416.238215 779.591164
-7092.708305 -9418.123201 780.064453
-7093.180348 -9420.008188 780.537743
-7093.652391 -9421.893174 781.011032
-7094.124433 -9423.778160 781.484322
-7094.596476 -9425.663146 781.957611
-7095.068519 -9427.548132 782.430901
-7095.540561 -9429.433118 782.904190
-7096.012604 -9431.318104 783.377480
-7096.484647 -9433.203091 783.850769
-7096.956689 -9435.088077 784.324059
-7097.428732 -9436.973063 784.797349
-7097.900775 -9438.858049 785.270638
-7098.372817 -9440.743035 785.743928
-7098.844860 -9442.628021 786.217217
-7099.316903 -9444.513007 786.690507
-7099.788945 -9446.397993 787.163796
-7100.260988 -9448.282980 787.637086
-7100.733031 -9450.167966 788.110375
-7101.205073 -9452.052952 788.583665
-7101.677116 -9453.937938 789.056954
-7102.149159 -9455.822924 789.530244
-7102.621201 -9457.707910 790.003534
-7103.093244 -9459.592896 790.476823
-7103.565287 -9461.477883 790.950113
-7104.037329 -9463.362869 791.423402
-7104.509372 -9465.247855 791.896692
-7104.981414 -9467.132841 792.369981
-7105.453457 -9469.017827 792.843271
-7105.925500 -9470.902813 793.316560
-7106.397542 -9472.787799 793.789850
-7106.869585 -9474.672786 794.263139
-7107.341628 -9476.557772 794.736429
-7107.813670 -9478.442758 795.209719
-7108.285713 -9480.327744 795.683008
-7108.757756 -9482.212730 796.156298
-7109.229798 -9484.097716 796.629587
-7109.701841 -9485.982702 797.102877
-7110.173884 -9487.867688 797.576166
-7110.645926 -9489.752675 798.049456
-7111.117969 -9491.637661 798.522745
-7111.590012 -9493.522647 798.996035
-7112.062054 -9495.407633 799.469324
-7112.534097 -9497.292619 799.942614
-7113.006140 -9499.177605 800.415904
-7113.478182 -9501.062591 800.889193
-7113.950225 -9502.947578 801.362483
-7114.422268 -9504.832564 801.835772
-7114.894310 -9506.717550 802.309062
-7115.366353 -9508.602536 802.782351
-7115.838396 -9510.487522 803.255641
-7116.310438 -9512.372508 803.728930
-7116.782481 -9514.257494 804.202220
-7117.254524 -9516.142480 804.675509
-7117.726566 -9518.027467 805.148799
-7118.198609 -9519.912453 805.622089
-7118.670652 -9521.797439 806.095378
-7119.142694 -9523.682425 806.568668
-7119.614737 -9525.567411 807.041957
-7120.086780 -9527.452397 807.515247
-7120.558822 -9529.337383 807.988536
-7121.030865 -9531.222370 808.461826
-7121.502908 -9533.107356 808.935115
-7121.974950 -9534.992342 809.408405
-7122.446993 -9536.877328 809.881694
-7122.919036 -9538.762314 810.354984
-7123.391078 -9540.647300 810.828274
-7123.863121 -9542.532286 811.301563
-7124.335164 -9544.417273 811.774853
-7124.807206 -9546.302259 812.248142
-7125.279249 -9548.187245 812.721432
-7125.751292 -9550.072231 813.194721
-7126.223334 -9551.957217 813.668011
-7126.695377 -9553.842203 814.141300
-7127.167420 -9555.727189 814.614590
-7127.639462 -9557.612175 815.087879
-7128.111505 -9559.497162 815.561169
-7128.583548 -9561.382148 816.034459
-7129.055590 -9563.267134 816.507748
-7129.527633 -9565.152120 816.981038
-7129.999676 -9567.037106 817.454327
-7130.471718 -9568.922092 817.927617
-7130.943761 -9570.807078 818.400906
-7131.415804 -9572.692065 818.874196
-7131.887846 -9574.577051 819.347485
-7132.359889 -9576.462037 819.820775
-7132.831932 -9578.347023 820.294064
-7133.303974 -9580.232009 820.767354
-7133.776017 -9582.116995 821.240644
-7134.248060 -9584.001981 821.713933
-7134.720102 -9585.886968 822.187223
-7135.192145 -9587.771954 822.660512
-7135.664188 -9589.656940 823.133802
-7136.136230 -9591.541926 823.607091
-7136.608273 -9593.426912 824.080381
-7137.080316 -9595.311898 824.553670
-7137.552358 -9597.196884 825.026960
-7138.024401 -9599.081870 825.500249
-7138.496443 -9600.966857 825.973539
-7138.968486 -9602.851843 826.446829
-7139.440529 -9604.736829 826.920118
-7139.912571 -9606.621815 827.393408
-7140.384614 -9608.506801 827.866697
-7140.856657 -9610.391787 828.339987
-7141.328699 -9612.276773 828.813276
-7141.800742 -9614.161760 829.286566
-7142.272785 -9616.046746 829.759855
-7142.744827 -9617.931732 830.233145
-7143.216870 -9619.816718 830.706434
-7143.688913 -9621.701704 831.179724
-7144.160955 -9623.586690 831.653014
-7144.632998 -9625.471676 832.126303
-7145.105041 -9627.356663 832.599593
-7145.577083 -9629.241649 833.072882
-7146.049126 -9631.126635 833.546172
-7146.521169 -9633.011621 834.019461
-7146.993211 -9634.896607 834.492751
-7147.465254 -9636.781593 834.966040
-7147.937297 -9638.666579 835.439330
-7148.409339 -9640.551565 835.912619
-7148.881382 -9642.436552 836.385909
-7149.353425 -9644.321538 836.859199
-7149.825467 -9646.206524 837.332488
-7150.297510 -9648.091510 837.805778
-7150.769553 -9649.976496 838.279067
-7151.241595 -9651.861482 838.752357
-7151.713638 -9653.746468 839.225646
-7152.185681 -9655.631455 839.698936
-7152.657723 -9657.516441 840.172225
-7153.129766 -9659.401427 840.645515
-7153.601809 -9661.286413 841.118804
-7154.073851 -9663.171399 841.592094
-7154.545894 -9665.056385 842.065384
-7155.017937 -9666.941371 842.538673
-7155.489979 -9668.826357 843.011963
-7155.962022 -9670.711344 843.485252
-7156.434065 -9672.596330 843.958542
-7156.906107 -9674.481316 844.431831
-7157.378150 -9676.366302 844.905121
-7157.850193 -9678.251288 845.378410
-7158.322235 -9680.136274 845.851700
-7158.794278 -9682.021260 846.324989
-7159.266321 -9683.906247 846.798279
-7159.738363 -9685.791233 847.271569
-7160.210406 -9687.676219 847.744858
-7160.682449 -9689.561205 848.218148
-7161.154491 -9691.446191 848.691437
-7161.626534 -9693.331177 849.164727
-7162.098577 -9695.216163 849.638016
-7162.570619 -9697.101150 850.111306
-7163.042662 -9698.986136 850.584595
-7163.514705 -9700.871122 851.057885
-7163.986747 -9702.756108 851.531174
-7164.458790 -9704.641094 852.004464
-7164.930833 -9706.526080 852.477754
-7165.402875 -9708.411066 852.951043
-7165.874918 -9710.296052 853.424333
-7166.346961 -9712.181039 853.897622
-7166.819003 -9714.066025 854.370912
-7167.291046 -9715.951011 854.844201
-7167.763089 -9717.835997 855.317491
-7168.235131 -9719.720983 855.790780
-7168.707174 -9721.605969 856.264070
-7169.179217 -9723.490955 856.737359
-7169.651259 -9725.375942 857.210649
-7170.123302 -9727.260928 857.683939
-7170.595345 -9729.145914 858.157228
-7171.067387 -9731.030900 858.630518
-7171.539430 -9732.915886 859.103807
-7172.011472 -9734.800872 859.577097
-7172.483515 -9736.685858 860.050386
-7172.955558 -9738.570845 860.523676
-7173.427600 -9740.455831 860.996965
-7173.899643 -9742.340817 861.470255
-7174.371686 -9744.225803 861.943544
-7174.843728 -9746.110789 862.416834
-7175.315771 -9747.995775 862.890124
-7175.787814 -9749.880761 863.363413
-7176.259856 -9751.765747 863.836703
-7176.731899 -9753.650734 864.309992
-7177.203942 -9755.535720 864.783282
-7177.675984 -9757.420706 865.256571
-7178.148027 -9759.305692 865.729861
-7178.620070 -9761.190678 866.203150
-7179.092112 -9763.075664 866.676440
-7179.564155 -9764.960650 867.149729
-7180.036198 -9766.845637 867.623019
-7180.508240 -9768.730623 868.096309
-7180.980283 -9770.615609 868.569598
-7181.452326 -9772.500595 869.042888
-7181.924368 -9774.385581 869.516177
-7182.396411 -9776.270567 869.989467
-7182.868454 -9778.155553 870.462756
-7183.340496 -9780.040539 870.936046
-7183.812539 -9781.925526 871.409335
-7184.284582 -9783.810512 871.882625
-7184.756624 -9785.695498 872.355914
-7185.228667 -9787.580484 872.829204
-7185.700710 -9789.465470 873.302494
-7186.172752 -9791.350456 873.775783
-7186.644795 -9793.235442 874.249073
-7187.116838 -9795.120429 874.722362
-7187.588880 -9797.005415 875.195652
-7188.060923 -9798.890401 875.668941
-7188.532966 -9800.775387 876.142231
-7189.005008 -9802.660373 876.615520
-7189.477051 -9804.545359 877.088810
-7189.949094 -9806.430345 877.562099
-7190.421136 -9808.315332 878.035389
-7190.893179 -9810.200318 878.508679
-7191.365222 -9812.085304 878.981968
-7191.837264 -9813.970290 879.455258
-7192.309307 -9815.855276 879.928547
-7192.781350 -9817.740262 880.401837
-7193.253392 -9819.625248 880.875126
-7193.725435 -9821.510234 881.348416
-7194.197478 -9823.395221 881.821705
-7194.669520 -9825.280207 882.294995
-7195.141563 -9827.165193 882.768284
-7195.613606 -9829.050179 883.241574
-7196.085648 -9830.935165 883.714864
-7196.557691 -9832.820151 884.188153
-7197.029734 -9834.705137 884.661443
-7197.501776 -9836.590124 885.134732
-7197.973819 -9838.475110 885.608022
-7198.445862 -9840.360096 886.081311
-7198.917904 -9842.245082 886.554601
-7199.389947 -9844.130068 887.027890
-7199.861990 -9846.015054 887.501180
-7200.334032 -9847.900040 887.974469
-7200.806075 -9849.785027 888.447759
-7201.278118 -9851.670013 888.921049
-7201.750160 -9853.554999 889.394338
-7202.222203 -9855.439985 889.867628
-7202.694246 -9857.324971 890.340917
-7203.166288 -9859.209957 890.814207
-7203.638331 -9861.094943 891.287496
-7204.110373 -9862.979929 891.760786
-7204.582416 -9864.864916 892.234075
-7205.054459 -9866.749902 892.707365
-7205.526501 -9868.634888 893.180654
-7205.998544 -9870.519874 893.653944
-7206.470587 -9872.404860 894.127234
-7206.942629 -9874.289846 894.600523
-7207.414672 -9876.174832 895.073813
-7207.886715 -9878.059819 895.547102
-7208.358757 -9879.944805 896.020392
-7208.830800 -9881.829791 896.493681
-7209.302843 -9883.714777 896.966971
-7209.774885 -9885.599763 897.440260
-7210.246928 -9887.484749 897.913550
-7210.718971 -9889.369735 898.386839
-7211.191013 -9891.254721 898.860129
-7211.663056 -9893.139708 899.333419
-7212.135099 -9895.024694 899.806708
-7212.607141 -9896.909680 900.279998
-7213.079184 -9898.794666 900.753287
-7213.551227 -9900.679652 901.226577
-7214.023269 -9902.564638 901.699866
-7214.495312 -9904.449624 902.173156
-7214.967355 -9906.334611 902.646445
-7215.439397 -9908.219597 903.119735
-7215.911440 -9910.104583 903.593024
-7216.383483 -9911.989569 904.066314
-7216.855525 -9913.874555 904.539604
-7217.327568 -9915.759541 905.012893
-7217.799611 -9917.644527 905.486183
-7218.271653 -9919.529514 905.959472
-7218.743696 -9921.414500 906.432762
-7219.215739 -9923.299486 906.906051
-7219.687781 -9925.184472 907.379341
-7220.159824 -9927.069458 907.852630
-7220.631867 -9928.954444 908.325920
-7221.103909 -9930.839430 908.799209
-7221.575952 -9932.724416 909.272499
-7222.047995 -9934.609403 909.745788
-7222.520037 -9936.494389 910.219078
-7222.992080 -9938.379375 910.692368
-7223.464123 -9940.264361 911.165657
-7223.936165 -9942.149347 911.638947
-7224.408208 -9944.034333 912.112236
-7224.880251 -9945.919319 912.585526
-7225.352293 -9947.804306 913.058815
-7225.824336 -9949.689292 913.532105
-7226.296379 -9951.574278 914.005394
-7226.768421 -9953.459264 914.478684
-7227.240464 -9955.344250 914.951973
-7227.712507 -9957.229236 915.425263
-7228.184549 -9959.114222 915.898553
-7228.656592 -9960.999209 916.371842
-7229.128635 -9962.884195 916.845132
-7229.600677 -9964.769181 917.318421
-7230.072720 -9966.654167 917.791711
-7230.544763 -9968.539153 918.265000
-7231.016805 -9970.424139 918.738290
-7231.488848 -9972.309125 919.211579
-7231.960891 -9974.194111 919.684869
-7232.432933 -9976.079098 920.158158
-7232.904976 -9977.964084 920.631448
-7233.377019 -9979.849070 921.104738
-7233.849061 -9981.734056 921.578027
-7234.321104 -9983.619042 922.051317
-7234.793147 -9985.504028 922.524606
-7235.265189 -9987.389014 922.997896
-7235.737232 -9989.274001 923.471185
-7236.209275 -9991.158987 923.944475
-7236.681317 -9993.043973 924.417764
-7237.153360 -9994.928959 924.891054
-7237.625402 -9996.813945 925.364343
-7238.097445 -9998.698931 925.837633
-7238.569488 -10000.583917 926.310923
-7239.041530 -10002.468903 926.784212
-7239.513573 -10004.353890 927.257502
-7239.985616 -10006.238876 927.730791
-7240.457658 -10008.123862 928.204081
-7240.929701 -10010.008848 928.677370
-7241.401744 -10011.893834 929.150660
-7241.873786 -10013.778820 929.623949
-7242.345829 -10015.663806 930.097239
-7242.817872 -10017.548793 930.570528
-7243.289914 -10019.433779 931.043818
-7243.761957 -10021.318765 931.517108
-7244.234000 -10023.203751 931.990397
-7244.706042 -10025.088737 932.463687
-7245.178085 -10026.973723 932.936976
-7245.650128 -10028.858709 933.410266
-7246.122170 -10030.743696 933.883555
-7246.594213 -10032.628682 934.356845
-7247.066256 -10034.513668 934.830134
-7247.538298 -10036.398654 935.303424
-7248.010341 -10038.283640 935.776713
-7248.482384 -10040.168626 936.250003
-7248.954426 -10042.053612 936.723293
-7249.426469 -10043.938598 937.196582
-7249.898512 -10045.823585 937.669872
-7250.370554 -10047.708571 938.143161
-7250.842597 -10049.593557 938.616451
-7251.314640 -10051.478543 939.089740
-7251.786682 -10053.363529 939.563030
-7252.258725 -10055.248515 940.036319
-7252.730768 -10057.133501 940.509609
-7253.202810 -10059.018488 940.982898
-7253.674853 -10060.903474 941.456188
-7254.146896 -10062.788460 941.929478
-7254.618938 -10064.673446 942.402767
-7255.090981 -10066.558432 942.876057
-7255.563024 -10068.443418 943.349346
-7256.035066 -10070.328404 943.822636
-7256.507109 -10072.213391 944.295925
-7256.979152 -10074.098377 944.769215
-7257.451194 -10075.983363 945.242504
-7257.923237 -10077.868349 945.715794
-7258.395280 -10079.753335 946.189083
-7258.867322 -10081.638321 946.662373
-7259.339365 -10083.523307 947.135663
-7259.811408 -10085.408293 947.608952
-7260.283450 -10087.293280 948.082242
-7260.755493 -10089.178266 948.555531
-7261.227536 -10091.063252 949.028821
-7261.699578 -10092.948238 949.502110
-7262.171621 -10094.833224 949.975400
-7262.643664 -10096.718210 950.448689
-7263.115706 -10098.603196 950.921979
-7263.587749 -10100.488183 951.395268
-7264.059792 -10102.373169 951.868558
-7264.531834 -10104.258155 952.341848
-7265.003877 -10106.143141 952.815137
-7265.475920 -10108.028127 953.288427
-7265.947962 -10109.913113 953.761716
-7266.420005 -10111.798099 954.235006
-7266.892048 -10113.683085 954.708295
-7267.364090 -10115.568072 955.181585
-7267.836133 -10117.453058 955.654874
-7268.308176 -10119.338044 956.128164
-7268.780218 -10121.223030 956.601453
-7269.252261 -10123.108016 957.074743
-7269.724304 -10124.993002 957.548033
-7270.196346 -10126.877988 958.021322
-7270.668389 -10128.762975 958.494612
-7271.140431 -10130.647961 958.967901
-7271.612474 -10132.532947 959.441191
-7272.084517 -10134.417933 959.914480
-7272.556559 -10136.302919 960.387770
-7273.028602 -10138.187905 960.861059
-7273.500645 -10140.072891 961.334349
-7273.972687 -10141.957878 961.807638
-7274.444730 -10143.842864 962.280928
-7274.916773 -10145.727850 962.754218
-7275.388815 -10147.612836 963.227507
-7275.860858 -10149.497822 963.700797
-7276.332901 -10151.382808 964.174086
-7276.804943 -10153.267794 964.647376
-7277.276986 -10155.152780 965.120665
-7277.749029 -10157.037767 965.593955
-7278.221071 -10158.922753 966.067244
-7278.693114 -10160.807739 966.540534
-7279.165157 -10162.692725 967.013823
-7279.637199 -10164.577711 967.487113
-7280.109242 -10166.462697 967.960403
-7280.581285 -10168.347683 968.433692
-7281.053327 -10170.232670 968.906982
-7281.525370 -10172.117656 969.380271
-7281.997413 -10174.002642 969.853561
-7282.469455 -10175.887628 970.326850
-7282.941498 -10177.772614 970.800140
-7283.413541 -10179.657600 971.273429
-7283.885583 -10181.542586 971.746719
-7284.357626 -10183.427573 972.220008
-7284.829669 -10185.312559 972.693298
-7285.301711 -10187.197545 973.166588
-7285.773754 -10189.082531 973.639877
-7286.245797 -10190.967517 974.113167
-7286.717839 -10192.852503 974.586456
-7287.189882 -10194.737489 975.059746
-7287.661925 -10196.622475 975.533035
-7288.133967 -10198.507462 976.006325
-7288.606010 -10200.392448 976.479614
-7289.078053 -10202.277434 976.952904
-7289.550095 -10204.162420 977.426193
-7290.022138 -10206.047406 977.899483
-7290.494181 -10207.932392 978.372773
-7290.966223 -10209.817378 978.846062
-7291.438266 -10211.702365 979.319352
-7291.910309 -10213.587351 979.792641
-7292.382351 -10215.472337 980.265931
-7292.854394 -10217.357323 980.739220
-7293.326437 -10219.242309 981.212510
-7293.798479 -10221.127295 981.685799
-7294.270522 -10223.012281 982.159089
-7294.742565 -10224.897268 982.632378
-7295.214607 -10226.782254 983.105668
-7295.686650 -10228.667240 983.578958
-7296.158693 -10230.552226 984.052247
-7296.630735 -10232.437212 984.525537
-7297.102778 -10234.322198 984.998826
-7297.574821 -10236.207184 985.472116
-7298.046863 -10238.092170 985.945405
-7298.518906 -10239.977157 986.418695
-7298.990949 -10241.862143 986.891984
-7299.462991 -10243.747129 987.365274
-7299.935034 -10245.632115 987.838563
-7300.407077 -10247.517101 988.311853
-7300.879119 -10249.402087 988.785143
-7301.351162 -10251.287073 989.258432
-7301.823205 -10253.172060 989.731722
-7302.295247 -10255.057046 990.205011
-7302.767290 -10256.942032 990.678301
-7303.239332 -10258.827018 991.151590
-7303.711375 -10260.712004 991.624880
-7304.183418 -10262.596990 992.098169
-7304.655460 -10264.481976 992.571459
-7305.127503 -10266.366962 993.044748
-7305.599546 -10268.251949 993.518038
-7306.071588 -10270.136935 993.991328
-7306.543631 -10272.021921 994.464617
-7307.015674 -10273.906907 994.937907
-7307.487716 -10275.791893 995.411196
-7307.959759 -10277.676879 995.884486
-7308.431802 -10279.561865 996.357775
-7308.903844 -10281.446852 996.831065
-7309.375887 -10283.331838 997.304354
-7309.847930 -10285.216824 997.777644
-7310.319972 -10287.101810 998.250933
-7310.792015 -10288.986796 998.724223
-7311.264058 -10290.871782 999.197513
-7311.736100 -10292.756768 999.670802
-7312.208143 -10294.641755 1000.144092
-7312.680186 -10296.526741 1000.617381
-7313.152228 -10298.411727 1001.090671
-7313.624271 -10300.296713 1001.563960
-7314.096314 -10302.181699 1002.037250
-7314.568356 -10304.066685 1002.510539
-7315.040399 -10305.951671 1002.983829
-7315.512442 -10307.836657 1003.457118
-7315.984484 -10309.721644 1003.930408
-7316.456527 -10311.606630 1004.403698
-7316.928570 -10313.491616 1004.876987
-7317.400612 -10315.376602 1005.350277
-7317.872655 -10317.261588 1005.823566
-7318.344698 -10319.146574 1006.296856
-7318.816740 -10321.031560 1006.770145
-7319.288783 -10322.916547 1007.243435
-7319.760826 -10324.801533 1007.716724
-7320.232868 -10326.686519 1008.190014
-7320.704911 -10328.571505 1008.663303
-7321.176954 -10330.456491 1009.136593
-7321.648996 -10332.341477 1009.609883
-7322.121039 -10334.226463 1010.083172
-7322.593082 -10336.111450 1010.556462
-7323.065124 -10337.996436 1011.029751
-7323.537167 -10339.881422 1011.503041
-7324.009210 -10341.766408 1011.976330
-7324.481252 -10343.651394 1012.449620
-7324.953295 -10345.536380 1012.922909
-7325.425338 -10347.421366 1013.396199
-7325.897380 -10349.306352 1013.869488
-7326.369423 -10351.191339 1014.342778
-7326.841466 -10353.076325 1014.816068
-7327.313508 -10354.961311 1015.289357
-7327.785551 -10356.846297 1015.762647
-7328.257594 -10358.731283 1016.235936
-7328.729636 -10360.616269 1016.709226
-7329.201679 -10362.501255 1017.182515
-7329.673722 -10364.386242 1017.655805
-7330.145764 -10366.271228 1018.129094
-7330.617807 -10368.156214 1018.602384
-7331.089850 -10370.041200 1019.075673
-7331.561892 -10371.926186 1019.548963
-7332.033935 -10373.811172 1020.022253
-7332.505978 -10375.696158 1020.495542
-7332.978020 -10377.581144 1020.968832
-7333.450063 -10379.466131 1021.442121
-7333.922106 -10381.351117 1021.915411
-7334.394148 -10383.236103 1022.388700
-7334.866191 -10385.121089 1022.861990
-7335.338234 -10387.006075 1023.335279
-7335.810276 -10388.891061 1023.808569
-7336.282319 -10390.776047 1024.281858
-7336.754361 -10392.661034 1024.755148
-7337.226404 -10394.546020 1025.228438
-7337.698447 -10396.431006 1025.701727
-7338.170489 -10398.315992 1026.175017
-7338.642532 -10400.200978 1026.648306
-7339.114575 -10402.085964 1027.121596
-7339.586617 -10403.970950 1027.594885
-7340.058660 -10405.855937 1028.068175
-7340.530703 -10407.740923 1028.541464
-7341.002745 -10409.625909 1029.014754
-7341.474788 -10411.510895 1029.488043
-7341.946831 -10413.395881 1029.961333
-7342.418873 -10415.280867 1030.434623
-7342.890916 -10417.165853 1030.907912
-7343.362959 -10419.050839 1031.381202
-7343.835001 -10420.935826 1031.854491
-7344.307044 -10422.820812 1032.327781
-7344.779087 -10424.705798 1032.801070
-7345.251129 -10426.590784 1033.274360
-7345.723172 -10428.475770 1033.747649
-7346.195215 -10430.360756 1034.220939
-7346.667257 -10432.245742 1034.694228
-7347.139300 -10434.130729 1035.167518
-7347.611343 -10436.015715 1035.640808
-7348.083385 -10437.900701 1036.114097
-7348.555428 -10439.785687 1036.587387
-7349.027471 -10441.670673 1037.060676
-7349.499513 -10443.555659 1037.533966
-7349.971556 -10445.440645 1038.007255
-7350.443599 -10447.325632 1038.480545
-7350.915641 -10449.210618 1038.953834
-7351.387684 -10451.095604 1039.427124
-7351.859727 -10452.980590 1039.900413
-7352.331769 -10454.865576 1040.373703
-7352.803812 -10456.750562 1040.846993
-7353.275855 -10458.635548 1041.320282
-7353.747897 -10460.520534 1041.793572
-7354.219940 -10462.405521 1042.266861
-7354.691983 -10464.290507 1042.740151
-7355.164025 -10466.175493 1043.213440
-7355.636068 -10468.060479 1043.686730
-7356.108111 -10469.945465 1044.160019
-7356.580153 -10471.830451 1044.633309
-7357.052196 -10473.715437 1045.106598
-7357.524239 -10475.600424 1045.579888
-7357.996281 -10477.485410 1046.053178
-7358.468324 -10479.370396 1046.526467
-7358.940367 -10481.255382 1046.999757
-7359.412409 -10483.140368 1047.473046
-7359.884452 -10485.025354 1047.946336
-7360.356495 -10486.910340 1048.419625
-7360.828537 -10488.795326 1048.892915
-7361.300580 -10490.680313 1049.366204
-7361.772623 -10492.565299 1049.839494
-7362.244665 -10494.450285 1050.312783
-7362.716708 -10496.335271 1050.786073
-7363.188751 -10498.220257 1051.259363
-7363.660793 -10500.105243 1051.732652
-7364.132836 -10501.990229 1052.205942
-7364.604879 -10503.875216 1052.679231
-7365.076921 -10505.760202 1053.152521
-7365.548964 -10507.645188 1053.625810
-7366.021007 -10509.530174 1054.099100
-7366.493049 -10511.415160 1054.572389
-7366.965092 -10513.300146 1055.045679
-7367.437135 -10515.185132 1055.518968
-7367.909177 -10517.070119 1055.992258
-7368.381220 -10518.955105 1056.465548
-7368.853263 -10520.840091 1056.938837
-7369.325305 -10522.725077 1057.412127
-7369.797348 -10524.610063 1057.885416
-7370.269390 -10526.495049 1058.358706
-7370.741433 -10528.380035 1058.831995
-7371.213476 -10530.265021 1059.305285
-7371.685518 -10532.150008 1059.778574
-7372.157561 -10534.034994 1060.251864
-7372.629604 -10535.919980 1060.725153
-7373.101646 -10537.804966 1061.198443
-7373.573689 -10539.689952 1061.671733
-7374.045732 -10541.574938 1062.145022
-7374.517774 -10543.459924 1062.618312
-7374.989817 -10545.344911 1063.091601
-7375.461860 -10547.229897 1063.564891
-7375.933902 -10549.114883 1064.038180
-7376.405945 -10550.999869 1064.511470
-7376.877988 -10552.884855 1064.984759
-7377.350030 -10554.769841 1065.458049
-7377.822073 -10556.654827 1065.931338
-7378.294116 -10558.539814 1066.404628
-7378.766158 -10560.424800 1066.877918
-7379.238201 -10562.309786 1067.351207
-7379.710244 -10564.194772 1067.824497
-7380.182286 -10566.079758 1068.297786
-7380.654329 -10567.964744 1068.771076
-7381.126372 -10569.849730 1069.244365
-7381.598414 -10571.734716 1069.717655
-7382.070457 -10573.619703 1070.190944
-7382.542500 -10575.504689 1070.664234
-7383.014542 -10577.389675 1071.137523
-7383.486585 -10579.274661 1071.610813
-7383.958628 -10581.159647 1072.084103
-7384.430670 -10583.044633 1072.557392
-7384.902713 -10584.929619 1073.030682
-7385.374756 -10586.814606 1073.503971
-7385.846798 -10588.699592 1073.977261
-7386.318841 -10590.584578 1074.450550
-7386.790884 -10592.469564 1074.923840
-7387.262926 -10594.354550 1075.397129
-7387.734969 -10596.239536 1075.870419
-7388.207012 -10598.124522 1076.343708
-7388.679054 -10600.009508 1076.816998
-7389.151097 -10601.894495 1077.290288
-7389.623140 -10603.779481 1077.763577
-7390.095182 -10605.664467 1078.236867
-7390.567225 -10607.549453 1078.710156
-7391.039268 -10609.434439 1079.183446
-7391.511310 -10611.319425 1079.656735
-7391.983353 -10613.204411 1080.130025
-7392.455396 -10615.089398 1080.603314
-7392.927438 -10616.974384 1081.076604
-7393.399481 -10618.859370 1081.549893
-7393.871524 -10620.744356 1082.023183
-7394.343566 -10622.629342 1082.496473
-7394.815609 -10624.514328 1082.969762
-7395.287652 -10626.399314 1083.443052
-7395.759694 -10628.284301 1083.916341
-7396.231737 -10630.169287 1084.389631
-7396.703780 -10632.054273 1084.862920
-7397.175822 -10633.939259 1085.336210
-7397.647865 -10635.824245 1085.809499
-7398.119908 -10637.709231 1086.282789
-7398.591950 -10639.594217 1086.756078
-7399.063993 -10641.479203 1087.229368
-7399.536036 -10643.364190 1087.702658
-7400.008078 -10645.249176 1088.175947
-7400.480121 -10647.134162 1088.649237
-7400.952164 -10649.019148 1089.122526
-7401.424206 -10650.904134 1089.595816
-7401.896249 -10652.789120 1090.069105
-7402.368292 -10654.674106 1090.542395
-7402.840334 -10656.559093 1091.015684
-7403.312377 -10658.444079 1091.488974
-7403.784419 -10660.329065 1091.962263
-7404.256462 -10662.214051 1092.435553
-7404.728505 -10664.099037 1092.908843
-7405.200547 -10665.984023 1093.382132
-7405.672590 -10667.869009 1093.855422
-7406.144633 -10669.753996 1094.328711
-7406.616675 -10671.638982 1094.802001
-7407.088718 -10673.523968 1095.275290
-7407.560761 -10675.408954 1095.748580
-7408.032803 -10677.293940 1096.221869
-7408.504846 -10679.178926 1096.695159
-7408.976889 -10681.063912 1097.168448
-7409.448931 -10682.948898 1097.641738
-7409.920974 -10684.833885 1098.115028
-7410.393017 -10686.718871 1098.588317
-7410.865059 -10688.603857 1099.061607
-7411.337102 -10690.488843 1099.534896
-7411.809145 -10692.373829 1100.008186
-7412.281187 -10694.258815 1100.481475
-7412.753230 -10696.143801 1100.954765
-7413.225273 -10698.028788 1101.428054
-7413.697315 -10699.913774 1101.901344
-7414.169358 -10701.798760 1102.374633
-7414.641401 -10703.683746 1102.847923
-7415.113443 -10705.568732 1103.321213
-7415.585486 -10707.453718 1103.794502
-7416.057529 -10709.338704 1104.267792
-7416.529571 -10711.223691 1104.741081
-7417.001614 -10713.108677 1105.214371
-7417.473657 -10714.993663 1105.687660
-7417.945699 -10716.878649 1106.160950
-7418.417742 -10718.763635 1106.634239
-7418.889785 -10720.648621 1107.107529
-7419.361827 -10722.533607 1107.580818
-7419.833870 -10724.418593 1108.054108
-7420.305913 -10726.303580 1108.527398
-7420.777955 -10728.188566 1109.000687
-7421.249998 -10730.073552 1109.473977
-7421.722041 -10731.958538 1109.947266
-7422.194083 -10733.843524 1110.420556
-7422.666126 -10735.728510 1110.893845
-7423.138169 -10737.613496 1111.367135
-7423.610211 -10739.498483 1111.840424
-7424.082254 -10741.383469 1112.313714
-7424.554297 -10743.268455 1112.787003
-7425.026339 -10745.153441 1113.260293
-7425.498382 -10747.038427 1113.733583
-7425.970425 -10748.923413 1114.206872
-7426.442467 -10750.808399 1114.680162
-7426.914510 -10752.693385 1115.153451
-7427.386553 -10754.578372 1115.626741
-7427.858595 -10756.463358 1116.100030
-7428.330638 -10758.348344 1116.573320
-7428.802681 -10760.233330 1117.046609
-7429.274723 -10762.118316 1117.519899
-7429.746766 -10764.003302 1117.993188
-7430.218809 -10765.888288 1118.466478
-7430.690851 -10767.773275 1118.939768
-7431.162894 -10769.658261 1119.413057
-7431.634937 -10771.543247 1119.886347
-7432.106979 -10773.428233 1120.359636
-7432.579022 -10775.313219 1120.832926
-7433.051065 -10777.198205 1121.306215
-7433.523107 -10779.083191 1121.779505
-7433.995150 -10780.968178 1122.252794
-7434.467193 -10782.853164 1122.726084
-7434.939235 -10784.738150 1123.199373
-7435.411278 -10786.623136 1123.672663
-7435.883320 -10788.508122 1124.145953
-7436.355363 -10790.393108 1124.619242
-7436.827406 -10792.278094 1125.092532
-7437.299448 -10794.163080 1125.565821
-7437.771491 -10796.048067 1126.039111
-7438.243534 -10797.933053 1126.512400
-7438.715576 -10799.818039 1126.985690
-7439.187619 -10801.703025 1127.458979
-7439.659662 -10803.588011 1127.932269
-7440.131704 -10805.472997 1128.405558
-7440.603747 -10807.357983 1128.878848
-7441.075790 -10809.242970 1129.352138
-7441.547832 -10811.127956 1129.825427
-7442.019875 -10813.012942 1130.298717
-7442.491918 -10814.897928 1130.772006
-7442.963960 -10816.782914 1131.245296
-7443.436003 -10818.667900 1131.718585
-7443.908046 -10820.552886 1132.191875
-7444.380088 -10822.437873 1132.665164
-7444.852131 -10824.322859 1133.138454
-7445.324174 -10826.207845 1133.611743
-7445.796216 -10828.092831 1134.085033
-7446.268259 -10829.977817 1134.558323
-7446.740302 -10831.862803 1135.031612
-7447.212344 -10833.747789 1135.504902
-7447.684387 -10835.632775 1135.978191
-7448.156430 -10837.517762 1136.451481
-7448.628472 -10839.402748 1136.924770
-7449.100515 -10841.287734 1137.398060
-7449.572558 -10843.172720 1137.871349
-7450.044600 -10845.057706 1138.344639
-7450.516643 -10846.942692 1138.817928
-7450.988686 -10848.827678 1139.291218
-7451.460728 -10850.712665 1139.764508
-7451.932771 -10852.597651 1140.237797
-7452.404814 -10854.482637 1140.711087
-7452.876856 -10856.367623 1141.184376
-7453.348899 -10858.252609 1141.657666
-7453.820942 -10860.137595 1142.130955
-7454.292984 -10862.022581 1142.604245
-7454.765027 -10863.907567 1143.077534
-7455.237070 -10865.792554 1143.550824
-7455.709112 -10867.677540 1144.024113
-7456.181155 -10869.562526 1144.497403
-7456.653198 -10871.447512 1144.970693
-7457.125240 -10873.332498 1145.443982
-7457.597283 -10875.217484 1145.917272
-7458.069326 -10877.102470 1146.390561
-7458.541368 -10878.987457 1146.863851
-7459.013411 -10880.872443 1147.337140
-7459.485454 -10882.757429 1147.810430
-7459.957496 -10884.642415 1148.283719
-7460.429539 -10886.527401 1148.757009
-7460.901582 -10888.412387 1149.230298
-7461.373624 -10890.297373 1149.703588
-7461.845667 -10892.182360 1150.176878
-7462.317710 -10894.067346 1150.650167
-7462.789752 -10895.952332 1151.123457
-7463.261795 -10897.837318 1151.596746
-7463.733838 -10899.722304 1152.070036
-7464.205880 -10901.607290 1152.543325
-7464.677923 -10903.492276 1153.016615
-7465.149966 -10905.377262 1153.489904
-7465.622008 -10907.262249 1153.963194
-7466.094051 -10909.147235 1154.436483
-7466.566094 -10911.032221 1154.909773
-7467.038136 -10912.917207 1155.383063
-7467.510179 -10914.802193 1155.856352
-7467.982222 -10916.687179 1156.329642
-7468.454264 -10918.572165 1156.802931
-7468.926307 -10920.457152 1157.276221
-7469.398349 -10922.342138 1157.749510
-7469.870392 -10924.227124 1158.222800
-7470.342435 -10926.112110 1158.696089
-7470.814477 -10927.997096 1159.169379
-7471.286520 -10929.882082 1159.642668
-7471.758563 -10931.767068 1160.115958
-7472.230605 -10933.652055 1160.589248
-7472.702648 -10935.537041 1161.062537
-7473.174691 -10937.422027 1161.535827
-7473.646733 -10939.307013 1162.009116
-7474.118776 -10941.191999 1162.482406
-7474.590819 -10943.076985 1162.955695
-7475.062861 -10944.961971 1163.428985
-7475.534904 -10946.846957 1163.902274
-7476.006947 -10948.731944 1164.375564
-7476.478989 -10950.616930 1164.848853
-7476.951032 -10952.501916 1165.322143
-7477.423075 -10954.386902 1165.795433
-7477.895117 -10956.271888 1166.268722
-7478.367160 -10958.156874 1166.742012
-7478.839203 -10960.041860 1167.215301
-7479.311245 -10961.926847 1167.688591
-7479.783288 -10963.811833 1168.161880
-7480.255331 -10965.696819 1168.635170
-7480.727373 -10967.581805 1169.108459
-7481.199416 -10969.466791 1169.581749
-7481.671459 -10971.351777 1170.055038
-7482.143501 -10973.236763 1170.528328
-7482.615544 -10975.121749 1171.001618
-7483.087587 -10977.006736 1171.474907
-7483.559629 -10978.891722 1171.948197
-7484.031672 -10980.776708 1172.421486
-7484.503715 -10982.661694 1172.894776
-7484.975757 -10984.546680 1173.368065
-7485.447800 -10986.431666 1173.841355
-7485.919843 -10988.316652 1174.314644
-7486.391885 -10990.201639 1174.787934
-7486.863928 -10992.086625 1175.261223
-7487.335971 -10993.971611 1175.734513
-7487.808013 -10995.856597 1176.207803
-7488.280056 -10997.741583 1176.681092
-7488.752099 -10999.626569 1177.154382
-7489.224141 -11001.511555 1177.627671
-7489.696184 -11003.396542 1178.100961
-7490.168227 -11005.281528 1178.574250
-7490.640269 -11007.166514 1179.047540
-7491.112312 -11009.051500 1179.520829
-7491.584355 -11010.936486 1179.994119
-7492.056397 -11012.821472 1180.467408
-7492.528440 -11014.706458 1180.940698
-7493.000483 -11016.591444 1181.413988
-7493.472525 -11018.476431 1181.887277
-7493.944568 -11020.361417 1182.360567
-7494.416611 -11022.246403 1182.833856
-7494.888653 -11024.131389 1183.307146
-7495.360696 -11026.016375 1183.780435
-7495.832739 -11027.901361 1184.253725
-7496.304781 -11029.786347 1184.727014
-7496.776824 -11031.671334 1185.200304
-7497.248867 -11033.556320 1185.673593
-7497.720909 -11035.441306 1186.146883
-7498.192952 -11037.326292 1186.620173
-7498.664995 -11039.211278 1187.093462
-7499.137037 -11041.096264 1187.566752
-7499.609080 -11042.981250 1188.040041
-7500.081123 -11044.866237 1188.513331
-7500.553165 -11046.751223 1188.986620
-7501.025208 -11048.636209 1189.459910
-7501.497251 -11050.521195 1189.933199
-7501.969293 -11052.406181 1190.406489
-7502.441336 -11054.291167 1190.879778
-7502.913378 -11056.176153 1191.353068
-7503.385421 -11058.061139 1191.826358
-7503.857464 -11059.946126 1192.299647
-7504.329506 -11061.831112 1192.772937
-7504.801549 -11063.716098 1193.246226
-7505.273592 -11065.601084 1193.719516
-7505.745634 -11067.486070 1194.192805
-7506.217677 -11069.371056 1194.666095
-7506.689720 -11071.256042 1195.139384
-7507.161762 -11073.141029 1195.612674
-7507.633805 -11075.026015 1196.085963
-7508.105848 -11076.911001 1196.559253
-7508.577890 -11078.795987 1197.032543
-7509.049933 -11080.680973 1197.505832
-7509.521976 -11082.565959 1197.979122
-7509.994018 -11084.450945 1198.452411
-7510.466061 -11086.335931 1198.925701
-7510.938104 -11088.220918 1199.398990
-7511.410146 -11090.105904 1199.872280
-7511.882189 -11091.990890 1200.345569
-7512.354232 -11093.875876 1200.818859
-7512.826274 -11095.760862 1201.292148
-7513.298317 -11097.645848 1201.765438
-7513.770360 -11099.530834 1202.238728
-7514.242402 -11101.415821 1202.712017
-7514.714445 -11103.300807 1203.185307
-7515.186488 -11105.185793 1203.658596
-7515.658530 -11107.070779 1204.131886
-7516.130573 -11108.955765 1204.605175
-7516.602616 -11110.840751 1205.078465
-7517.074658 -11112.725737 1205.551754
-7517.546701 -11114.610724 1206.025044
-7518.018744 -11116.495710 1206.498333
-7518.490786 -11118.380696 1206.971623
-7518.962829 -11120.265682 1207.444913
-7519.434872 -11122.150668 1207.918202
-7519.906914 -11124.035654 1208.391492
-7520.378957 -11125.920640 1208.864781
-7520.851000 -11127.805626 1209.338071
-7521.323042 -11129.690613 1209.811360
-7521.795085 -11131.575599 1210.284650
-7522.267128 -11133.460585 1210.757939
-7522.739170 -11135.345571 1211.231229
-7523.211213 -11137.230557 1211.704518
-7523.683256 -11139.115543 1212.177808
-7524.155298 -11141.000529 1212.651098
-7524.627341 -11142.885516 1213.124387
-7525.099384 -11144.770502 1213.597677
-7525.571426 -11146.655488 1214.070966
-7526.043469 -11148.540474 1214.544256
-7526.515512 -11150.425460 1215.017545
-7526.987554 -11152.310446 1215.490835
-7527.459597 -11154.195432 1215.964124
-7527.931640 -11156.080419 1216.437414
-7528.403682 -11157.965405 1216.910703
-7528.875725 -11159.850391 1217.383993
-7529.347768 -11161.735377 1217.857283
-7529.819810 -11163.620363 1218.330572
-7530.291853 -11165.505349 1218.803862
-7530.763896 -11167.390335 1219.277151
-7531.235938 -11169.275321 1219.750441
-7531.707981 -11171.160308 1220.223730
-7532.180024 -11173.045294 1220.697020
-7532.652066 -11174.930280 1221.170309
-7533.124109 -11176.815266 1221.643599
-7533.596152 -11178.700252 1222.116888
-7534.068194 -11180.585238 1222.590178
-7534.540237 -11182.470224 1223.063468
-7535.012279 -11184.355211 1223.536757
-7535.484322 -11186.240197 1224.010047
-7535.956365 -11188.125183 1224.483336
-7536.428407 -11190.010169 1224.956626
-7536.900450 -11191.895155 1225.429915
-7537.372493 -11193.780141 1225.903205
-7537.844535 -11195.665127 1226.376494
-7538.316578 -11197.550114 1226.849784
-7538.788621 -11199.435100 1227.323073
-7539.260663 -11201.320086 1227.796363
-7539.732706 -11203.205072 1228.269653
-7540.204749 -11205.090058 1228.742942
-7540.676791 -11206.975044 1229.216232
-7541.148834 -11208.860030 1229.689521
-7541.620877 -11210.745016 1230.162811
-7542.092919 -11212.630003 1230.636100
-7542.564962 -11214.514989 1231.109390
-7543.037005 -11216.399975 1231.582679
-7543.509047 -11218.284961 1232.055969
-7543.981090 -11220.169947 1232.529258
-7544.453133 -11222.054933 1233.002548
-7544.925175 -11223.939919 1233.475838
-7545.397218 -11225.824906 1233.949127
-7545.869261 -11227.709892 1234.422417
-7546.341303 -11229.594878 1234.895706
-7546.813346 -11231.479864 1235.368996
-7547.285389 -11233.364850 1235.842285
-7547.757431 -11235.249836 1236.315575
-7548.229474 -11237.134822 1236.788864
-7548.701517 -11239.019808 1237.262154
-7549.173559 -11240.904795 1237.735443
-7549.645602 -11242.789781 1238.208733
-7550.117645 -11244.674767 1238.682023
-7550.589687 -11246.559753 1239.155312
-7551.061730 -11248.444739 1239.628602
-7551.533773 -11250.329725 1240.101891
-7552.005815 -11252.214711 1240.575181
-7552.477858 -11254.099698 1241.048470
-7552.949901 -11255.984684 1241.521760
-7553.421943 -11257.869670 1241.995049
-7553.893986 -11259.754656 1242.468339
-7554.366029 -11261.639642 1242.941628
-7554.838071 -11263.524628 1243.414918
-7555.310114 -11265.409614 1243.888208
-7555.782157 -11267.294601 1244.361497
-7556.254199 -11269.179587 1244.834787
-7556.726242 -11271.064573 1245.308076
-7557.198285 -11272.949559 1245.781366
-7557.670327 -11274.834545 1246.254655
-7558.142370 -11276.719531 1246.727945
-7558.614413 -11278.604517 1247.201234
-7559.086455 -11280.489503 1247.674524
-7559.558498 -11282.374490 1248.147813
-7560.030541 -11284.259476 1248.621103
-7560.502583 -11286.144462 1249.094393
-7560.974626 -11288.029448 1249.567682
-7561.446669 -11289.914434 1250.040972
-7561.918711 -11291.799420 1250.514261
-7562.390754 -11293.684406 1250.987551
-7562.862797 -11295.569393 1251.460840
-7563.334839 -11297.454379 1251.934130
-7563.806882 -11299.339365 1252.407419
-7564.278925 -11301.224351 1252.880709
-7564.750967 -11303.109337 1253.353998
-7565.223010 -11304.994323 1253.827288
-7565.695053 -11306.879309 1254.300578
-7566.167095 -11308.764296 1254.773867
-7566.639138 -11310.649282 1255.247157
-7567.111181 -11312.534268 1255.720446
-7567.583223 -11314.419254 1256.193736
-7568.055266 -11316.304240 1256.667025
-7568.527308 -11318.189226 1257.140315
-7568.999351 -11320.074212 1257.613604
-7569.471394 -11321.959198 1258.086894
-7569.943436 -11323.844185 1258.560183
-7570.415479 -11325.729171 1259.033473
-7570.887522 -11327.614157 1259.506763
-7571.359564 -11329.499143 1259.980052
-7571.831607 -11331.384129 1260.453342
-7572.303650 -11333.269115 1260.926631
-7572.775692 -11335.154101 1261.399921
-7573.247735 -11337.039088 1261.873210
-7573.719778 -11338.924074 1262.346500
-7574.191820 -11340.809060 1262.819789
-7574.663863 -11342.694046 1263.293079
-7575.135906 -11344.579032 1263.766368
-7575.607948 -11346.464018 1264.239658
-7576.079991 -11348.349004 1264.712947
-7576.552034 -11350.233990 1265.186237
-7577.024076 -11352.118977 1265.659527
-7577.496119 -11354.003963 1266.132816
-7577.968162 -11355.888949 1266.606106
-7578.440204 -11357.773935 1267.079395
-7578.912247 -11359.658921 1267.552685
-7579.384290 -11361.543907 1268.025974
-7579.856332 -11363.428893 1268.499264
-7580.328375 -11365.313880 1268.972553
-7580.800418 -11367.198866 1269.445843
-7581.272460 -11369.083852 1269.919132
-7581.744503 -11370.968838 1270.392422
-7582.216546 -11372.853824 1270.865712
-7582.688588 -11374.738810 1271.339001
-7583.160631 -11376.623796 1271.812291
-7583.632674 -11378.508783 1272.285580
-7584.104716 -11380.393769 1272.758870
-7584.576759 -11382.278755 1273.232159
-7585.048802 -11384.163741 1273.705449
-7585.520844 -11386.048727 1274.178738
-7585.992887 -11387.933713 1274.652028
-7586.464930 -11389.818699 1275.125317
-7586.936972 -11391.703685 1275.598607
-7587.409015 -11393.588672 1276.071897
-7587.881058 -11395.473658 1276.545186
-7588.353100 -11397.358644 1277.018476
-7588.825143 -11399.243630 1277.491765
-7589.297186 -11401.128616 1277.965055
-7589.769228 -11403.013602 1278.438344
-7590.241271 -11404.898588 1278.911634
-7590.713314 -11406.783575 1279.384923
-7591.185356 -11408.668561 1279.858213
-7591.657399 -11410.553547 1280.331502
-7592.129442 -11412.438533 1280.804792
-7592.601484 -11414.323519 1281.278082
-7593.073527 -11416.208505 1281.751371
-7593.545570 -11418.093491 1282.224661
-7594.017612 -11419.978478 1282.697950
-7594.489655 -11421.863464 1283.171240
-7594.961698 -11423.748450 1283.644529
-7595.433740 -11425.633436 1284.117819
-7595.905783 -11427.518422 1284.591108
-7596.377826 -11429.403408 1285.064398
-7596.849868 -11431.288394 1285.537687
-7597.321911 -11433.173380 1286.010977
-7597.793954 -11435.058367 1286.484267
-7598.265996 -11436.943353 1286.957556
-7598.738039 -11438.828339 1287.430846
-7599.210082 -11440.713325 1287.904135
-7599.682124 -11442.598311 1288.377425
-7600.154167 -11444.483297 1288.850714
-7600.626210 -11446.368283 1289.324004
-7601.098252 -11448.253270 1289.797293
-7601.570295 -11450.138256 1290.270583
-7602.042337 -11452.023242 1290.743872
-7602.514380 -11453.908228 1291.217162
-7602.986423 -11455.793214 1291.690452
-7603.458465 -11457.678200 1292.163741
-7603.930508 -11459.563186 1292.637031
-7604.402551 -11461.448172 1293.110320
-7604.874593 -11463.333159 1293.583610
-7605.346636 -11465.218145 1294.056899
-7605.818679 -11467.103131 1294.530189
-7606.290721 -11468.988117 1295.003478
-7606.762764 -11470.873103 1295.476768
-7607.234807 -11472.758089 1295.950057
-7607.706849 -11474.643075 1296.423347
-7608.178892 -11476.528062 1296.896637
-7608.650935 -11478.413048 1297.369926
-7609.122977 -11480.298034 1297.843216
-7609.595020 -11482.183020 1298.316505
-7610.067063 -11484.068006 1298.789795
-7610.539105 -11485.952992 1299.263084
-7611.011148 -11487.837978 1299.736374
-7611.483191 -11489.722965 1300.209663
-7611.955233 -11491.607951 1300.682953
-7612.427276 -11493.492937 1301.156242
-7612.899319 -11495.377923 1301.629532
-7613.371361 -11497.262909 1302.102822
-7613.843404 -11499.147895 1302.576111
-7614.315447 -11501.032881 1303.049401
-7614.787489 -11502.917867 1303.522690
-7615.259532 -11504.802854 1303.995980
-7615.731575 -11506.687840 1304.469269
-7616.203617 -11508.572826 1304.942559
-7616.675660 -11510.457812 1305.415848
-7617.147703 -11512.342798 1305.889138
-7617.619745 -11514.227784 1306.362427
-7618.091788 -11516.112770 1306.835717
-7618.563831 -11517.997757 1307.309007
-7619.035873 -11519.882743 1307.782296
-7619.507916 -11521.767729 1308.255586
-7619.979959 -11523.652715 1308.728875
-7620.452001 -11525.537701 1309.202165
-7620.924044 -11527.422687 1309.675454
-7621.396087 -11529.307673 1310.148744
-7621.868129 -11531.192660 1310.622033
-7622.340172 -11533.077646 1311.095323
-7622.812215 -11534.962632 1311.568612
-7623.284257 -11536.847618 1312.041902
-7623.756300 -11538.732604 1312.515192
-7624.228343 -11540.617590 1312.988481
-7624.700385 -11542.502576 1313.461771
-7625.172428 -11544.387562 1313.935060
-7625.644471 -11546.272549 1314.408350
-7626.116513 -11548.157535 1314.881639
-7626.588556 -11550.042521 1315.354929
-7627.060599 -11551.927507 1315.828218
-7627.532641 -11553.812493 1316.301508
-7628.004684 -11555.697479 1316.774797
-7628.476727 -11557.582465 1317.248087
-7628.948769 -11559.467452 1317.721377
-7629.420812 -11561.352438 1318.194666
-7629.892855 -11563.237424 1318.667956
-7630.364897 -11565.122410 1319.141245
-7630.836940 -11567.007396 1319.614535
-7631.308983 -11568.892382 1320.087824
-7631.781025 -11570.777368 1320.561114
-7632.253068 -11572.662354 1321.034403
-7632.725111 -11574.547341 1321.507693
-7633.197153 -11576.432327 1321.980982
-7633.669196 -11578.317313 1322.454272
-7634.141238 -11580.202299 1322.927562
-7634.613281 -11582.087285 1323.400851
-7635.085324 -11583.972271 1323.874141
-7635.557366 -11585.857257 1324.347430
-7636.029409 -11587.742244 1324.820720
-7636.501452 -11589.627230 1325.294009
-7636.973494 -11591.512216 1325.767299
-7637.445537 -11593.397202 1326.240588
-7637.917580 -11595.282188 1326.713878
-7638.389622 -11597.167174 1327.187167
-7638.861665 -11599.052160 1327.660457
-7639.333708 -11600.937147 1328.133747
-7639.805750 -11602.822133 1328.607036
-7640.277793 -11604.707119 1329.080326
-7640.749836 -11606.592105 1329.553615
-7641.221878 -11608.477091 1330.026905
-7641.693921 -11610.362077 1330.500194
-7642.165964 -11612.247063 1330.973484
-7642.638006 -11614.132049 1331.446773
-7643.110049 -11616.017036 1331.920063
-7643.582092 -11617.902022 1332.393352
-7644.054134 -11619.787008 1332.866642
-7644.526177 -11621.671994 1333.339932
-7644.998220 -11623.556980 1333.813221
-7645.470262 -11625.441966 1334.286511
-7645.942305 -11627.326952 1334.759800
-7646.414348 -11629.211939 1335.233090
-7646.886390 -11631.096925 1335.706379
-7647.358433 -11632.981911 1336.179669
-7647.830476 -11634.866897 1336.652958
-7648.302518 -11636.751883 1337.126248
-7648.774561 -11638.636869 1337.599537
-7649.246604 -11640.521855 1338.072827
-7649.718646 -11642.406842 1338.546117
-7650.190689 -11644.291828 1339.019406
-7650.662732 -11646.176814 1339.492696
-7651.134774 -11648.061800 1339.965985
-7651.606817 -11649.946786 1340.439275
-7652.078860 -11651.831772 1340.912564
-7652.550902 -11653.716758 1341.385854
-7653.022945 -11655.601744 1341.859143
-7653.494988 -11657.486731 1342.332433
-7653.967030 -11659.371717 1342.805722
-7654.439073 -11661.256703 1343.279012
-7654.911116 -11663.141689 1343.752302
-7655.383158 -11665.026675 1344.225591
-7655.855201 -11666.911661 1344.698881
-7656.327244 -11668.796647 1345.172170
-7656.799286 -11670.681634 1345.645460
-7657.271329 -11672.566620 1346.118749
-7657.743372 -11674.451606 1346.592039
-7658.215414 -11676.336592 1347.065328
-7658.687457 -11678.221578 1347.538618
-7659.159500 -11680.106564 1348.011907
-7659.631542 -11681.991550 1348.485197
-7660.103585 -11683.876537 1348.958487
-7660.575628 -11685.761523 1349.431776
-7661.047670 -11687.646509 1349.905066
-7661.519713 -11689.531495 1350.378355
-7661.991756 -11691.416481 1350.851645
-7662.463798 -11693.301467 1351.324934
-7662.935841 -11695.186453 1351.798224
-7663.407884 -11697.071439 1352.271513
-7663.879926 -11698.956426 1352.744803
-7664.351969 -11700.841412 1353.218092
-7664.824012 -11702.726398 1353.691382
-7665.296054 -11704.611384 1354.164672
-7665.768097 -11706.496370 1354.637961
-7666.240140 -11708.381356 1355.111251
-7666.712182 -11710.266342 1355.584540
-7667.184225 -11712.151329 1356.057830
-7667.656267 -11714.036315 1356.531119
-7668.128310 -11715.921301 1357.004409
-7668.600353 -11717.806287 1357.477698
-7669.072395 -11719.691273 1357.950988
-7669.544438 -11721.576259 1358.424277
-7670.016481 -11723.461245 1358.897567
-7670.488523 -11725.346231 1359.370857
-7670.960566 -11727.231218 1359.844146
-7671.432609 -11729.116204 1360.317436
-7671.904651 -11731.001190 1360.790725
-7672.376694 -11732.886176 1361.264015
-7672.848737 -11734.771162 1361.737304
-7673.320779 -11736.656148 1362.210594
-7673.792822 -11738.541134 1362.683883
-7674.264865 -11740.426121 1363.157173
-7674.736907 -11742.311107 1363.630462
-7675.208950 -11744.196093 1364.103752
-7675.680993 -11746.081079 1364.577042
-7676.153035 -11747.966065 1365.050331
-7676.625078 -11749.851051 1365.523621
-7677.097121 -11751.736037 1365.996910
-7677.569163 -11753.621024 1366.470200
-7678.041206 -11755.506010 1366.943489
-7678.513249 -11757.390996 1367.416779
-7678.985291 -11759.275982 1367.890068
-7679.457334 -11761.160968 1368.363358
-7679.929377 -11763.045954 1368.836647
-7680.401419 -11764.930940 1369.309937
-7680.873462 -11766.815926 1369.783227
-7681.345505 -11768.700913 1370.256516
-7681.817547 -11770.585899 1370.729806
-7682.289590 -11772.470885 1371.203095
-7682.761633 -11774.355871 1371.676385
-7683.233675 -11776.240857 1372.149674
-7683.705718 -11778.125843 1372.622964
-7684.177761 -11780.010829 1373.096253
-7684.649803 -11781.895816 1373.569543
-7685.121846 -11783.780802 1374.042832
-7685.593889 -11785.665788 1374.516122
-7686.065931 -11787.550774 1374.989412
-7686.537974 -11789.435760 1375.462701
-7687.010017 -11791.320746 1375.935991
-7687.482059 -11793.205732 1376.409280
-7687.954102 -11795.090719 1376.882570
-7688.426145 -11796.975705 1377.355859
-7688.898187 -11798.860691 1377.829149
-7689.370230 -11800.745677 1378.302438
-7689.842273 -11802.630663 1378.775728
-7690.314315 -11804.515649 1379.249017
-7690.786358 -11806.400635 1379.722307
-7691.258401 -11808.285621 1380.195597
-7691.730443 -11810.170608 1380.668886
-7692.202486 -11812.055594 1381.142176
-7692.674529 -11813.940580 1381.615465
-7693.146571 -11815.825566 1382.088755
-7693.618614 -11817.710552 1382.562044
-7694.090657 -11819.595538 1383.035334
-7694.562699 -11821.480524 1383.508623
-7695.034742 -11823.365511 1383.981913
-7695.506785 -11825.250497 1384.455202
-7695.978827 -11827.135483 1384.928492
-7696.450870 -11829.020469 1385.401782
-7696.922913 -11830.905455 1385.875071
-7697.394955 -11832.790441 1386.348361
-7697.866998 -11834.675427 1386.821650
-7698.339041 -11836.560413 1387.294940
-7698.811083 -11838.445400 1387.768229
-7699.283126 -11840.330386 1388.241519
-7699.755169 -11842.215372 1388.714808
-7700.227211 -11844.100358 1389.188098
-7700.699254 -11845.985344 1389.661387
-7701.171296 -11847.870330 1390.134677
-7701.643339 -11849.755316 1390.607967
-7702.115382 -11851.640303 1391.081256
-7702.587424 -11853.525289 1391.554546
-7703.059467 -11855.410275 1392.027835
-7703.531510 -11857.295261 1392.501125
-7704.003552 -11859.180247 1392.974414
-7704.475595 -11861.065233 1393.447704
-7704.947638 -11862.950219 1393.920993
-7705.419680 -11864.835206 1394.394283
-7705.891723 -11866.720192 1394.867572
-7706.363766 -11868.605178 1395.340862
-7706.835808 -11870.490164 1395.814152
-7707.307851 -11872.375150 1396.287441
-7707.779894 -11874.260136 1396.760731
-7708.251936 -11876.145122 1397.234020
-7708.723979 -11878.030108 1397.707310
-7709.196022 -11879.915095 1398.180599
-7709.668064 -11881.800081 1398.653889
-7710.140107 -11883.685067 1399.127178
-7710.612150 -11885.570053 1399.600468
-7711.084192 -11887.455039 1400.073757
-7711.556235 -11889.340025 1400.547047
-7712.028278 -11891.225011 1401.020337
-7712.500320 -11893.109998 1401.493626
-7712.972363 -11894.994984 1401.966916
-7713.444406 -11896.879970 1402.440205
-7713.916448 -11898.764956 1402.913495
-7714.388491 -11900.649942 1403.386784
-7714.860534 -11902.534928 1403.860074
-7715.332576 -11904.419914 1404.333363
-7715.804619 -11906.304901 1404.806653
-7716.276662 -11908.189887 1405.279942
-7716.748704 -11910.074873 1405.753232
-7717.220747 -11911.959859 1406.226522
-7717.692790 -11913.844845 1406.699811
-7718.164832 -11915.729831 1407.173101
-7718.636875 -11917.614817 1407.646390
-7719.108918 -11919.499803 1408.119680
-7719.580960 -11921.384790 1408.592969
-7720.053003 -11923.269776 1409.066259
-7720.525046 -11925.154762 1409.539548
-7720.997088 -11927.039748 1410.012838
-7721.469131 -11928.924734 1410.486127
-7721.941174 -11930.809720 1410.959417
-7722.413216 -11932.694706 1411.432707
-7722.885259 -11934.579693 1411.905996
-7723.357302 -11936.464679 1412.379286
-7723.829344 -11938.349665 1412.852575
-7724.301387 -11940.234651 1413.325865
-7724.773430 -11942.119637 1413.799154
-7725.245472 -11944.004623 1414.272444
-7725.717515 -11945.889609 1414.745733
-7726.189558 -11947.774595 1415.219023
-7726.661600 -11949.659582 1415.692312
-7727.133643 -11951.544568 1416.165602
-7727.605686 -11953.429554 1416.638892
-7728.077728 -11955.314540 1417.112181
-7728.549771 -11957.199526 1417.585471
-7729.021814 -11959.084512 1418.058760
-7729.493856 -11960.969498 1418.532050
-7729.965899 -11962.854485 1419.005339
-7730.437942 -11964.739471 1419.478629
-7730.909984 -11966.624457 1419.951918
-7731.382027 -11968.509443 1420.425208
-7731.854070 -11970.394429 1420.898497
-7732.326112 -11972.279415 1421.371787
-7732.798155 -11974.164401 1421.845077
-7733.270198 -11976.049388 1422.318366
-7733.742240 -11977.934374 1422.791656
-7734.214283 -11979.819360 1423.264945
-7734.686325 -11981.704346 1423.738235
-7735.158368 -11983.589332 1424.211524
-7735.630411 -11985.474318 1424.684814
-7736.102453 -11987.359304 1425.158103
-7736.574496 -11989.244290 1425.631393
-7737.046539 -11991.129277 1426.104682
-7737.518581 -11993.014263 1426.577972
-7737.990624 -11994.899249 1427.051262
-7738.462667 -11996.784235 1427.524551
-7738.934709 -11998.669221 1427.997841
-7739.406752 -12000.554207 1428.471130
-7739.878795 -12002.439193 1428.944420
-7740.350837 -12004.324180 1429.417709
-7740.822880 -12006.209166 1429.890999
-7741.294923 -12008.094152 1430.364288
-7741.766965 -12009.979138 1430.837578
-7742.239008 -12011.864124 1431.310867
-7742.711051 -12013.749110 1431.784157
-7743.183093 -12015.634096 1432.257447
-7743.655136 -12017.519083 1432.730736
-7744.127179 -12019.404069 1433.204026
-7744.599221 -12021.289055 1433.677315
-7745.071264 -12023.174041 1434.150605
-7745.543307 -12025.059027 1434.623894
-7746.015349 -12026.944013 1435.097184
-7746.487392 -12028.828999 1435.570473
-7746.959435 -12030.713985 1436.043763
-7747.431477 -12032.598972 1436.517052
-7747.903520 -12034.483958 1436.990342
-7748.375563 -12036.368944 1437.463632
-7748.847605 -12038.253930 1437.936921
-7749.319648 -12040.138916 1438.410211
-7749.791691 -12042.023902 1438.883500
-7750.263733 -12043.908888 1439.356790
-7750.735776 -12045.793875 1439.830079
-7751.207819 -12047.678861 1440.303369
-7751.679861 -12049.563847 1440.776658
-7752.151904 -12051.448833 1441.249948
-7752.623947 -12053.333819 1441.723237
-7753.095989 -12055.218805 1442.196527
-7753.568032 -12057.103791 1442.669817
-7754.040075 -12058.988777 1443.143106
-7754.512117 -12060.873764 1443.616396
-7754.984160 -12062.758750 1444.089685
-7755.456203 -12064.643736 1444.562975
-7755.928245 -12066.528722 1445.036264
-7756.400288 -12068.413708 1445.509554
-7756.872331 -12070.298694 1445.982843
-7757.344373 -12072.183680 1446.456133
-7757.816416 -12074.068667 1446.929422
-7758.288459 -12075.953653 1447.402712
-7758.760501 -12077.838639 1447.876002
-7759.232544 -12079.723625 1448.349291
-7759.704587 -12081.608611 1448.822581
-7760.176629 -12083.493597 1449.295870
-7760.648672 -12085.378583 1449.769160
-7761.120715 -12087.263570 1450.242449
-7761.592757 -12089.148556 1450.715739
-7762.064800 -12091.033542 1451.189028
-7762.536843 -12092.918528 1451.662318
-7763.008885 -12094.803514 1452.135607
-7763.480928 -12096.688500 1452.608897
-7763.952971 -12098.573486 1453.082187
-7764.425013 -12100.458472 1453.555476
-7764.897056 -12102.343459 1454.028766
-7765.369099 -12104.228445 1454.502055
-7765.841141 -12106.113431 1454.975345
-7766.313184 -12107.998417 1455.448634
-7766.785226 -12109.883403 1455.921924
-7767.257269 -12111.768389 1456.395213
-7767.729312 -12113.653375 1456.868503
-7768.201354 -12115.538362 1457.341792
-7768.673397 -12117.423348 1457.815082
-7769.145440 -12119.308334 1458.288372
-7769.617482 -12121.193320 1458.761661
-7770.089525 -12123.078306 1459.234951
-7770.561568 -12124.963292 1459.708240
-7771.033610 -12126.848278 1460.181530
-7771.505653 -12128.733265 1460.654819
-7771.977696 -12130.618251 1461.128109
-7772.449738 -12132.503237 1461.601398
-7772.921781 -12134.388223 1462.074688
-7773.393824 -12136.273209 1462.547977
-7773.865866 -12138.158195 1463.021267
-7774.337909 -12140.043181 1463.494557
-7774.809952 -12141.928167 1463.967846
-7775.281994 -12143.813154 1464.441136
-7775.754037 -12145.698140 1464.914425
-7776.226080 -12147.583126 1465.387715
-7776.698122 -12149.468112 1465.861004
-7777.170165 -12151.353098 1466.334294
-7777.642208 -12153.238084 1466.807583
-7778.114250 -12155.123070 1467.280873
-7778.586293 -12157.008057 1467.754162
-7779.058336 -12158.893043 1468.227452
-7779.530378 -12160.778029 1468.700742
-7780.002421 -12162.663015 1469.174031
-7780.474464 -12164.548001 1469.647321
-7780.946506 -12166.432987 1470.120610
-7781.418549 -12168.317973 1470.593900
-7781.890592 -12170.202960 1471.067189
-7782.362634 -12172.087946 1471.540479
-7782.834677 -12173.972932 1472.013768
-7783.306720 -12175.857918 1472.487058
-7783.778762 -12177.742904 1472.960347
-7784.250805 -12179.627890 1473.433637
-7784.722848 -12181.512876 1473.906927
-7785.194890 -12183.397862 1474.380216
-7785.666933 -12185.282849 1474.853506
-7786.138976 -12187.167835 1475.326795
-7786.611018 -12189.052821 1475.800085
-7787.083061 -12190.937807 1476.273374
-7787.555104 -12192.822793 1476.746664
-7788.027146 -12194.707779 1477.219953
-7788.499189 -12196.592765 1477.693243
-7788.971232 -12198.477752 1478.166532
-7789.443274 -12200.362738 1478.639822
-7789.915317 -12202.247724 1479.113112
-7790.387360 -12204.132710 1479.586401
-7790.859402 -12206.017696 1480.059691
-7791.331445 -12207.902682 1480.532980
-7791.803488 -12209.787668 1481.006270
-7792.275530 -12211.672654 1481.479559
-7792.747573 -12213.557641 1481.952849
-7793.219616 -12215.442627 1482.426138
-7793.691658 -12217.327613 1482.899428
-7794.163701 -12219.212599 1483.372717
-7794.635744 -12221.097585 1483.846007
-7795.107786 -12222.982571 1484.319297
-7795.579829 -12224.867557 1484.792586
-7796.051872 -12226.752544 1485.265876
-7796.523914 -12228.637530 1485.739165
-7796.995957 -12230.522516 1486.212455
-7797.468000 -12232.407502 1486.685744
-7797.940042 -12234.292488 1487.159034
-7798.412085 -12236.177474 1487.632323
-7798.884128 -12238.062460 1488.105613
-7799.356170 -12239.947447 1488.578902
-7799.828213 -12241.832433 1489.052192
-7800.300255 -12243.717419 1489.525482
-7800.772298 -12245.602405 1489.998771
-7801.244341 -12247.487391 1490.472061
-7801.716383 -12249.372377 1490.945350
-7802.188426 -12251.257363 1491.418640
-7802.660469 -12253.142349 1491.891929
-7803.132511 -12255.027336 1492.365219
-7803.604554 -12256.912322 1492.838508
-7804.076597 -12258.797308 1493.311798
-7804.548639 -12260.682294 1493.785087
-7805.020682 -12262.567280 1494.258377
-7805.492725 -12264.452266 1494.731667
-7805.964767 -12266.337252 1495.204956
-7806.436810 -12268.222239 1495.678246
-7806.908853 -12270.107225 1496.151535
-7807.380895 -12271.992211 1496.624825
-7807.852938 -12273.877197 1497.098114
-7808.324981 -12275.762183 1497.571404
-7808.797023 -12277.647169 1498.044693
-7809.269066 -12279.532155 1498.517983
-7809.741109 -12281.417142 1498.991272
-7810.213151 -12283.302128 1499.464562
-7810.685194 -12285.187114 1499.937852
-7811.157237 -12287.072100 1500.411141
-7811.629279 -12288.957086 1500.884431
-7812.101322 -12290.842072 1501.357720
-7812.573365 -12292.727058 1501.831010
-7813.045407 -12294.612044 1502.304299
-7813.517450 -12296.497031 1502.777589
-7813.989493 -12298.382017 1503.250878
-7814.461535 -12300.267003 1503.724168
-7814.933578 -12302.151989 1504.197457
-7815.405621 -12304.036975 1504.670747
-7815.877663 -12305.921961 1505.144037
-7816.349706 -12307.806947 1505.617326
-7816.821749 -12309.691934 1506.090616
-7817.293791 -12311.576920 1506.563905
-7817.765834 -12313.461906 1507.037195
-7818.237877 -12315.346892 1507.510484
-7818.709919 -12317.231878 1507.983774
-7819.181962 -12319.116864 1508.457063
-7819.654005 -12321.001850 1508.930353
-7820.126047 -12322.886836 1509.403642
-7820.598090 -12324.771823 1509.876932
-7821.070133 -12326.656809 1510.350222
-7821.542175 -12328.541795 1510.823511
-7822.014218 -12330.426781 1511.296801
-7822.486261 -12332.311767 1511.770090
-7822.958303 -12334.196753 1512.243380
-7823.430346 -12336.081739 1512.716669
-7823.902389 -12337.966726 1513.189959
-7824.374431 -12339.851712 1513.663248
-7824.846474 -12341.736698 1514.136538
-7825.318517 -12343.621684 1514.609827
-7825.790559 -12345.506670 1515.083117
-7826.262602 -12347.391656 1515.556407
-7826.734645 -12349.276642 1516.029696
-7827.206687 -12351.161629 1516.502986
-7827.678730 -12353.046615 1516.976275
-7828.150773 -12354.931601 1517.449565
-7828.622815 -12356.816587 1517.922854
-7829.094858 -12358.701573 1518.396144
-7829.566901 -12360.586559 1518.869433
-7830.038943 -12362.471545 1519.342723
-7830.510986 -12364.356531 1519.816012
-7830.983029 -12366.241518 1520.289302
-7831.455071 -12368.126504 1520.762592
-7831.927114 -12370.011490 1521.235881
-7832.399157 -12371.896476 1521.709171
-7832.871199 -12373.781462 1522.182460
-7833.343242 -12375.666448 1522.655750
-7833.815284 -12377.551434 1523.129039
-7834.287327 -12379.436421 1523.602329
-7834.759370 -12381.321407 1524.075618
-7835.231412 -12383.206393 1524.548908
-7835.703455 -12385.091379 1525.022197
-7836.175498 -12386.976365 1525.495487
-7836.647540 -12388.861351 1525.968777
-7837.119583 -12390.746337 1526.442066
-7837.591626 -12392.631324 1526.915356
-7838.063668 -12394.516310 1527.388645
-7838.535711 -12396.401296 1527.861935
-7839.007754 -12398.286282 1528.335224
-7839.479796 -12400.171268 1528.808514
-7839.951839 -12402.056254 1529.281803
-7840.423882 -12403.941240 1529.755093
-7840.895924 -12405.826226 1530.228382
-7841.367967 -12407.711213 1530.701672
-7841.840010 -12409.596199 1531.174962
-7842.312052 -12411.481185 1531.648251
-7842.784095 -12413.366171 1532.121541
-7843.256138 -12415.251157 1532.594830
-7843.728180 -12417.136143 1533.068120
-7844.200223 -12419.021129 1533.541409
-7844.672266 -12420.906116 1534.014699
-7845.144308 -12422.791102 1534.487988
-7845.616351 -12424.676088 1534.961278
-7846.088394 -12426.561074 1535.434567
-7846.560436 -12428.446060 1535.907857
-7847.032479 -12430.331046 1536.381147
-7847.504522 -12432.216032 1536.854436
-7847.976564 -12434.101018 1537.327726
-7848.448607 -12435.986005 1537.801015
-7848.920650 -12437.870991 1538.274305
-7849.392692 -12439.755977 1538.747594
-7849.864735 -12441.640963 1539.220884
-7850.336778 -12443.525949 1539.694173
-7850.808820 -12445.410935 1540.167463
-7851.280863 -12447.295921 1540.640752
-7851.752906 -12449.180908 1541.114042
-7852.224948 -12451.065894 1541.587332
-7852.696991 -12452.950880 1542.060621
-7853.169034 -12454.835866 1542.533911
-7853.641076 -12456.720852 1543.007200
-7854.113119 -12458.605838 1543.480490
-7854.585162 -12460.490824 1543.953779
-7855.057204 -12462.375811 1544.427069
-7855.529247 -12464.260797 1544.900358
-7856.001290 -12466.145783 1545.373648
-7856.473332 -12468.030769 1545.846937
-7856.945375 -12469.915755 1546.320227
-7857.417418 -12471.800741 1546.793517
-7857.889460 -12473.685727 1547.266806
-7858.361503 -12475.570713 1547.740096
-7858.833546 -12477.455700 1548.213385
-7859.305588 -12479.340686 1548.686675
-7859.777631 -12481.225672 1549.159964
-7860.249674 -12483.110658 1549.633254
-7860.721716 -12484.995644 1550.106543
-7861.193759 -12486.880630 1550.579833
-7861.665802 -12488.765616 1551.053122
-7862.137844 -12490.650603 1551.526412
-7862.609887 -12492.535589 1551.999702
-7863.081930 -12494.420575 1552.472991
-7863.553972 -12496.305561 1552.946281
-7864.026015 -12498.190547 1553.419570
-7864.498058 -12500.075533 1553.892860
-7864.970100 -12501.960519 1554.366149
-7865.442143 -12503.845506 1554.839439
-7865.914185 -12505.730492 1555.312728
-7866.386228 -12507.615478 1555.786018
-7866.858271 -12509.500464 1556.259307
-7867.330313 -12511.385450 1556.732597
-7867.802356 -12513.270436 1557.205887
-7868.274399 -12515.155422 1557.679176
-7868.746441 -12517.040408 1558.152466
-7869.218484 -12518.925395 1558.625755
-7869.690527 -12520.810381 1559.099045
-7870.162569 -12522.695367 1559.572334
-7870.634612 -12524.580353 1560.045624
-7871.106655 -12526.465339 1560.518913
-7871.578697 -12528.350325 1560.992203
-7872.050740 -12530.235311 1561.465492
-7872.522783 -12532.120298 1561.938782
-7872.994825 -12534.005284 1562.412072
-7873.466868 -12535.890270 1562.885361
-7873.938911 -12537.775256 1563.358651
-7874.410953 -12539.660242 1563.831940
-7874.882996 -12541.545228 1564.305230
-7875.355039 -12543.430214 1564.778519
-7875.827081 -12545.315200 1565.251809
-7876.299124 -12547.200187 1565.725098
-7876.771167 -12549.085173 1566.198388
-7877.243209 -12550.970159 1566.671677
-7877.715252 -12552.855145 1567.144967
-7878.187295 -12554.740131 1567.618257
-7878.659337 -12556.625117 1568.091546
-7879.131380 -12558.510103 1568.564836
-7879.603423 -12560.395090 1569.038125
-7880.075465 -12562.280076 1569.511415
-7880.547508 -12564.165062 1569.984704
-7881.019551 -12566.050048 1570.457994
-7881.491593 -12567.935034 1570.931283
-7881.963636 -12569.820020 1571.404573
-7882.435679 -12571.705006 1571.877862
-7882.907721 -12573.589993 1572.351152
-7883.379764 -12575.474979 1572.824442
-7883.851807 -12577.359965 1573.297731
-7884.323849 -12579.244951 1573.771021
-7884.795892 -12581.129937 1574.244310
-7885.267935 -12583.014923 1574.717600
-7885.739977 -12584.899909 1575.190889
-7886.212020 -12586.784895 1575.664179
-7886.684063 -12588.669882 1576.137468
-7887.156105 -12590.554868 1576.610758
-7887.628148 -12592.439854 1577.084047
-7888.100191 -12594.324840 1577.557337
-7888.572233 -12596.209826 1578.030627
-7889.044276 -12598.094812 1578.503916
-7889.516319 -12599.979798 1578.977206
-7889.988361 -12601.864785 1579.450495
-7890.460404 -12603.749771 1579.923785
-7890.932447 -12605.634757 1580.397074
-7891.404489 -12607.519743 1580.870364
-7891.876532 -12609.404729 1581.343653
-7892.348575 -12611.289715 1581.816943
-7892.820617 -12613.174701 1582.290232
-7893.292660 -12615.059688 1582.763522
-7893.764703 -12616.944674 1583.236812
-7894.236745 -12618.829660 1583.710101
-7894.708788 -12620.714646 1584.183391
-7895.180831 -12622.599632 1584.656680
-7895.652873 -12624.484618 1585.129970
-7896.124916 -12626.369604 1585.603259
-7896.596959 -12628.254590 1586.076549
-7897.069001 -12630.139577 1586.549838
-7897.541044 -12632.024563 1587.023128
-7898.013087 -12633.909549 1587.496417
-7898.485129 -12635.794535 1587.969707
-7898.957172 -12637.679521 1588.442997
-7899.429214 -12639.564507 1588.916286
-7899.901257 -12641.449493 1589.389576
-7900.373300 -12643.334480 1589.862865
-7900.845342 -12645.219466 1590.336155
-7901.317385 -12647.104452 1590.809444
-7901.789428 -12648.989438 1591.282734
-7902.261470 -12650.874424 1591.756023
-7902.733513 -12652.759410 1592.229313
-7903.205556 -12654.644396 1592.702602
-7903.677598 -12656.529382 1593.175892
-7904.149641 -12658.414369 1593.649182
-7904.621684 -12660.299355 1594.122471
-7905.093726 -12662.184341 1594.595761
-7905.565769 -12664.069327 1595.069050
-7906.037812 -12665.954313 1595.542340
-7906.509854 -12667.839299 1596.015629
-7906.981897 -12669.724285 1596.488919
-7907.453940 -12671.609272 1596.962208
-7907.925982 -12673.494258 1597.435498
-7908.398025 -12675.379244 1597.908787
-7908.870068 -12677.264230 1598.382077
-7909.342110 -12679.149216 1598.855367
-7909.814153 -12681.034202 1599.328656
-7910.286196 -12682.919188 1599.801946
-7910.758238 -12684.804175 1600.275235
-7911.230281 -12686.689161 1600.748525
-7911.702324 -12688.574147 1601.221814
-7912.174366 -12690.459133 1601.695104
-7912.646409 -12692.344119 1602.168393
-7913.118452 -12694.229105 1602.641683
-7913.590494 -12696.114091 1603.114972
-7914.062537 -12697.999077 1603.588262
-7914.534580 -12699.884064 1604.061552
-7915.006622 -12701.769050 1604.534841
-7915.478665 -12703.654036 1605.008131
-7915.950708 -12705.539022 1605.481420
-7916.422750 -12707.424008 1605.954710
-7916.894793 -12709.308994 1606.427999
-7917.366836 -12711.193980 1606.901289
-7917.838878 -12713.078967 1607.374578
-7918.310921 -12714.963953 1607.847868
-7918.782964 -12716.848939 1608.321157
-7919.255006 -12718.733925 1608.794447
-7919.727049 -12720.618911 1609.267737
-7920.199092 -12722.503897 1609.741026
-7920.671134 -12724.388883 1610.214316
-7921.143177 -12726.273870 1610.687605
-7921.615220 -12728.158856 1611.160895
-7922.087262 -12730.043842 1611.634184
-7922.559305 -12731.928828 1612.107474
-7923.031348 -12733.813814 1612.580763
-7923.503390 -12735.698800 1613.054053
-7923.975433 -12737.583786 1613.527342
-7924.447476 -12739.468772 1614.000632
-7924.919518 -12741.353759 1614.473922
-7925.391561 -12743.238745 1614.947211
-7925.863604 -12745.123731 1615.420501
-7926.335646 -12747.008717 1615.893790
-7926.807689 -12748.893703 1616.367080
-7927.279732 -12750.778689 1616.840369
-7927.751774 -12752.663675 1617.313659
-7928.223817 -12754.548662 1617.786948
-7928.695860 -12756.433648 1618.260238
-7929.167902 -12758.318634 1618.733527
-7929.639945 -12760.203620 1619.206817
-7930.111988 -12762.088606 1619.680106
-7930.584030 -12763.973592 1620.153396
-7931.056073 -12765.858578 1620.626686
-7931.528116 -12767.743565 1621.099975
-7932.000158 -12769.628551 1621.573265
-7932.472201 -12771.513537 1622.046554
-7932.944243 -12773.398523 1622.519844
-7933.416286 -12775.283509 1622.993133
-7933.888329 -12777.168495 1623.466423
-7934.360371 -12779.053481 1623.939712
-7934.832414 -12780.938467 1624.413002
-7935.304457 -12782.823454 1624.886291
-7935.776499 -12784.708440 1625.359581
-7936.248542 -12786.593426 1625.832871
-7936.720585 -12788.478412 1626.306160
-7937.192627 -12790.363398 1626.779450
-7937.664670 -12792.248384 1627.252739
-7938.136713 -12794.133370 1627.726029
-7938.608755 -12796.018357 1628.199318
-7939.080798 -12797.903343 1628.672608
-7939.552841 -12799.788329 1629.145897
-7940.024883 -12801.673315 1629.619187
-7940.496926 -12803.558301 1630.092476
-7940.968969 -12805.443287 1630.565766
-7941.441011 -12807.328273 1631.039056
-7941.913054 -12809.213259 1631.512345
-7942.385097 -12811.098246 1631.985635
-7942.857139 -12812.983232 1632.458924
-7943.329182 -12814.868218 1632.932214
-7943.801225 -12816.753204 1633.405503
-7944.273267 -12818.638190 1633.878793
-7944.745310 -12820.523176 1634.352082
-7945.217353 -12822.408162 1634.825372
-7945.689395 -12824.293149 1635.298661
-7946.161438 -12826.178135 1635.771951
-7946.633481 -12828.063121 1636.245241
-7947.105523 -12829.948107 1636.718530
-7947.577566 -12831.833093 1637.191820
-7948.049609 -12833.718079 1637.665109
-7948.521651 -12835.603065 1638.138399
-7948.993694 -12837.488052 1638.611688
-7949.465737 -12839.373038 1639.084978
-7949.937779 -12841.258024 1639.558267
-7950.409822 -12843.143010 1640.031557
-7950.881865 -12845.027996 1640.504846
-7951.353907 -12846.912982 1640.978136
-7951.825950 -12848.797968 1641.451426
-7952.297993 -12850.682954 1641.924715
-7952.770035 -12852.567941 1642.398005
-7953.242078 -12854.452927 1642.871294
-7953.714121 -12856.337913 1643.344584
-7954.186163 -12858.222899 1643.817873
-7954.658206 -12860.107885 1644.291163
-7955.130249 -12861.992871 1644.764452
-7955.602291 -12863.877857 1645.237742
-7956.074334 -12865.762844 1645.711031
-7956.546377 -12867.647830 1646.184321
-7957.018419 -12869.532816 1646.657611
-7957.490462 -12871.417802 1647.130900
-7957.962505 -12873.302788 1647.604190
-7958.434547 -12875.187774 1648.077479
-7958.906590 -12877.072760 1648.550769
-7959.378633 -12878.957747 1649.024058
-7959.850675 -12880.842733 1649.497348
-7960.322718 -12882.727719 1649.970637
-7960.794761 -12884.612705 1650.443927
-7961.266803 -12886.497691 1650.917216
-7961.738846 -12888.382677 1651.390506
-7962.210889 -12890.267663 1651.863796
-7962.682931 -12892.152649 1652.337085
-7963.154974 -12894.037636 1652.810375
-7963.627017 -12895.922622 1653.283664
-7964.099059 -12897.807608 1653.756954
-7964.571102 -12899.692594 1654.230243
-7965.043144 -12901.577580 1654.703533
-7965.515187 -12903.462566 1655.176822
-7965.987230 -12905.347552 1655.650112
-7966.459272 -12907.232539 1656.123401
-7966.931315 -12909.117525 1656.596691
-7967.403358 -12911.002511 1657.069981
-7967.875400 -12912.887497 1657.543270
-7968.347443 -12914.772483 1658.016560
-7968.819486 -12916.657469 1658.489849
-7969.291528 -12918.542455 1658.963139
-7969.763571 -12920.427441 1659.436428
-7970.235614 -12922.312428 1659.909718
-7970.707656 -12924.197414 1660.383007
-7971.179699 -12926.082400 1660.856297
-7971.651742 -12927.967386 1661.329586
-7972.123784 -12929.852372 1661.802876
-7972.595827 -12931.737358 1662.276166
-7973.067870 -12933.622344 1662.749455
-7973.539912 -12935.507331 1663.222745
-7974.011955 -12937.392317 1663.696034
-7974.483998 -12939.277303 1664.169324
-7974.956040 -12941.162289 1664.642613
-7975.428083 -12943.047275 1665.115903
-7975.900126 -12944.932261 1665.589192
-7976.372168 -12946.817247 1666.062482
-7976.844211 -12948.702234 1666.535771
-7977.316254 -12950.587220 1667.009061
-7977.788296 -12952.472206 1667.482351
-7978.260339 -12954.357192 1667.955640
-7978.732382 -12956.242178 1668.428930
-7979.204424 -12958.127164 1668.902219
-7979.676467 -12960.012150 1669.375509
-7980.148510 -12961.897136 1669.848798
-7980.620552 -12963.782123 1670.322088
-7981.092595 -12965.667109 1670.795377
-7981.564638 -12967.552095 1671.268667
-7982.036680 -12969.437081 1671.741956
-7982.508723 -12971.322067 1672.215246
-7982.980766 -12973.207053 1672.688536
-7983.452808 -12975.092039 1673.161825
-7983.924851 -12976.977026 1673.635115
-7984.396894 -12978.862012 1674.108404
-7984.868936 -12980.746998 1674.581694
-7985.340979 -12982.631984 1675.054983
-7985.813022 -12984.516970 1675.528273
-7986.285064 -12986.401956 1676.001562
-7986.757107 -12988.286942 1676.474852
-7987.229150 -12990.171929 1676.948141
-7987.701192 -12992.056915 1677.421431
-7988.173235 -12993.941901 1677.894721
-7988.645278 -12995.826887 1678.368010
-7989.117320 -12997.711873 1678.841300
-7989.589363 -12999.596859 1679.314589
-7990.061406 -13001.481845 1679.787879
-7990.533448 -13003.366831 1680.261168
-7991.005491 -13005.251818 1680.734458
-7991.477534 -13007.136804 1681.207747
-7991.949576 -13009.021790 1681.681037
-7992.421619 -13010.906776 1682.154326
-7992.893662 -13012.791762 1682.627616
-7993.365704 -13014.676748 1683.100906
-7993.837747 -13016.561734 1683.574195
-7994.309790 -13018.446721 1684.047485
-7994.781832 -13020.331707 1684.520774
-7995.253875 -13022.216693 1684.994064
-7995.725918 -13024.101679 1685.467353
-7996.197960 -13025.986665 1685.940643
-7996.670003 -13027.871651 1686.413932
-7997.142046 -13029.756637 1686.887222
-7997.614088 -13031.641623 1687.360511
-7998.086131 -13033.526610 1687.833801
-7998.558173 -13035.411596 1688.307091
-7999.030216 -13037.296582 1688.780380
-7999.502259 -13039.181568 1689.253670
-7999.974301 -13041.066554 1689.726959
-8000.446344 -13042.951540 1690.200249
-8000.918387 -13044.836526 1690.673538
-8001.390429 -13046.721513 1691.146828
-8001.862472 -13048.606499 1691.620117
-8002.334515 -13050.491485 1692.093407
-8002.806557 -13052.376471 1692.566696
-8003.278600 -13054.261457 1693.039986
-8003.750643 -13056.146443 1693.513276
-8004.222685 -13058.031429 1693.986565
-8004.694728 -13059.916416 1694.459855
-8005.166771 -13061.801402 1694.933144
-8005.638813 -13063.686388 1695.406434
-8006.110856 -13065.571374 1695.879723
-8006.582899 -13067.456360 1696.353013
-8007.054941 -13069.341346 1696.826302
-8007.526984 -13071.226332 1697.299592
-8007.999027 -13073.111318 1697.772881
-8008.471069 -13074.996305 1698.246171
-8008.943112 -13076.881291 1698.719461
-8009.415155 -13078.766277 1699.192750
-8009.887197 -13080.651263 1699.666040
-8010.359240 -13082.536249 1700.139329
-8010.831283 -13084.421235 1700.612619
-8011.303325 -13086.306221 1701.085908
-8011.775368 -13088.191208 1701.559198
-8012.247411 -13090.076194 1702.032487
-8012.719453 -13091.961180 1702.505777
-8013.191496 -13093.846166 1702.979066
-8013.663539 -13095.731152 1703.452356
-8014.135581 -13097.616138 1703.925646
-8014.607624 -13099.501124 1704.398935
-8015.079667 -13101.386111 1704.872225
-8015.551709 -13103.271097 1705.345514
-8016.023752 -13105.156083 1705.818804
-8016.495795 -13107.041069 1706.292093
-8016.967837 -13108.926055 1706.765383
-8017.439880 -13110.811041 1707.238672
-8017.911923 -13112.696027 1707.711962
-8018.383965 -13114.581013 1708.185251
-8018.856008 -13116.466000 1708.658541
-8019.328051 -13118.350986 1709.131831
-8019.800093 -13120.235972 1709.605120
-8020.272136 -13122.120958 1710.078410
-8020.744179 -13124.005944 1710.551699
-8021.216221 -13125.890930 1711.024989
-8021.688264 -13127.775916 1711.498278
-8022.160307 -13129.660903 1711.971568
-8022.632349 -13131.545889 1712.444857
-8023.104392 -13133.430875 1712.918147
-8023.576435 -13135.315861 1713.391436
-8024.048477 -13137.200847 1713.864726
-8024.520520 -13139.085833 1714.338016
-8024.992563 -13140.970819 1714.811305
-8025.464605 -13142.855805 1715.284595
-8025.936648 -13144.740792 1715.757884
-8026.408691 -13146.625778 1716.231174
-8026.880733 -13148.510764 1716.704463
-8027.352776 -13150.395750 1717.177753
-8027.824819 -13152.280736 1717.651042
-8028.296861 -13154.165722 1718.124332
-8028.768904 -13156.050708 1718.597621
-8029.240947 -13157.935695 1719.070911
-8029.712989 -13159.820681 1719.544201
-8030.185032 -13161.705667 1720.017490
-8030.657075 -13163.590653 1720.490780
-8031.129117 -13165.475639 1720.964069
-8031.601160 -13167.360625 1721.437359
-8032.073202 -13169.245611 1721.910648
-8032.545245 -13171.130598 1722.383938
-8033.017288 -13173.015584 1722.857227
-8033.489330 -13174.900570 1723.330517
-8033.961373 -13176.785556 1723.803806
-8034.433416 -13178.670542 1724.277096
-8034.905458 -13180.555528 1724.750386
-8035.377501 -13182.440514 1725.223675
-8035.849544 -13184.325500 1725.696965
-8036.321586 -13186.210487 1726.170254
-8036.793629 -13188.095473 1726.643544
-8037.265672 -13189.980459 1727.116833
-8037.737714 -13191.865445 1727.590123
-8038.209757 -13193.750431 1728.063412
-8038.681800 -13195.635417 1728.536702
-8039.153842 -13197.520403 1729.009991
-8039.625885 -13199.405390 1729.483281
-8040.097928 -13201.290376 1729.956571
-8040.569970 -13203.175362 1730.429860
-8041.042013 -13205.060348 1730.903150
-8041.514056 -13206.945334 1731.376439
-8041.986098 -13208.830320 1731.849729
-8042.458141 -13210.715306 1732.323018
-8042.930184 -13212.600293 1732.796308
-8043.402226 -13214.485279 1733.269597
-8043.874269 -13216.370265 1733.742887
-8044.346312 -13218.255251 1734.216176
-8044.818354 -13220.140237 1734.689466
-8045.290397 -13222.025223 1735.162756
-8045.762440 -13223.910209 1735.636045
-8046.234482 -13225.795195 1736.109335
-8046.706525 -13227.680182 1736.582624
-8047.178568 -13229.565168 1737.055914
-8047.650610 -13231.450154 1737.529203
-8048.122653 -13233.335140 1738.002493
-8048.594696 -13235.220126 1738.475782
-8049.066738 -13237.105112 1738.949072
-8049.538781 -13238.990098 1739.422361
-8050.010824 -13240.875085 1739.895651
-8050.482866 -13242.760071 1740.368941
-8050.954909 -13244.645057 1740.842230
-8051.426952 -13246.530043 1741.315520
-8051.898994 -13248.415029 1741.788809
-8052.371037 -13250.300015 1742.262099
-8052.843080 -13252.185001 1742.735388
-8053.315122 -13254.069988 1743.208678
-8053.787165 -13255.954974 1743.681967
-8054.259208 -13257.839960 1744.155257
-8054.731250 -13259.724946 1744.628546
-8055.203293 -13261.609932 1745.101836
-8055.675336 -13263.494918 1745.575126
-8056.147378 -13265.379904 1746.048415
-8056.619421 -13267.264890 1746.521705
-8057.091464 -13269.149877 1746.994994
-8057.563506 -13271.034863 1747.468284
-8058.035549 -13272.919849 1747.941573
-8058.507592 -13274.804835 1748.414863
-8058.979634 -13276.689821 1748.888152
-8059.451677 -13278.574807 1749.361442
-8059.923720 -13280.459793 1749.834731
-8060.395762 -13282.344780 1750.308021
-8060.867805 -13284.229766 1750.781311
-8061.339848 -13286.114752 1751.254600
-8061.811890 -13287.999738 1751.727890
-8062.283933 -13289.884724 1752.201179
-8062.755976 -13291.769710 1752.674469
-8063.228018 -13293.654696 1753.147758
-8063.700061 -13295.539682 1753.621048
-8064.172104 -13297.424669 1754.094337
-8064.644146 -13299.309655 1754.567627
-8065.116189 -13301.194641 1755.040916
-8065.588231 -13303.079627 1755.514206
-8066.060274 -13304.964613 1755.987496
-8066.532317 -13306.849599 1756.460785
-8067.004359 -13308.734585 1756.934075
-8067.476402 -13310.619572 1757.407364
-8067.948445 -13312.504558 1757.880654
-8068.420487 -13314.389544 1758.353943
-8068.892530 -13316.274530 1758.827233
-8069.364573 -13318.159516 1759.300522
-8069.836615 -13320.044502 1759.773812
-8070.308658 -13321.929488 1760.247101
-8070.780701 -13323.814475 1760.720391
-8071.252743 -13325.699461 1761.193681
-8071.724786 -13327.584447 1761.666970
-8072.196829 -13329.469433 1762.140260
-8072.668871 -13331.354419 1762.613549
-8073.140914 -13333.239405 1763.086839
-8073.612957 -13335.124391 1763.560128
-8074.084999 -13337.009377 1764.033418
-8074.557042 -13338.894364 1764.506707
-8075.029085 -13340.779350 1764.979997
-8075.501127 -13342.664336 1765.453286
-8075.973170 -13344.549322 1765.926576
-8076.445213 -13346.434308 1766.399866
-8076.917255 -13348.319294 1766.873155
-8077.389298 -13350.204280 1767.346445
-8077.861341 -13352.089267 1767.819734
-8078.333383 -13353.974253 1768.293024
-8078.805426 -13355.859239 1768.766313
-8079.277469 -13357.744225 1769.239603
-8079.749511 -13359.629211 1769.712892
-8080.221554 -13361.514197 1770.186182
-8080.693597 -13363.399183 1770.659471
-8081.165639 -13365.284170 1771.132761
-8081.637682 -13367.169156 1771.606051
-8082.109725 -13369.054142 1772.079340
-8082.581767 -13370.939128 1772.552630
-8083.053810 -13372.824114 1773.025919
-8083.525853 -13374.709100 1773.499209
-8083.997895 -13376.594086 1773.972498
-8084.469938 -13378.479072 1774.445788
-8084.941981 -13380.364059 1774.919077
-8085.414023 -13382.249045 1775.392367
-8085.886066 -13384.134031 1775.865656
-8086.358109 -13386.019017 1776.338946
-8086.830151 -13387.904003 1776.812236
-8087.302194 -13389.788989 1777.285525
-8087.774237 -13391.673975 1777.758815
-8088.246279 -13393.558962 1778.232104
-8088.718322 -13395.443948 1778.705394
-8089.190365 -13397.328934 1779.178683
-8089.662407 -13399.213920 1779.651973
-8090.134450 -13401.098906 1780.125262
-8090.606493 -13402.983892 1780.598552
-8091.078535 -13404.868878 1781.071841
-8091.550578 -13406.753864 1781.545131
-8092.022621 -13408.638851 1782.018421
-8092.494663 -13410.523837 1782.491710
-8092.966706 -13412.408823 1782.965000
-8093.438749 -13414.293809 1783.438289
-8093.910791 -13416.178795 1783.911579
-8094.382834 -13418.063781 1784.384868
-8094.854877 -13419.948767 1784.858158
-8095.326919 -13421.833754 1785.331447
-8095.798962 -13423.718740 1785.804737
-8096.271005 -13425.603726 1786.278026
-8096.743047 -13427.488712 1786.751316
-8097.215090 -13429.373698 1787.224606
-8097.687132 -13431.258684 1787.697895
-8098.159175 -13433.143670 1788.171185
-8098.631218 -13435.028657 1788.644474
-8099.103260 -13436.913643 1789.117764
-8099.575303 -13438.798629 1789.591053
-8100.047346 -13440.683615 1790.064343
-8100.519388 -13442.568601 1790.537632
-8100.991431 -13444.453587 1791.010922
-8101.463474 -13446.338573 1791.484211
-8101.935516 -13448.223559 1791.957501
-8102.407559 -13450.108546 1792.430791
-8102.879602 -13451.993532 1792.904080
-8103.351644 -13453.878518 1793.377370
-8103.823687 -13455.763504 1793.850659
-8104.295730 -13457.648490 1794.323949
-8104.767772 -13459.533476 1794.797238
-8105.239815 -13461.418462 1795.270528
-8105.711858 -13463.303449 1795.743817
-8106.183900 -13465.188435 1796.217107
-8106.655943 -13467.073421 1796.690396
-8107.127986 -13468.958407 1797.163686
-8107.600028 -13470.843393 1797.636976
-8108.072071 -13472.728379 1798.110265
-8108.544114 -13474.613365 1798.583555
-8109.016156 -13476.498352 1799.056844
-8109.488199 -13478.383338 1799.530134
-8109.960242 -13480.268324 1800.003423
-8110.432284 -13482.153310 1800.476713
-8110.904327 -13484.038296 1800.950002
-8111.376370 -13485.923282 1801.423292
-8111.848412 -13487.808268 1801.896581
-8112.320455 -13489.693254 1802.369871
-8112.792498 -13491.578241 1802.843161
-8113.264540 -13493.463227 1803.316450
-8113.736583 -13495.348213 1803.789740
-8114.208626 -13497.233199 1804.263029
-8114.680668 -13499.118185 1804.736319
-8115.152711 -13501.003171 1805.209608
-8115.624754 -13502.888157 1805.682898
-8116.096796 -13504.773144 1806.156187
-8116.568839 -13506.658130 1806.629477
-8117.040882 -13508.543116 1807.102766
-8117.512924 -13510.428102 1807.576056
-8117.984967 -13512.313088 1808.049346
-8118.457010 -13514.198074 1808.522635
-8118.929052 -13516.083060 1808.995925
-8119.401095 -13517.968046 1809.469214
-8119.873138 -13519.853033 1809.942504
-8120.345180 -13521.738019 1810.415793
-8120.817223 -13523.623005 1810.889083
-8121.289266 -13525.507991 1811.362372
-8121.761308 -13527.392977 1811.835662
-8122.233351 -13529.277963 1812.308951
-8122.705394 -13531.162949 1812.782241
-8123.177436 -13533.047936 1813.255531
-8123.649479 -13534.932922 1813.728820
-8124.121522 -13536.817908 1814.202110
-8124.593564 -13538.702894 1814.675399
-8125.065607 -13540.587880 1815.148689
-8125.537650 -13542.472866 1815.621978
-8126.009692 -13544.357852 1816.095268
-8126.481735 -13546.242839 1816.568557
-8126.953778 -13548.127825 1817.041847
-8127.425820 -13550.012811 1817.515136
-8127.897863 -13551.897797 1817.988426
-8128.369906 -13553.782783 1818.461716
-8128.841948 -13555.667769 1818.935005
-8129.313991 -13557.552755 1819.408295
-8129.786034 -13559.437741 1819.881584
-8130.258076 -13561.322728 1820.354874
-8130.730119 -13563.207714 1820.828163
-8131.202161 -13565.092700 1821.301453
-8131.674204 -13566.977686 1821.774742
-8132.146247 -13568.862672 1822.248032
-8132.618289 -13570.747658 1822.721321
-8133.090332 -13572.632644 1823.194611
-8133.562375 -13574.517631 1823.667901
-8134.034417 -13576.402617 1824.141190
-8134.506460 -13578.287603 1824.614480
-8134.978503 -13580.172589 1825.087769
-8135.450545 -13582.057575 1825.561059
-8135.922588 -13583.942561 1826.034348
-8136.394631 -13585.827547 1826.507638
-8136.866673 -13587.712534 1826.980927
-8137.338716 -13589.597520 1827.454217
-8137.810759 -13591.482506 1827.927506
-8138.282801 -13593.367492 1828.400796
-8138.754844 -13595.252478 1828.874086
-8139.226887 -13597.137464 1829.347375
-8139.698929 -13599.022450 1829.820665
-8140.170972 -13600.907436 1830.293954
-8140.643015 -13602.792423 1830.767244
-8141.115057 -13604.677409 1831.240533
-8141.587100 -13606.562395 1831.713823
-8142.059143 -13608.447381 1832.187112
-8142.531185 -13610.332367 1832.660402
-8143.003228 -13612.217353 1833.133691
-8143.475271 -13614.102339 1833.606981
-8143.947313 -13615.987326 1834.080271
-8144.419356 -13617.872312 1834.553560
-8144.891399 -13619.757298 1835.026850
-8145.363441 -13621.642284 1835.500139
-8145.835484 -13623.527270 1835.973429
-8146.307527 -13625.412256 1836.446718
-8146.779569 -13627.297242 1836.920008
-8147.251612 -13629.182228 1837.393297
-8147.723655 -13631.067215 1837.866587
-8148.195697 -13632.952201 1838.339876
-8148.667740 -13634.837187 1838.813166
-8149.139783 -13636.722173 1839.286456
-8149.611825 -13638.607159 1839.759745
-8150.083868 -13640.492145 1840.233035
-8150.555911 -13642.377131 1840.706324
-8151.027953 -13644.262118 1841.179614
-8151.499996 -13646.147104 1841.652903
-8151.972039 -13648.032090 1842.126193
-8152.444081 -13649.917076 1842.599482
-8152.916124 -13651.802062 1843.072772
-8153.388167 -13653.687048 1843.546061
-8153.860209 -13655.572034 1844.019351
-8154.332252 -13657.457021 1844.492641
-8154.804295 -13659.342007 1844.965930
-8155.276337 -13661.226993 1845.439220
-8155.748380 -13663.111979 1845.912509
-8156.220423 -13664.996965 1846.385799
-8156.692465 -13666.881951 1846.859088
-8157.164508 -13668.766937 1847.332378
-8157.636551 -13670.651923 1847.805667
-8158.108593 -13672.536910 1848.278957
-8158.580636 -13674.421896 1848.752246
-8159.052679 -13676.306882 1849.225536
-8159.524721 -13678.191868 1849.698826
-8159.996764 -13680.076854 1850.172115
-8160.468807 -13681.961840 1850.645405
-8160.940849 -13683.846826 1851.118694
-8161.412892 -13685.731813 1851.591984
-8161.884935 -13687.616799 1852.065273
-8162.356977 -13689.501785 1852.538563
-8162.829020 -13691.386771 1853.011852
-8163.301063 -13693.271757 1853.485142
-8163.773105 -13695.156743 1853.958431
-8164.245148 -13697.041729 1854.431721
-8164.717190 -13698.926716 1854.905011
-8165.189233 -13700.811702 1855.378300
-8165.661276 -13702.696688 1855.851590
-8166.133318 -13704.581674 1856.324879
-8166.605361 -13706.466660 1856.798169
-8167.077404 -13708.351646 1857.271458
-8167.549446 -13710.236632 1857.744748
-8168.021489 -13712.121618 1858.218037
-8168.493532 -13714.006605 1858.691327
-8168.965574 -13715.891591 1859.164616
-8169.437617 -13717.776577 1859.637906
-8169.909660 -13719.661563 1860.111196
-8170.381702 -13721.546549 1860.584485
-8170.853745 -13723.431535 1861.057775
-8171.325788 -13725.316521 1861.531064
-8171.797830 -13727.201508 1862.004354
-8172.269873 -13729.086494 1862.477643
-8172.741916 -13730.971480 1862.950933
-8173.213958 -13732.856466 1863.424222
-8173.686001 -13734.741452 1863.897512
-8174.158044 -13736.626438 1864.370801
-8174.630086 -13738.511424 1864.844091
-8175.102129 -13740.396411 1865.317381
-8175.574172 -13742.281397 1865.790670
-8176.046214 -13744.166383 1866.263960
-8176.518257 -13746.051369 1866.737249
-8176.990300 -13747.936355 1867.210539
-8177.462342 -13749.821341 1867.683828
-8177.934385 -13751.706327 1868.157118
-8178.406428 -13753.591313 1868.630407
-8178.878470 -13755.476300 1869.103697
-8179.350513 -13757.361286 1869.576986
-8179.822556 -13759.246272 1870.050276
-8180.294598 -13761.131258 1870.523566
-8180.766641 -13763.016244 1870.996855
-8181.238684 -13764.901230 1871.470145
-8181.710726 -13766.786216 1871.943434
-8182.182769 -13768.671203 1872.416724
-8182.654812 -13770.556189 1872.890013
-8183.126854 -13772.441175 1873.363303
-8183.598897 -13774.326161 1873.836592
-8184.070940 -13776.211147 1874.309882
-8184.542982 -13778.096133 1874.783171
-8185.015025 -13779.981119 1875.256461
-8185.487068 -13781.866105 1875.729751
-8185.959110 -13783.751092 1876.203040
-8186.431153 -13785.636078 1876.676330
-8186.903196 -13787.521064 1877.149619
-8187.375238 -13789.406050 1877.622909
-8187.847281 -13791.291036 1878.096198
-8188.319324 -13793.176022 1878.569488
-8188.791366 -13795.061008 1879.042777
-8189.263409 -13796.945995 1879.516067
-8189.735452 -13798.830981 1879.989356
-8190.207494 -13800.715967 1880.462646
-8190.679537 -13802.600953 1880.935936
-8191.151580 -13804.485939 1881.409225
-8191.623622 -13806.370925 1881.882515
-8192.095665 -13808.255911 1882.355804
-8192.567708 -13810.140898 1882.829094
-8193.039750 -13812.025884 1883.302383
-8193.511793 -13813.910870 1883.775673
-8193.983836 -13815.795856 1884.248962
-8194.455878 -13817.680842 1884.722252
-8194.927921 -13819.565828 1885.195541
-8195.399964 -13821.450814 1885.668831
-8195.872006 -13823.335800 1886.142121
-8196.344049 -13825.220787 1886.615410
-8196.816091 -13827.105773 1887.088700
-8197.288134 -13828.990759 1887.561989
-8197.760177 -13830.875745 1888.035279
-8198.232219 -13832.760731 1888.508568
-8198.704262 -13834.645717 1888.981858
-8199.176305 -13836.530703 1889.455147
-8199.648347 -13838.415690 1889.928437
-8200.120390 -13840.300676 1890.401726
-8200.592433 -13842.185662 1890.875016
-8201.064475 -13844.070648 1891.348306
-8201.536518 -13845.955634 1891.821595
-8202.008561 -13847.840620 1892.294885
-8202.480603 -13849.725606 1892.768174
-8202.952646 -13851.610593 1893.241464
-8203.424689 -13853.495579 1893.714753
-8203.896731 -13855.380565 1894.188043
-8204.368774 -13857.265551 1894.661332
-8204.840817 -13859.150537 1895.134622
-8205.312859 -13861.035523 1895.607911
-8205.784902 -13862.920509 1896.081201
-8206.256945 -13864.805495 1896.554491
-8206.728987 -13866.690482 1897.027780
-8207.201030 -13868.575468 1897.501070
-8207.673073 -13870.460454 1897.974359
-8208.145115 -13872.345440 1898.447649
-8208.617158 -13874.230426 1898.920938
-8209.089201 -13876.115412 1899.394228
-8209.561243 -13878.000398 1899.867517
-8210.033286 -13879.885385 1900.340807
-8210.505329 -13881.770371 1900.814096
-8210.977371 -13883.655357 1901.287386
-8211.449414 -13885.540343 1901.760676
-8211.921457 -13887.425329 1902.233965
-8212.393499 -13889.310315 1902.707255
-8212.865542 -13891.195301 1903.180544
-8213.337585 -13893.080287 1903.653834
-8213.809627 -13894.965274 1904.127123
-8214.281670 -13896.850260 1904.600413
-8214.753713 -13898.735246 1905.073702
-8215.225755 -13900.620232 1905.546992
-8215.697798 -13902.505218 1906.020281
-8216.169841 -13904.390204 1906.493571
-8216.641883 -13906.275190 1906.966861
-8217.113926 -13908.160177 1907.440150
-8217.585969 -13910.045163 1907.913440
-8218.058011 -13911.930149 1908.386729
-8218.530054 -13913.815135 1908.860019
-8219.002097 -13915.700121 1909.333308
-8219.474139 -13917.585107 1909.806598
-8219.946182 -13919.470093 1910.279887
-8220.418225 -13921.355080 1910.753177
-8220.890267 -13923.240066 1911.226466
-8221.362310 -13925.125052 1911.699756
-8221.834353 -13927.010038 1912.173046
-8222.306395 -13928.895024 1912.646335
-8222.778438 -13930.780010 1913.119625
-8223.250481 -13932.664996 1913.592914
-8223.722523 -13934.549982 1914.066204
-8224.194566 -13936.434969 1914.539493
-8224.666609 -13938.319955 1915.012783
-8225.138651 -13940.204941 1915.486072
-8225.610694 -13942.089927 1915.959362
-8226.082737 -13943.974913 1916.432651
-8226.554779 -13945.859899 1916.905941
-8227.026822 -13947.744885 1917.379231
-8227.498865 -13949.629872 1917.852520
-8227.970907 -13951.514858 1918.325810
-8228.442950 -13953.399844 1918.799099
-8228.914993 -13955.284830 1919.272389
-8229.387035 -13957.169816 1919.745678
-8229.859078 -13959.054802 1920.218968
-8230.331120 -13960.939788 1920.692257
-8230.803163 -13962.824775 1921.165547
-8231.275206 -13964.709761 1921.638836
-8231.747248 -13966.594747 1922.112126
-8232.219291 -13968.479733 1922.585416
-8232.691334 -13970.364719 1923.058705
-8233.163376 -13972.249705 1923.531995
-8233.635419 -13974.134691 1924.005284
-8234.107462 -13976.019677 1924.478574
-8234.579504 -13977.904664 1924.951863
-8235.051547 -13979.789650 1925.425153
-8235.523590 -13981.674636 1925.898442
-8235.995632 -13983.559622 1926.371732
-8236.467675 -13985.444608 1926.845021
-8236.939718 -13987.329594 1927.318311
-8237.411760 -13989.214580 1927.791601
-8237.883803 -13991.099567 1928.264890
-8238.355846 -13992.984553 1928.738180
-8238.827888 -13994.869539 1929.211469
-8239.299931 -13996.754525 1929.684759
-8239.771974 -13998.639511 1930.158048
-8240.244016 -14000.524497 1930.631338
-8240.716059 -14002.409483 1931.104627
-8241.188102 -14004.294469 1931.577917
-8241.660144 -14006.179456 1932.051206
-8242.132187 -14008.064442 1932.524496
-8242.604230 -14009.949428 1932.997786
-8243.076272 -14011.834414 1933.471075
-8243.548315 -14013.719400 1933.944365
-8244.020358 -14015.604386 1934.417654
-8244.492400 -14017.489372 1934.890944
-8244.964443 -14019.374359 1935.364233
-8245.436486 -14021.259345 1935.837523
-8245.908528 -14023.144331 1936.310812
-8246.380571 -14025.029317 1936.784102
-8246.852614 -14026.914303 1937.257391
-8247.324656 -14028.799289 1937.730681
-8247.796699 -14030.684275 1938.203971
-8248.268742 -14032.569262 1938.677260
-8248.740784 -14034.454248 1939.150550
-8249.212827 -14036.339234 1939.623839
-8249.684870 -14038.224220 1940.097129
-8250.156912 -14040.109206 1940.570418
-8250.628955 -14041.994192 1941.043708
-8251.100998 -14043.879178 1941.516997
-8251.573040 -14045.764164 1941.990287
-8252.045083 -14047.649151 1942.463576
-8252.517126 -14049.534137 1942.936866
-8252.989168 -14051.419123 1943.410156
-8253.461211 -14053.304109 1943.883445
-8253.933254 -14055.189095 1944.356735
-8254.405296 -14057.074081 1944.830024
-8254.877339 -14058.959067 1945.303314
-8255.349382 -14060.844054 1945.776603
-8255.821424 -14062.729040 1946.249893
-8256.293467 -14064.614026 1946.723182
-8256.765510 -14066.499012 1947.196472
-8257.237552 -14068.383998 1947.669761
-8257.709595 -14070.268984 1948.143051
-8258.181638 -14072.153970 1948.616341
-8258.653680 -14074.038957 1949.089630
-8259.125723 -14075.923943 1949.562920
-8259.597766 -14077.808929 1950.036209
-8260.069808 -14079.693915 1950.509499
-8260.541851 -14081.578901 1950.982788
-8261.013894 -14083.463887 1951.456078
-8261.485936 -14085.348873 1951.929367
-8261.957979 -14087.233859 1952.402657
-8262.430022 -14089.118846 1952.875946
-8262.902064 -14091.003832 1953.349236
-8263.374107 -14092.888818 1953.822526
-8263.846149 -14094.773804 1954.295815
-8264.318192 -14096.658790 1954.769105
-8264.790235 -14098.543776 1955.242394
-8265.262277 -14100.428762 1955.715684
-8265.734320 -14102.313749 1956.188973
-8266.206363 -14104.198735 1956.662263
-8266.678405 -14106.083721 1957.135552
-8267.150448 -14107.968707 1957.608842
-8267.622491 -14109.853693 1958.082131
-8268.094533 -14111.738679 1958.555421
-8268.566576 -14113.623665 1959.028711
-8269.038619 -14115.508651 1959.502000
-8269.510661 -14117.393638 1959.975290
-8269.982704 -14119.278624 1960.448579
-8270.454747 -14121.163610 1960.921869
-8270.926789 -14123.048596 1961.395158
-8271.398832 -14124.933582 1961.868448
-8271.870875 -14126.818568 1962.341737
-8272.342917 -14128.703554 1962.815027
-8272.814960 -14130.588541 1963.288316
-8273.287003 -14132.473527 1963.761606
-8273.759045 -14134.358513 1964.234896
-8274.231088 -14136.243499 1964.708185
-8274.703131 -14138.128485 1965.181475
-8275.175173 -14140.013471 1965.654764
-8275.647216 -14141.898457 1966.128054
-8276.119259 -14143.783444 1966.601343
-8276.591301 -14145.668430 1967.074633
-8277.063344 -14147.553416 1967.547922
-8277.535387 -14149.438402 1968.021212
-8278.007429 -14151.323388 1968.494501
-8278.479472 -14153.208374 1968.967791
-8278.951515 -14155.093360 1969.441081
-8279.423557 -14156.978346 1969.914370
-8279.895600 -14158.863333 1970.387660
-8280.367643 -14160.748319 1970.860949
-8280.839685 -14162.633305 1971.334239
-8281.311728 -14164.518291 1971.807528
-8281.783771 -14166.403277 1972.280818
-8282.255813 -14168.288263 1972.754107
-8282.727856 -14170.173249 1973.227397
-8283.199899 -14172.058236 1973.700686
-8283.671941 -14173.943222 1974.173976
-8284.143984 -14175.828208 1974.647265
-8284.616027 -14177.713194 1975.120555
-8285.088069 -14179.598180 1975.593845
-8285.560112 -14181.483166 1976.067134
-8286.032155 -14183.368152 1976.540424
-8286.504197 -14185.253139 1977.013713
-8286.976240 -14187.138125 1977.487003
-8287.448283 -14189.023111 1977.960292
-8287.920325 -14190.908097 1978.433582
-8288.392368 -14192.793083 1978.906871
-8288.864411 -14194.678069 1979.380161
-8289.336453 -14196.563055 1979.853450
-8289.808496 -14198.448041 1980.326740
-8290.280539 -14200.333028 1980.800030
-8290.752581 -14202.218014 1981.273319
-8291.224624 -14204.103000 1981.746609
-8291.696667 -14205.987986 1982.219898
-8292.168709 -14207.872972 1982.693188
-8292.640752 -14209.757958 1983.166477
-8293.112795 -14211.642944 1983.639767
-8293.584837 -14213.527931 1984.113056
-8294.056880 -14215.412917 1984.586346
-8294.528923 -14217.297903 1985.059635
-8295.000965 -14219.182889 1985.532925
-8295.473008 -14221.067875 1986.006215
-8295.945050 -14222.952861 1986.479504
-8296.417093 -14224.837847 1986.952794
-8296.889136 -14226.722834 1987.426083
-8297.361178 -14228.607820 1987.899373
-8297.833221 -14230.492806 1988.372662
-8298.305264 -14232.377792 1988.845952
-8298.777306 -14234.262778 1989.319241
-8299.249349 -14236.147764 1989.792531
-8299.721392 -14238.032750 1990.265820
-8300.193434 -14239.917736 1990.739110
-8300.665477 -14241.802723 1991.212400
-8301.137520 -14243.687709 1991.685689
-8301.609562 -14245.572695 1992.158979
-8302.081605 -14247.457681 1992.632268
-8302.553648 -14249.342667 1993.105558
-8303.025690 -14251.227653 1993.578847
-8303.497733 -14253.112639 1994.052137
-8303.969776 -14254.997626 1994.525426
-8304.441818 -14256.882612 1994.998716
-8304.913861 -14258.767598 1995.472005
-8305.385904 -14260.652584 1995.945295
-8305.857946 -14262.537570 1996.418585
-8306.329989 -14264.422556 1996.891874
-8306.802032 -14266.307542 1997.365164
-8307.274074 -14268.192528 1997.838453
-8307.746117 -14270.077515 1998.311743
-8308.218160 -14271.962501 1998.785032
-8308.690202 -14273.847487 1999.258322
-8309.162245 -14275.732473 1999.731611
-8309.634288 -14277.617459 2000.204901
-8310.106330 -14279.502445 2000.678190
-8310.578373 -14281.387431 2001.151480
-8311.050416 -14283.272418 2001.624770
-8311.522458 -14285.157404 2002.098059
-8311.994501 -14287.042390 2002.571349
-8312.466544 -14288.927376 2003.044638
-8312.938586 -14290.812362 2003.517928
-8313.410629 -14292.697348 2003.991217
-8313.882672 -14294.582334 2004.464507
-8314.354714 -14296.467321 2004.937796
-8314.826757 -14298.352307 2005.411086
-8315.298800 -14300.237293 2005.884375
-8315.770842 -14302.122279 2006.357665
-8316.242885 -14304.007265 2006.830955
-8316.714928 -14305.892251 2007.304244
-8317.186970 -14307.777237 2007.777534
-8317.659013 -14309.662223 2008.250823
-8318.131056 -14311.547210 2008.724113
-8318.603098 -14313.432196 2009.197402
-8319.075141 -14315.317182 2009.670692
-8319.547184 -14317.202168 2010.143981
-8320.019226 -14319.087154 2010.617271
-8320.491269 -14320.972140 2011.090560
-8320.963312 -14322.857126 2011.563850
-8321.435354 -14324.742113 2012.037140
-8321.907397 -14326.627099 2012.510429
-8322.379440 -14328.512085 2012.983719
-8322.851482 -14330.397071 2013.457008
-8323.323525 -14332.282057 2013.930298
-8323.795568 -14334.167043 2014.403587
-8324.267610 -14336.052029 2014.876877
-8324.739653 -14337.937016 2015.350166
-8325.211696 -14339.822002 2015.823456
-8325.683738 -14341.706988 2016.296745
-8326.155781 -14343.591974 2016.770035
-8326.627824 -14345.476960 2017.243325
-8327.099866 -14347.361946 2017.716614
-8327.571909 -14349.246932 2018.189904
-8328.043952 -14351.131918 2018.663193
-8328.515994 -14353.016905 2019.136483
-8328.988037 -14354.901891 2019.609772
-8329.460079 -14356.786877 2020.083062
-8329.932122 -14358.671863 2020.556351
-8330.404165 -14360.556849 2021.029641
-8330.876207 -14362.441835 2021.502930
-8331.348250 -14364.326821 2021.976220
-8331.820293 -14366.211808 2022.449510
-8332.292335 -14368.096794 2022.922799
-8332.764378 -14369.981780 2023.396089
-8333.236421 -14371.866766 2023.869378
-8333.708463 -14373.751752 2024.342668
-8334.180506 -14375.636738 2024.815957
-8334.652549 -14377.521724 2025.289247
-8335.124591 -14379.406710 2025.762536
-8335.596634 -14381.291697 2026.235826
-8336.068677 -14383.176683 2026.709115
-8336.540719 -14385.061669 2027.182405
-8337.012762 -14386.946655 2027.655695
-8337.484805 -14388.831641 2028.128984
-8337.956847 -14390.716627 2028.602274
-8338.428890 -14392.601613 2029.075563
-8338.900933 -14394.486600 2029.548853
-8339.372975 -14396.371586 2030.022142
-8339.845018 -14398.256572 2030.495432
-8340.317061 -14400.141558 2030.968721
-8340.789103 -14402.026544 2031.442011
-8341.261146 -14403.911530 2031.915300
-8341.733189 -14405.796516 2032.388590
-8342.205231 -14407.681503 2032.861880
-8342.677274 -14409.566489 2033.335169
-8343.149317 -14411.451475 2033.808459
-8343.621359 -14413.336461 2034.281748
-8344.093402 -14415.221447 2034.755038
-8344.565445 -14417.106433 2035.228327
-8345.037487 -14418.991419 2035.701617
-8345.509530 -14420.876405 2036.174906
-8345.981573 -14422.761392 2036.648196
-8346.453615 -14424.646378 2037.121485
-8346.925658 -14426.531364 2037.594775
-8347.397701 -14428.416350 2038.068065
-8347.869743 -14430.301336 2038.541354
-8348.341786 -14432.186322 2039.014644
-8348.813829 -14434.071308 2039.487933
-8349.285871 -14435.956295 2039.961223
-8349.757914 -14437.841281 2040.434512
-8350.229957 -14439.726267 2040.907802
-8350.701999 -14441.611253 2041.381091
-8351.174042 -14443.496239 2041.854381
-8351.646085 -14445.381225 2042.327670
-8352.118127 -14447.266211 2042.800960
-8352.590170 -14449.151198 2043.274250
-8353.062213 -14451.036184 2043.747539
-8353.534255 -14452.921170 2044.220829
-8354.006298 -14454.806156 2044.694118
-8354.478341 -14456.691142 2045.167408
-8354.950383 -14458.576128 2045.640697
-8355.422426 -14460.461114 2046.113987
-8355.894469 -14462.346100 2046.587276
-8356.366511 -14464.231087 2047.060566
-8356.838554 -14466.116073 2047.533855
-8357.310597 -14468.001059 2048.007145
-8357.782639 -14469.886045 2048.480435
-8358.254682 -14471.771031 2048.953724
-8358.726725 -14473.656017 2049.427014
-8359.198767 -14475.541003 2049.900303
-8359.670810 -14477.425990 2050.373593
-8360.142853 -14479.310976 2050.846882
-8360.614895 -14481.195962 2051.320172
-8361.086938 -14483.080948 2051.793461
-8361.558981 -14484.965934 2052.266751
-8362.031023 -14486.850920 2052.740040
-8362.503066 -14488.735906 2053.213330
-8362.975108 -14490.620892 2053.686620
-8363.447151 -14492.505879 2054.159909
-8363.919194 -14494.390865 2054.633199
-8364.391236 -14496.275851 2055.106488
-8364.863279 -14498.160837 2055.579778
-8365.335322 -14500.045823 2056.053067
-8365.807364 -14501.930809 2056.526357
-8366.279407 -14503.815795 2056.999646
-8366.751450 -14505.700782 2057.472936
-8367.223492 -14507.585768 2057.946225
-8367.695535 -14509.470754 2058.419515
-8368.167578 -14511.355740 2058.892805
-8368.639620 -14513.240726 2059.366094
-8369.111663 -14515.125712 2059.839384
-8369.583706 -14517.010698 2060.312673
-8370.055748 -14518.895685 2060.785963
-8370.527791 -14520.780671 2061.259252
-8370.999834 -14522.665657 2061.732542
-8371.471876 -14524.550643 2062.205831
-8371.943919 -14526.435629 2062.679121
-8372.415962 -14528.320615 2063.152410
-8372.888004 -14530.205601 2063.625700
-8373.360047 -14532.090587 2064.098990
-8373.832090 -14533.975574 2064.572279
-8374.304132 -14535.860560 2065.045569
-8374.776175 -14537.745546 2065.518858
-8375.248218 -14539.630532 2065.992148
-8375.720260 -14541.515518 2066.465437
-8376.192303 -14543.400504 2066.938727
-8376.664346 -14545.285490 2067.412016
-8377.136388 -14547.170477 2067.885306
-8377.608431 -14549.055463 2068.358595
-8378.080474 -14550.940449 2068.831885
-8378.552516 -14552.825435 2069.305175
-8379.024559 -14554.710421 2069.778464
-8379.496602 -14556.595407 2070.251754
-8379.968644 -14558.480393 2070.725043
-8380.440687 -14560.365380 2071.198333
-8380.912730 -14562.250366 2071.671622
-8381.384772 -14564.135352 2072.144912
-8381.856815 -14566.020338 2072.618201
-8382.328858 -14567.905324 2073.091491
-8382.800900 -14569.790310 2073.564780
-8383.272943 -14571.675296 2074.038070
-8383.744986 -14573.560282 2074.511360
-8384.217028 -14575.445269 2074.984649
-8384.689071 -14577.330255 2075.457939
-8385.161114 -14579.215241 2075.931228
-8385.633156 -14581.100227 2076.404518
-8386.105199 -14582.985213 2076.877807
-8386.577242 -14584.870199 2077.351097
-8387.049284 -14586.755185 2077.824386
-8387.521327 -14588.640172 2078.297676
-8387.993370 -14590.525158 2078.770965
-8388.465412 -14592.410144 2079.244255
-8388.937455 -14594.295130 2079.717545
-8389.409498 -14596.180116 2080.190834
-8389.881540 -14598.065102 2080.664124
-8390.353583 -14599.950088 2081.137413
-8390.825626 -14601.835074 2081.610703
-8391.297668 -14603.720061 2082.083992
-8391.769711 -14605.605047 2082.557282
-8392.241754 -14607.490033 2083.030571
-8392.713796 -14609.375019 2083.503861
-8393.185839 -14611.260005 2083.977150
-8393.657882 -14613.144991 2084.450440
-8394.129924 -14615.029977 2084.923730
-8394.601967 -14616.914964 2085.397019
-8395.074010 -14618.799950 2085.870309
-8395.546052 -14620.684936 2086.343598
-8396.018095 -14622.569922 2086.816888
-8396.490137 -14624.454908 2087.290177
-8396.962180 -14626.339894 2087.763467
-8397.434223 -14628.224880 2088.236756
-8397.906265 -14630.109867 2088.710046
-8398.378308 -14631.994853 2089.183335
-8398.850351 -14633.879839 2089.656625
-8399.322393 -14635.764825 2090.129915
-8399.794436 -14637.649811 2090.603204
-8400.266479 -14639.534797 2091.076494
-8400.738521 -14641.419783 2091.549783
-8401.210564 -14643.304769 2092.023073
-8401.682607 -14645.189756 2092.496362
-8402.154649 -14647.074742 2092.969652
-8402.626692 -14648.959728 2093.442941
-8403.098735 -14650.844714 2093.916231
-8403.570777 -14652.729700 2094.389520
-8404.042820 -14654.614686 2094.862810
-8404.514863 -14656.499672 2095.336100
-8404.986905 -14658.384659 2095.809389
-8405.458948 -14660.269645 2096.282679
-8405.930991 -14662.154631 2096.755968
-8406.403033 -14664.039617 2097.229258
-8406.875076 -14665.924603 2097.702547
-8407.347119 -14667.809589 2098.175837
-8407.819161 -14669.694575 2098.649126
-8408.291204 -14671.579562 2099.122416
-8408.763247 -14673.464548 2099.595705
-8409.235289 -14675.349534 2100.068995
-8409.707332 -14677.234520 2100.542285
-8410.179375 -14679.119506 2101.015574
-8410.651417 -14681.004492 2101.488864
-8411.123460 -14682.889478 2101.962153
-8411.595503 -14684.774464 2102.435443
-8412.067545 -14686.659451 2102.908732
-8412.539588 -14688.544437 2103.382022
-8413.011631 -14690.429423 2103.855311
-8413.483673 -14692.314409 2104.328601
-8413.955716 -14694.199395 2104.801890
-8414.427759 -14696.084381 2105.275180
-8414.899801 -14697.969367 2105.748470
-8415.371844 -14699.854354 2106.221759
-8415.843887 -14701.739340 2106.695049
-8416.315929 -14703.624326 2107.168338
-8416.787972 -14705.509312 2107.641628
-8417.260015 -14707.394298 2108.114917
-8417.732057 -14709.279284 2108.588207
-8418.204100 -14711.164270 2109.061496
-8418.676143 -14713.049256 2109.534786
-8419.148185 -14714.934243 2110.008075
-8419.620228 -14716.819229 2110.481365
-8420.092271 -14718.704215 2110.954655
-8420.564313 -14720.589201 2111.427944
-8421.036356 -14722.474187 2111.901234
-8421.508399 -14724.359173 2112.374523
-8421.980441 -14726.244159 2112.847813
-8422.452484 -14728.129146 2113.321102
-8422.924527 -14730.014132 2113.794392
-8423.396569 -14731.899118 2114.267681
-8423.868612 -14733.784104 2114.740971
-8424.340655 -14735.669090 2115.214260
-8424.812697 -14737.554076 2115.687550
-8425.284740 -14739.439062 2116.160840
-8425.756783 -14741.324049 2116.634129
-8426.228825 -14743.209035 2117.107419
-8426.700868 -14745.094021 2117.580708
-8427.172911 -14746.979007 2118.053998
-8427.644953 -14748.863993 2118.527287
-8428.116996 -14750.748979 2119.000577
-8428.589038 -14752.633965 2119.473866
-8429.061081 -14754.518951 2119.947156
-8429.533124 -14756.403938 2120.420445
-8430.005166 -14758.288924 2120.893735
-8430.477209 -14760.173910 2121.367025
-8430.949252 -14762.058896 2121.840314
-8431.421294 -14763.943882 2122.313604
-8431.893337 -14765.828868 2122.786893
-8432.365380 -14767.713854 2123.260183
-8432.837422 -14769.598841 2123.733472
-8433.309465 -14771.483827 2124.206762
-8433.781508 -14773.368813 2124.680051
-8434.253550 -14775.253799 2125.153341
-8434.725593 -14777.138785 2125.626630
-8435.197636 -14779.023771 2126.099920
-8435.669678 -14780.908757 2126.573210
-8436.141721 -14782.793744 2127.046499
-8436.613764 -14784.678730 2127.519789
-8437.085806 -14786.563716 2127.993078
-8437.557849 -14788.448702 2128.466368
-8438.029892 -14790.333688 2128.939657
-8438.501934 -14792.218674 2129.412947
-8438.973977 -14794.103660 2129.886236
-8439.446020 -14795.988646 2130.359526
-8439.918062 -14797.873633 2130.832815
-8440.390105 -14799.758619 2131.306105
-8440.862148 -14801.643605 2131.779395
-8441.334190 -14803.528591 2132.252684
-8441.806233 -14805.413577 2132.725974
-8442.278276 -14807.298563 2133.199263
-8442.750318 -14809.183549 2133.672553
-8443.222361 -14811.068536 2134.145842
-8443.694404 -14812.953522 2134.619132
-8444.166446 -14814.838508 2135.092421
-8444.638489 -14816.723494 2135.565711
-8445.110532 -14818.608480 2136.039000
-8445.582574 -14820.493466 2136.512290
-8446.054617 -14822.378452 2136.985580
-8446.526660 -14824.263439 2137.458869
-8446.998702 -14826.148425 2137.932159
-8447.470745 -14828.033411 2138.405448
-8447.942788 -14829.918397 2138.878738
-8448.414830 -14831.803383 2139.352027
-8448.886873 -14833.688369 2139.825317
-8449.358916 -14835.573355 2140.298606
-8449.830958 -14837.458341 2140.771896
-8450.303001 -14839.343328 2141.245185
-8450.775044 -14841.228314 2141.718475
-8451.247086 -14843.113300 2142.191765
-8451.719129 -14844.998286 2142.665054
-8452.191172 -14846.883272 2143.138344
-8452.663214 -14848.768258 2143.611633
-8453.135257 -14850.653244 2144.084923
-8453.607300 -14852.538231 2144.558212
-8454.079342 -14854.423217 2145.031502
-8454.551385 -14856.308203 2145.504791
-8455.023428 -14858.193189 2145.978081
-8455.495470 -14860.078175 2146.451370
-8455.967513 -14861.963161 2146.924660
-8456.439556 -14863.848147 2147.397950
-8456.911598 -14865.733133 2147.871239
-8457.383641 -14867.618120 2148.344529
-8457.855684 -14869.503106 2148.817818
-8458.327726 -14871.388092 2149.291108
-8458.799769 -14873.273078 2149.764397
-8459.271812 -14875.158064 2150.237687
-8459.743854 -14877.043050 2150.710976
-8460.215897 -14878.928036 2151.184266
-8460.687940 -14880.813023 2151.657555
-8461.159982 -14882.698009 2152.130845
-8461.632025 -14884.582995 2152.604135
-8462.104067 -14886.467981 2153.077424
-8462.576110 -14888.352967 2153.550714
-8463.048153 -14890.237953 2154.024003
-8463.520195 -14892.122939 2154.497293
-8463.992238 -14894.007926 2154.970582
-8464.464281 -14895.892912 2155.443872
-8464.936323 -14897.777898 2155.917161
-8465.408366 -14899.662884 2156.390451
-8465.880409 -14901.547870 2156.863740
-8466.352451 -14903.432856 2157.337030
-8466.824494 -14905.317842 2157.810320
-8467.296537 -14907.202828 2158.283609
-8467.768579 -14909.087815 2158.756899
-8468.240622 -14910.972801 2159.230188
-8468.712665 -14912.857787 2159.703478
-8469.184707 -14914.742773 2160.176767
-8469.656750 -14916.627759 2160.650057
-8470.128793 -14918.512745 2161.123346
-8470.600835 -14920.397731 2161.596636
-8471.072878 -14922.282718 2162.069925
-8471.544921 -14924.167704 2162.543215
-8472.016963 -14926.052690 2163.016505
-8472.489006 -14927.937676 2163.489794
-8472.961049 -14929.822662 2163.963084
-8473.433091 -14931.707648 2164.436373
-8473.905134 -14933.592634 2164.909663
-8474.377177 -14935.477621 2165.382952
-8474.849219 -14937.362607 2165.856242
-8475.321262 -14939.247593 2166.329531
-8475.793305 -14941.132579 2166.802821
-8476.265347 -14943.017565 2167.276110
-8476.737390 -14944.902551 2167.749400
-8477.209433 -14946.787537 2168.222690
-8477.681475 -14948.672523 2168.695979
-8478.153518 -14950.557510 2169.169269
-8478.625561 -14952.442496 2169.642558
-8479.097603 -14954.327482 2170.115848
-8479.569646 -14956.212468 2170.589137
-8480.041689 -14958.097454 2171.062427
-8480.513731 -14959.982440 2171.535716
-8480.985774 -14961.867426 2172.009006
-8481.457817 -14963.752413 2172.482295
-8481.929859 -14965.637399 2172.955585
-8482.401902 -14967.522385 2173.428875
-8482.873945 -14969.407371 2173.902164
-8483.345987 -14971.292357 2174.375454
-8483.818030 -14973.177343 2174.848743
-8484.290073 -14975.062329 2175.322033
-8484.762115 -14976.947315 2175.795322
-8485.234158 -14978.832302 2176.268612
-8485.706201 -14980.717288 2176.741901
-8486.178243 -14982.602274 2177.215191
-8486.650286 -14984.487260 2177.688480
-8487.122329 -14986.372246 2178.161770
-8487.594371 -14988.257232 2178.635060
-8488.066414 -14990.142218 2179.108349
-8488.538457 -14992.027205 2179.581639
-8489.010499 -14993.912191 2180.054928
-8489.482542 -14995.797177 2180.528218
-8489.954585 -14997.682163 2181.001507
-8490.426627 -14999.567149 2181.474797
-8490.898670 -15001.452135 2181.948086
-8491.370713 -15003.337121 2182.421376
-8491.842755 -15005.222108 2182.894665
-8492.314798 -15007.107094 2183.367955
-8492.786841 -15008.992080 2183.841245
-8493.258883 -15010.877066 2184.314534
-8493.730926 -15012.762052 2184.787824
-8494.202969 -15014.647038 2185.261113
-8494.675011 -15016.532024 2185.734403
-8495.147054 -15018.417010 2186.207692
-8495.619096 -15020.301997 2186.680982
-8496.091139 -15022.186983 2187.154271
-8496.563182 -15024.071969 2187.627561
-8497.035224 -15025.956955 2188.100850
-8497.507267 -15027.841941 2188.574140
-8497.979310 -15029.726927 2189.047430
-8498.451352 -15031.611913 2189.520719
-8498.923395 -15033.496900 2189.994009
-8499.395438 -15035.381886 2190.467298
-8499.867480 -15037.266872 2190.940588
-8500.339523 -15039.151858 2191.413877
-8500.811566 -15041.036844 2191.887167
-8501.283608 -15042.921830 2192.360456
-8501.755651 -15044.806816 2192.833746
-8502.227694 -15046.691803 2193.307035
-8502.699736 -15048.576789 2193.780325
-8503.171779 -15050.461775 2194.253615
-8503.643822 -15052.346761 2194.726904
-8504.115864 -15054.231747 2195.200194
-8504.587907 -15056.116733 2195.673483
-8505.059950 -15058.001719 2196.146773
-8505.531992 -15059.886705 2196.620062
-8506.004035 -15061.771692 2197.093352
-8506.476078 -15063.656678 2197.566641
-8506.948120 -15065.541664 2198.039931
-8507.420163 -15067.426650 2198.513220
-8507.892206 -15069.311636 2198.986510
-8508.364248 -15071.196622 2199.459800
-8508.836291 -15073.081608 2199.933089
-8509.308334 -15074.966595 2200.406379
-8509.780376 -15076.851581 2200.879668
-8510.252419 -15078.736567 2201.352958
-8510.724462 -15080.621553 2201.826247
-8511.196504 -15082.506539 2202.299537
-8511.668547 -15084.391525 2202.772826
-8512.140590 -15086.276511 2203.246116
-8512.612632 -15088.161497 2203.719405
-8513.084675 -15090.046484 2204.192695
-8513.556718 -15091.931470 2204.665985
-8514.028760 -15093.816456 2205.139274
-8514.500803 -15095.701442 2205.612564
-8514.972846 -15097.586428 2206.085853
-8515.444888 -15099.471414 2206.559143
-8515.916931 -15101.356400 2207.032432
-8516.388974 -15103.241387 2207.505722
-8516.861016 -15105.126373 2207.979011
-8517.333059 -15107.011359 2208.452301
-8517.805102 -15108.896345 2208.925590
-8518.277144 -15110.781331 2209.398880
-8518.749187 -15112.666317 2209.872170
-8519.221230 -15114.551303 2210.345459
-8519.693272 -15116.436290 2210.818749
-8520.165315 -15118.321276 2211.292038
-8520.637358 -15120.206262 2211.765328
-8521.109400 -15122.091248 2212.238617
-8521.581443 -15123.976234 2212.711907
-8522.053486 -15125.861220 2213.185196
-8522.525528 -15127.746206 2213.658486
-8522.997571 -15129.631192 2214.131775
-8523.469614 -15131.516179 2214.605065
-8523.941656 -15133.401165 2215.078355
-8524.413699 -15135.286151 2215.551644
-8524.885742 -15137.171137 2216.024934
-8525.357784 -15139.056123 2216.498223
-8525.829827 -15140.941109 2216.971513
-8526.301870 -15142.826095 2217.444802
-8526.773912 -15144.711082 2217.918092
-8527.245955 -15146.596068 2218.391381
-8527.717997 -15148.481054 2218.864671
-8528.190040 -15150.366040 2219.337960
-8528.662083 -15152.251026 2219.811250
-8529.134125 -15154.136012 2220.284540
-8529.606168 -15156.020998 2220.757829
-8530.078211 -15157.905985 2221.231119
-8530.550253 -15159.790971 2221.704408
-8531.022296 -15161.675957 2222.177698
-8531.494339 -15163.560943 2222.650987
-8531.966381 -15165.445929 2223.124277
-8532.438424 -15167.330915 2223.597566
-8532.910467 -15169.215901 2224.070856
-8533.382509 -15171.100887 2224.544145
-8533.854552 -15172.985874 2225.017435
-8534.326595 -15174.870860 2225.490725
-8534.798637 -15176.755846 2225.964014
-8535.270680 -15178.640832 2226.437304
-8535.742723 -15180.525818 2226.910593
-8536.214765 -15182.410804 2227.383883
-8536.686808 -15184.295790 2227.857172
-8537.158851 -15186.180777 2228.330462
-8537.630893 -15188.065763 2228.803751
-8538.102936 -15189.950749 2229.277041
-8538.574979 -15191.835735 2229.750330
-8539.047021 -15193.720721 2230.223620
-8539.519064 -15195.605707 2230.696910
-8539.991107 -15197.490693 2231.170199
-8540.463149 -15199.375679 2231.643489
-8540.935192 -15201.260666 2232.116778
-8541.407235 -15203.145652 2232.590068
-8541.879277 -15205.030638 2233.063357
-8542.351320 -15206.915624 2233.536647
-8542.823363 -15208.800610 2234.009936
-8543.295405 -15210.685596 2234.483226
-8543.767448 -15212.570582 2234.956515
-8544.239491 -15214.455569 2235.429805
-8544.711533 -15216.340555 2235.903095
-8545.183576 -15218.225541 2236.376384
-8545.655619 -15220.110527 2236.849674
-8546.127661 -15221.995513 2237.322963
-8546.599704 -15223.880499 2237.796253
-8547.071747 -15225.765485 2238.269542
-8547.543789 -15227.650472 2238.742832
-8548.015832 -15229.535458 2239.216121
-8548.487875 -15231.420444 2239.689411
-8548.959917 -15233.305430 2240.162700
-8549.431960 -15235.190416 2240.635990
-8549.904003 -15237.075402 2241.109280
-8550.376045 -15238.960388 2241.582569
-8550.848088 -15240.845374 2242.055859
-8551.320131 -15242.730361 2242.529148
-8551.792173 -15244.615347 2243.002438
-8552.264216 -15246.500333 2243.475727
-8552.736259 -15248.385319 2243.949017
-8553.208301 -15250.270305 2244.422306
-8553.680344 -15252.155291 2244.895596
-8554.152387 -15254.040277 2245.368885
-8554.624429 -15255.925264 2245.842175
-8555.096472 -15257.810250 2246.315465
-8555.568515 -15259.695236 2246.788754
-8556.040557 -15261.580222 2247.262044
-8556.512600 -15263.465208 2247.735333
-8556.984643 -15265.350194 2248.208623
-8557.456685 -15267.235180 2248.681912
-8557.928728 -15269.120167 2249.155202
-8558.400771 -15271.005153 2249.628491
-8558.872813 -15272.890139 2250.101781
-8559.344856 -15274.775125 2250.575070
-8559.816899 -15276.660111 2251.048360
-8560.288941 -15278.545097 2251.521650
-8560.760984 -15280.430083 2251.994939
-8561.233026 -15282.315069 2252.468229
-8561.705069 -15284.200056 2252.941518
-8562.177112 -15286.085042 2253.414808
-8562.649154 -15287.970028 2253.888097
-8563.121197 -15289.855014 2254.361387
-8563.593240 -15291.740000 2254.834676
-8564.065282 -15293.624986 2255.307966
-8564.537325 -15295.509972 2255.781255
-8565.009368 -15297.394959 2256.254545
-8565.481410 -15299.279945 2256.727835
-8565.953453 -15301.164931 2257.201124
-8566.425496 -15303.049917 2257.674414
-8566.897538 -15304.934903 2258.147703
-8567.369581 -15306.819889 2258.620993
-8567.841624 -15308.704875 2259.094282
-8568.313666 -15310.589862 2259.567572
-8568.785709 -15312.474848 2260.040861
-8569.257752 -15314.359834 2260.514151
-8569.729794 -15316.244820 2260.987440
-8570.201837 -15318.129806 2261.460730
-8570.673880 -15320.014792 2261.934020
-8571.145922 -15321.899778 2262.407309
-8571.617965 -15323.784764 2262.880599
-8572.090008 -15325.669751 2263.353888
-8572.562050 -15327.554737 2263.827178
-8573.034093 -15329.439723 2264.300467
-8573.506136 -15331.324709 2264.773757
-8573.978178 -15333.209695 2265.247046
-8574.450221 -15335.094681 2265.720336
-8574.922264 -15336.979667 2266.193625
-8575.394306 -15338.864654 2266.666915
-8575.866349 -15340.749640 2267.140205
-8576.338392 -15342.634626 2267.613494
-8576.810434 -15344.519612 2268.086784
-8577.282477 -15346.404598 2268.560073
-8577.754520 -15348.289584 2269.033363
-8578.226562 -15350.174570 2269.506652
-8578.698605 -15352.059556 2269.979942
-8579.170648 -15353.944543 2270.453231
-8579.642690 -15355.829529 2270.926521
-8580.114733 -15357.714515 2271.399810
-8580.586776 -15359.599501 2271.873100
-8581.058818 -15361.484487 2272.346390
-8581.530861 -15363.369473 2272.819679
-8582.002904 -15365.254459 2273.292969
-8582.474946 -15367.139446 2273.766258
-8582.946989 -15369.024432 2274.239548
-8583.419032 -15370.909418 2274.712837
-8583.891074 -15372.794404 2275.186127
-8584.363117 -15374.679390 2275.659416
-8584.835160 -15376.564376 2276.132706
-8585.307202 -15378.449362 2276.605995
-8585.779245 -15380.334349 2277.079285
-8586.251288 -15382.219335 2277.552575
-8586.723330 -15384.104321 2278.025864
-8587.195373 -15385.989307 2278.499154
-8587.667416 -15387.874293 2278.972443
-8588.139458 -15389.759279 2279.445733
-8588.611501 -15391.644265 2279.919022
-8589.083544 -15393.529251 2280.392312
-8589.555586 -15395.414238 2280.865601
-8590.027629 -15397.299224 2281.338891
-8590.499672 -15399.184210 2281.812180
-8590.971714 -15401.069196 2282.285470
-8591.443757 -15402.954182 2282.758760
-8591.915800 -15404.839168 2283.232049
-8592.387842 -15406.724154 2283.705339
-8592.859885 -15408.609141 2284.178628
-8593.331928 -15410.494127 2284.651918
-8593.803970 -15412.379113 2285.125207
-8594.276013 -15414.264099 2285.598497
-8594.748055 -15416.149085 2286.071786
-8595.220098 -15418.034071 2286.545076
-8595.692141 -15419.919057 2287.018365
-8596.164183 -15421.804044 2287.491655
-8596.636226 -15423.689030 2287.964945
-8597.108269 -15425.574016 2288.438234
-8597.580311 -15427.459002 2288.911524
-8598.052354 -15429.343988 2289.384813
-8598.524397 -15431.228974 2289.858103
-8598.996439 -15433.113960 2290.331392
-8599.468482 -15434.998946 2290.804682
-8599.940525 -15436.883933 2291.277971
-8600.412567 -15438.768919 2291.751261
-8600.884610 -15440.653905 2292.224550
-8601.356653 -15442.538891 2292.697840
-8601.828695 -15444.423877 2293.171130
-8602.300738 -15446.308863 2293.644419
-8602.772781 -15448.193849 2294.117709
-8603.244823 -15450.078836 2294.590998
-8603.716866 -15451.963822 2295.064288
-8604.188909 -15453.848808 2295.537577
-8604.660951 -15455.733794 2296.010867
-8605.132994 -15457.618780 2296.484156
-8605.605037 -15459.503766 2296.957446
-8606.077079 -15461.388752 2297.430735
-8606.549122 -15463.273738 2297.904025
-8607.021165 -15465.158725 2298.377315
-8607.493207 -15467.043711 2298.850604
-8607.965250 -15468.928697 2299.323894
-8608.437293 -15470.813683 2299.797183
-8608.909335 -15472.698669 2300.270473
-8609.381378 -15474.583655 2300.743762
-8609.853421 -15476.468641 2301.217052
-8610.325463 -15478.353628 2301.690341
-8610.797506 -15480.238614 2302.163631
-8611.269549 -15482.123600 2302.636920
-8611.741591 -15484.008586 2303.110210
-8612.213634 -15485.893572 2303.583500
-8612.685677 -15487.778558 2304.056789
-8613.157719 -15489.663544 2304.530079
-8613.629762 -15491.548531 2305.003368
-8614.101805 -15493.433517 2305.476658
-8614.573847 -15495.318503 2305.949947
-8615.045890 -15497.203489 2306.423237
-8615.517933 -15499.088475 2306.896526
-8615.989975 -15500.973461 2307.369816
-8616.462018 -15502.858447 2307.843105
-8616.934061 -15504.743433 2308.316395
-8617.406103 -15506.628420 2308.789685
-8618.000000 -15509.000000 2309.385150
-8620.000000 -15509.000000 2309.385150
-8622.000000 -15509.000000 2309.385150
-8624.000000 -15509.000000 2309.385150
-8626.000000 -15509.000000 2309.385150
-8628.000000 -15509.000000 2309.385150
-8630.000000 -15509.000000 2309.385150
-8632.000000 -15509.000000 2309.385150
-8634.000000 -15509.000000 2309.385150
-8636.000000 -15509.000000 2309.385150
-8638.000000 -15509.000000 2309.385150
-8640.000000 -15509.000000 2309.385150
-8642.000000 -15509.000000 2309.385150
-8644.000000 -15509.000000 2309.385150
-8646.000000 -15509.000000 2309.385150
-8648.000000 -15509.000000 2309.385150
-8650.000000 -15509.000000 2309.385150
-8652.000000 -15509.000000 2309.385150
-8654.000000 -15509.000000 2309.385150
-8656.000000 -15509.000000 2309.385150
-8658.000000 -15509.000000 2309.385150
-8660.000000 -15509.000000 2309.385150
-8662.000000 -15509.000000 2309.385150
-8664.000000 -15509.000000 2309.385150
-8666.000000 -15509.000000 2309.385150
-8668.000000 -15509.000000 2309.385150
-8670.000000 -15509.000000 2309.385150
-8672.000000 -15509.000000 2309.385150
-8674.000000 -15509.000000 2309.385150
-8676.000000 -15509.000000 2309.385150
-8678.000000 -15509.000000 2309.385150
-8680.000000 -15509.000000 2309.385150
-8682.000000 -15509.000000 2309.385150
-8684.000000 -15509.000000 2309.385150
-8686.000000 -15509.000000 2309.385150
-8688.000000 -15509.000000 2309.385150
-8690.000000 -15509.000000 2309.385150
-8692.000000 -15509.000000 2309.385150
-8694.000000 -15509.000000 2309.385150
-8696.000000 -15509.000000 2309.385150
-8698.000000 -15509.000000 2309.385150
-8700.000000 -15509.000000 2309.385150
-8702.000000 -15509.000000 2309.385150
-8704.000000 -15509.000000 2309.385150
-8706.000000 -15509.000000 2309.385150
-8708.000000 -15509.000000 2309.385150
-8710.000000 -15509.000000 2309.385150
-8712.000000 -15509.000000 2309.385150
-8714.000000 -15509.000000 2309.385150
-8716.000000 -15509.000000 2309.385150
-8718.000000 -15509.000000 2309.385150
-8720.000000 -15509.000000 2309.385150
-8722.000000 -15509.000000 2309.385150
-8724.000000 -15509.000000 2309.385150
-8726.000000 -15509.000000 2309.385150
-8728.000000 -15509.000000 2309.385150
-8730.000000 -15509.000000 2309.385150
-8732.000000 -15509.000000 2309.385150
-8734.000000 -15509.000000 2309.385150
-8736.000000 -15509.000000 2309.385150
-8738.000000 -15509.000000 2309.385150
-8740.000000 -15509.000000 2309.385150
-8742.000000 -15509.000000 2309.385150
-8744.000000 -15509.000000 2309.385150
-8746.000000 -15509.000000 2309.385150
-8748.000000 -15509.000000 2309.385150
-8750.000000 -15509.000000 2309.385150
-8752.000000 -15509.000000 2309.385150
-8754.000000 -15509.000000 2309.385150
-8756.000000 -15509.000000 2309.385150
-8758.000000 -15509.000000 2309.385150
-8760.000000 -15509.000000 2309.385150
-8762.000000 -15509.000000 2309.385150
-8764.000000 -15509.000000 2309.385150
-8766.000000 -15509.000000 2309.385150
-8768.000000 -15509.000000 2309.385150
-8770.000000 -15509.000000 2309.385150
-8772.000000 -15509.000000 2309.385150
-8774.000000 -15509.000000 2309.385150
-8776.000000 -15509.000000 2309.385150
-8778.000000 -15509.000000 2309.385150
-8780.000000 -15509.000000 2309.385150
-8782.000000 -15509.000000 2309.385150
-8784.000000 -15509.000000 2309.385150
-8786.000000 -15509.000000 2309.385150
-8788.000000 -15509.000000 2309.385150
-8790.000000 -15509.000000 2309.385150
-8792.000000 -15509.000000 2309.385150
-8794.000000 -15509.000000 2309.385150
-8796.000000 -15509.000000 2309.385150
-8798.000000 -15509.000000 2309.385150
-8800.000000 -15509.000000 2309.385150
-8802.000000 -15509.000000 2309.385150
-8804.000000 -15509.000000 2309.385150
-8806.000000 -15509.000000 2309.385150
-8808.000000 -15509.000000 2309.385150
-8810.000000 -15509.000000 2309.385150
-8812.000000 -15509.000000 2309.385150
-8814.000000 -15509.000000 2309.385150
-8816.000000 -15509.000000 2309.385150
-8818.000000 -15509.000000 2309.385150
-8820.000000 -15509.000000 2309.385150
-8822.000000 -15509.000000 2309.385150
-8824.000000 -15509.000000 2309.385150
-8826.000000 -15509.000000 2309.385150
-8828.000000 -15509.000000 2309.385150
-8830.000000 -15509.000000 2309.385150
-8832.000000 -15509.000000 2309.385150
-8834.000000 -15509.000000 2309.385150
-8836.000000 -15509.000000 2309.385150
-8838.000000 -15509.000000 2309.385150
-8840.000000 -15509.000000 2309.385150
-8842.000000 -15509.000000 2309.385150
-8844.000000 -15509.000000 2309.385150
-8846.000000 -15509.000000 2309.385150
-8848.000000 -15509.000000 2309.385150
-8850.000000 -15509.000000 2309.385150
-8852.000000 -15509.000000 2309.385150
-8854.000000 -15509.000000 2309.385150
-8856.000000 -15509.000000 2309.385150
-8858.000000 -15509.000000 2309.385150
-8860.000000 -15509.000000 2309.385150
-8862.000000 -15509.000000 2309.385150
-8864.000000 -15509.000000 2309.385150
-8866.000000 -15509.000000 2309.385150
-8868.000000 -15509.000000 2309.385150
-8870.000000 -15509.000000 2309.385150
-8872.000000 -15509.000000 2309.385150
-8874.000000 -15509.000000 2309.385150
-8876.000000 -15509.000000 2309.385150
-8878.000000 -15509.000000 2309.385150
-8880.000000 -15509.000000 2309.385150
-8882.000000 -15509.000000 2309.385150
-8884.000000 -15509.000000 2309.385150
-8886.000000 -15509.000000 2309.385150
-8888.000000 -15509.000000 2309.385150
-8890.000000 -15509.000000 2309.385150
-8892.000000 -15509.000000 2309.385150
-8894.000000 -15509.000000 2309.385150
-8896.000000 -15509.000000 2309.385150
-8898.000000 -15509.000000 2309.385150
-8900.000000 -15509.000000 2309.385150
-8902.000000 -15509.000000 2309.385150
-8904.000000 -15509.000000 2309.385150
-8906.000000 -15509.000000 2309.385150
-8908.000000 -15509.000000 2309.385150
-8910.000000 -15509.000000 2309.385150
-8912.000000 -15509.000000 2309.385150
-8914.000000 -15509.000000 2309.385150
-8916.000000 -15509.000000 2309.385150
-8918.000000 -15509.000000 2309.385150
-8920.000000 -15509.000000 2309.385150
-8922.000000 -15509.000000 2309.385150
-8924.000000 -15509.000000 2309.385150
-8926.000000 -15509.000000 2309.385150
-8928.000000 -15509.000000 2309.385150
-8930.000000 -15509.000000 2309.385150
-8932.000000 -15509.000000 2309.385150
-8934.000000 -15509.000000 2309.385150
-8936.000000 -15509.000000 2309.385150
-8938.000000 -15509.000000 2309.385150
-8940.000000 -15509.000000 2309.385150
-8942.000000 -15509.000000 2309.385150
-8944.000000 -15509.000000 2309.385150
-8946.000000 -15509.000000 2309.385150
-8948.000000 -15509.000000 2309.385150
-8950.000000 -15509.000000 2309.385150
-8952.000000 -15509.000000 2309.385150
-8954.000000 -15509.000000 2309.385150
-8956.000000 -15509.000000 2309.385150
-8958.000000 -15509.000000 2309.385150
-8960.000000 -15509.000000 2309.385150
-8962.000000 -15509.000000 2309.385150
-8964.000000 -15509.000000 2309.385150
-8966.000000 -15509.000000 2309.385150
-8968.000000 -15509.000000 2309.385150
-8970.000000 -15509.000000 2309.385150
-8972.000000 -15509.000000 2309.385150
-8974.000000 -15509.000000 2309.385150
-8976.000000 -15509.000000 2309.385150
-8978.000000 -15509.000000 2309.385150
-8980.000000 -15509.000000 2309.385150
-8982.000000 -15509.000000 2309.385150
-8984.000000 -15509.000000 2309.385150
-8986.000000 -15509.000000 2309.385150
-8988.000000 -15509.000000 2309.385150
-8990.000000 -15509.000000 2309.385150
-8992.000000 -15509.000000 2309.385150
-8994.000000 -15509.000000 2309.385150
-8996.000000 -15509.000000 2309.385150
-8998.000000 -15509.000000 2309.385150
-9000.000000 -15509.000000 2309.385150
-9002.000000 -15509.000000 2309.385150
-9004.000000 -15509.000000 2309.385150
-9006.000000 -15509.000000 2309.385150
-9008.000000 -15509.000000 2309.385150
-9010.000000 -15509.000000 2309.385150
-9012.000000 -15509.000000 2309.385150
-9014.000000 -15509.000000 2309.385150
-9016.000000 -15509.000000 2309.385150
-9018.000000 -15509.000000 2309.385150
-9020.000000 -15509.000000 2309.385150
-9022.000000 -15509.000000 2309.385150
-9024.000000 -15509.000000 2309.385150
-9026.000000 -15509.000000 2309.385150
-9028.000000 -15509.000000 2309.385150
-9030.000000 -15509.000000 2309.385150
-9032.000000 -15509.000000 2309.385150
-9034.000000 -15509.000000 2309.385150
-9036.000000 -15509.000000 2309.385150
-9038.000000 -15509.000000 2309.385150
-9040.000000 -15509.000000 2309.385150
-9042.000000 -15509.000000 2309.385150
-9044.000000 -15509.000000 2309.385150
-9046.000000 -15509.000000 2309.385150
-9048.000000 -15509.000000 2309.385150
-9050.000000 -15509.000000 2309.385150
-9052.000000 -15509.000000 2309.385150
-9054.000000 -15509.000000 2309.385150
-9056.000000 -15509.000000 2309.385150
-9058.000000 -15509.000000 2309.385150
-9060.000000 -15509.000000 2309.385150
-9062.000000 -15509.000000 2309.385150
-9064.000000 -15509.000000 2309.385150
-9066.000000 -15509.000000 2309.385150
-9068.000000 -15509.000000 2309.385150
-9070.000000 -15509.000000 2309.385150
-9072.000000 -15509.000000 2309.385150
-9074.000000 -15509.000000 2309.385150
-9076.000000 -15509.000000 2309.385150
-9078.000000 -15509.000000 2309.385150
-9080.000000 -15509.000000 2309.385150
-9082.000000 -15509.000000 2309.385150
-9084.000000 -15509.000000 2309.385150
-9086.000000 -15509.000000 2309.385150
-9088.000000 -15509.000000 2309.385150
-9090.000000 -15509.000000 2309.385150
-9092.000000 -15509.000000 2309.385150
-9094.000000 -15509.000000 2309.385150
-9096.000000 -15509.000000 2309.385150
-9098.000000 -15509.000000 2309.385150
-9100.000000 -15509.000000 2309.385150
-9102.000000 -15509.000000 2309.385150
-9104.000000 -15509.000000 2309.385150
-9106.000000 -15509.000000 2309.385150
-9108.000000 -15509.000000 2309.385150
-9110.000000 -15509.000000 2309.385150
-9112.000000 -15509.000000 2309.385150
-9114.000000 -15509.000000 2309.385150
-9116.000000 -15509.000000 2309.385150
-9118.000000 -15509.000000 2309.385150
-9120.000000 -15509.000000 2309.385150
-9122.000000 -15509.000000 2309.385150
-9124.000000 -15509.000000 2309.385150
-9126.000000 -15509.000000 2309.385150
-9128.000000 -15509.000000 2309.385150
-9130.000000 -15509.000000 2309.385150
-9132.000000 -15509.000000 2309.385150
-9134.000000 -15509.000000 2309.385150
-9136.000000 -15509.000000 2309.385150
-9138.000000 -15509.000000 2309.385150
-9140.000000 -15509.000000 2309.385150
-9142.000000 -15509.000000 2309.385150
-9144.000000 -15509.000000 2309.385150
-9146.000000 -15509.000000 2309.385150
-9148.000000 -15509.000000 2309.385150
-9150.000000 -15509.000000 2309.385150
-9152.000000 -15509.000000 2309.385150
-9154.000000 -15509.000000 2309.385150
-9156.000000 -15509.000000 2309.385150
-9158.000000 -15509.000000 2309.385150
-9160.000000 -15509.000000 2309.385150
-9162.000000 -15509.000000 2309.385150
-9164.000000 -15509.000000 2309.385150
-9166.000000 -15509.000000 2309.385150
-9168.000000 -15509.000000 2309.385150
-9170.000000 -15509.000000 2309.385150
-9172.000000 -15509.000000 2309.385150
-9174.000000 -15509.000000 2309.385150
-9176.000000 -15509.000000 2309.385150
-9178.000000 -15509.000000 2309.385150
-9180.000000 -15509.000000 2309.385150
-9182.000000 -15509.000000 2309.385150
-9184.000000 -15509.000000 2309.385150
-9186.000000 -15509.000000 2309.385150
-9188.000000 -15509.000000 2309.385150
-9190.000000 -15509.000000 2309.385150
-9192.000000 -15509.000000 2309.385150
-9194.000000 -15509.000000 2309.385150
-9196.000000 -15509.000000 2309.385150
-9198.000000 -15509.000000 2309.385150
-9200.000000 -15509.000000 2309.385150
-9202.000000 -15509.000000 2309.385150
-9204.000000 -15509.000000 2309.385150
-9206.000000 -15509.000000 2309.385150
-9208.000000 -15509.000000 2309.385150
-9210.000000 -15509.000000 2309.385150
-9212.000000 -15509.000000 2309.385150
-9214.000000 -15509.000000 2309.385150
-9216.000000 -15509.000000 2309.385150
-9218.000000 -15509.000000 2309.385150
-9220.000000 -15509.000000 2309.385150
-9222.000000 -15509.000000 2309.385150
-9224.000000 -15509.000000 2309.385150
-9226.000000 -15509.000000 2309.385150
-9228.000000 -15509.000000 2309.385150
-9230.000000 -15509.000000 2309.385150
-9232.000000 -15509.000000 2309.385150
-9234.000000 -15509.000000 2309.385150
-9236.000000 -15509.000000 2309.385150
-9238.000000 -15509.000000 2309.385150
-9240.000000 -15509.000000 2309.385150
-9242.000000 -15509.000000 2309.385150
-9244.000000 -15509.000000 2309.385150
-9246.000000 -15509.000000 2309.385150
-9248.000000 -15509.000000 2309.385150
-9250.000000 -15509.000000 2309.385150
-9252.000000 -15509.000000 2309.385150
-9254.000000 -15509.000000 2309.385150
-9256.000000 -15509.000000 2309.385150
-9258.000000 -15509.000000 2309.385150
-9260.000000 -15509.000000 2309.385150
-9262.000000 -15509.000000 2309.385150
-9264.000000 -15509.000000 2309.385150
-9266.000000 -15509.000000 2309.385150
-9268.000000 -15509.000000 2309.385150
-9270.000000 -15509.000000 2309.385150
-9272.000000 -15509.000000 2309.385150
-9274.000000 -15509.000000 2309.385150
-9276.000000 -15509.000000 2309.385150
-9278.000000 -15509.000000 2309.385150
-9280.000000 -15509.000000 2309.385150
-9282.000000 -15509.000000 2309.385150
-9284.000000 -15509.000000 2309.385150
-9286.000000 -15509.000000 2309.385150
-9288.000000 -15509.000000 2309.385150
-9290.000000 -15509.000000 2309.385150
-9292.000000 -15509.000000 2309.385150
-9294.000000 -15509.000000 2309.385150
-9296.000000 -15509.000000 2309.385150
-9298.000000 -15509.000000 2309.385150
-9300.000000 -15509.000000 2309.385150
-9302.000000 -15509.000000 2309.385150
-9304.000000 -15509.000000 2309.385150
-9306.000000 -15509.000000 2309.385150
-9308.000000 -15509.000000 2309.385150
-9310.000000 -15509.000000 2309.385150
-9312.000000 -15509.000000 2309.385150
-9314.000000 -15509.000000 2309.385150
-9316.000000 -15509.000000 2309.385150
-9318.000000 -15509.000000 2309.385150
-9320.000000 -15509.000000 2309.385150
-9322.000000 -15509.000000 2309.385150
-9324.000000 -15509.000000 2309.385150
-9326.000000 -15509.000000 2309.385150
-9328.000000 -15509.000000 2309.385150
-9330.000000 -15509.000000 2309.385150
-9332.000000 -15509.000000 2309.385150
-9334.000000 -15509.000000 2309.385150
-9336.000000 -15509.000000 2309.385150
-9338.000000 -15509.000000 2309.385150
-9340.000000 -15509.000000 2309.385150
-9342.000000 -15509.000000 2309.385150
-9344.000000 -15509.000000 2309.385150
-9346.000000 -15509.000000 2309.385150
-9348.000000 -15509.000000 2309.385150
-9350.000000 -15509.000000 2309.385150
-9352.000000 -15509.000000 2309.385150
-9354.000000 -15509.000000 2309.385150
-9356.000000 -15509.000000 2309.385150
-9358.000000 -15509.000000 2309.385150
-9360.000000 -15509.000000 2309.385150
-9362.000000 -15509.000000 2309.385150
-9364.000000 -15509.000000 2309.385150
-9366.000000 -15509.000000 2309.385150
-9368.000000 -15509.000000 2309.385150
-9370.000000 -15509.000000 2309.385150
-9372.000000 -15509.000000 2309.385150
-9374.000000 -15509.000000 2309.385150
-9376.000000 -15509.000000 2309.385150
-9378.000000 -15509.000000 2309.385150
-9380.000000 -15509.000000 2309.385150
-9382.000000 -15509.000000 2309.385150
-9384.000000 -15509.000000 2309.385150
-9386.000000 -15509.000000 2309.385150
-9388.000000 -15509.000000 2309.385150
-9390.000000 -15509.000000 2309.385150
-9392.000000 -15509.000000 2309.385150
-9394.000000 -15509.000000 2309.385150
-9396.000000 -15509.000000 2309.385150
-9398.000000 -15509.000000 2309.385150
-9400.000000 -15509.000000 2309.385150
-9402.000000 -15509.000000 2309.385150
-9404.000000 -15509.000000 2309.385150
-9406.000000 -15509.000000 2309.385150
-9408.000000 -15509.000000 2309.385150
-9410.000000 -15509.000000 2309.385150
-9412.000000 -15509.000000 2309.385150
-9414.000000 -15509.000000 2309.385150
-9416.000000 -15509.000000 2309.385150
-9418.000000 -15509.000000 2309.385150
-9420.000000 -15509.000000 2309.385150
-9422.000000 -15509.000000 2309.385150
-9424.000000 -15509.000000 2309.385150
-9426.000000 -15509.000000 2309.385150
-9428.000000 -15509.000000 2309.385150
-9430.000000 -15509.000000 2309.385150
-9432.000000 -15509.000000 2309.385150
-9434.000000 -15509.000000 2309.385150
-9436.000000 -15509.000000 2309.385150
-9438.000000 -15509.000000 2309.385150
-9440.000000 -15509.000000 2309.385150
-9442.000000 -15509.000000 2309.385150
-9444.000000 -15509.000000 2309.385150
-9446.000000 -15509.000000 2309.385150
-9448.000000 -15509.000000 2309.385150
-9450.000000 -15509.000000 2309.385150
-9452.000000 -15509.000000 2309.385150
-9454.000000 -15509.000000 2309.385150
-9456.000000 -15509.000000 2309.385150
-9458.000000 -15509.000000 2309.385150
-9460.000000 -15509.000000 2309.385150
-9462.000000 -15509.000000 2309.385150
-9464.000000 -15509.000000 2309.385150
-9466.000000 -15509.000000 2309.385150
-9468.000000 -15509.000000 2309.385150
-9470.000000 -15509.000000 2309.385150
-9472.000000 -15509.000000 2309.385150
-9474.000000 -15509.000000 2309.385150
-9476.000000 -15509.000000 2309.385150
-9478.000000 -15509.000000 2309.385150
-9480.000000 -15509.000000 2309.385150
-9482.000000 -15509.000000 2309.385150
-9484.000000 -15509.000000 2309.385150
-9486.000000 -15509.000000 2309.385150
-9488.000000 -15509.000000 2309.385150
-9490.000000 -15509.000000 2309.385150
-9492.000000 -15509.000000 2309.385150
-9494.000000 -15509.000000 2309.385150
-9496.000000 -15509.000000 2309.385150
-9498.000000 -15509.000000 2309.385150
-9500.000000 -15509.000000 2309.385150
-9502.000000 -15509.000000 2309.385150
-9504.000000 -15509.000000 2309.385150
-9506.000000 -15509.000000 2309.385150
-9508.000000 -15509.000000 2309.385150
-9510.000000 -15509.000000 2309.385150
-9512.000000 -15509.000000 2309.385150
-9514.000000 -15509.000000 2309.385150
-9516.000000 -15509.000000 2309.385150
-9518.000000 -15509.000000 2309.385150
-9520.000000 -15509.000000 2309.385150
-9522.000000 -15509.000000 2309.385150
-9524.000000 -15509.000000 2309.385150
-9526.000000 -15509.000000 2309.385150
-9528.000000 -15509.000000 2309.385150
-9530.000000 -15509.000000 2309.385150
-9532.000000 -15509.000000 2309.385150
-9534.000000 -15509.000000 2309.385150
-9536.000000 -15509.000000 2309.385150
-9538.000000 -15509.000000 2309.385150
-9540.000000 -15509.000000 2309.385150
-9542.000000 -15509.000000 2309.385150
-9544.000000 -15509.000000 2309.385150
-9546.000000 -15509.000000 2309.385150
-9548.000000 -15509.000000 2309.385150
-9550.000000 -15509.000000 2309.385150
-9552.000000 -15509.000000 2309.385150
-9554.000000 -15509.000000 2309.385150
-9556.000000 -15509.000000 2309.385150
-9558.000000 -15509.000000 2309.385150
-9560.000000 -15509.000000 2309.385150
-9562.000000 -15509.000000 2309.385150
-9564.000000 -15509.000000 2309.385150
-9566.000000 -15509.000000 2309.385150
-9568.000000 -15509.000000 2309.385150
-9570.000000 -15509.000000 2309.385150
-9572.000000 -15509.000000 2309.385150
-9574.000000 -15509.000000 2309.385150
-9576.000000 -15509.000000 2309.385150
-9578.000000 -15509.000000 2309.385150
-9580.000000 -15509.000000 2309.385150
-9582.000000 -15509.000000 2309.385150
-9584.000000 -15509.000000 2309.385150
-9586.000000 -15509.000000 2309.385150
-9588.000000 -15509.000000 2309.385150
-9590.000000 -15509.000000 2309.385150
-9592.000000 -15509.000000 2309.385150
-9594.000000 -15509.000000 2309.385150
-9596.000000 -15509.000000 2309.385150
-9598.000000 -15509.000000 2309.385150
-9600.000000 -15509.000000 2309.385150
-9602.000000 -15509.000000 2309.385150
-9604.000000 -15509.000000 2309.385150
-9606.000000 -15509.000000 2309.385150
-9608.000000 -15509.000000 2309.385150
-9610.000000 -15509.000000 2309.385150
-9612.000000 -15509.000000 2309.385150
-9614.000000 -15509.000000 2309.385150
-9616.000000 -15509.000000 2309.385150
-9618.000000 -15509.000000 2309.385150
-9620.000000 -15509.000000 2309.385150
-9622.000000 -15509.000000 2309.385150
-9624.000000 -15509.000000 2309.385150
-9626.000000 -15509.000000 2309.385150
-9628.000000 -15509.000000 2309.385150
-9630.000000 -15509.000000 2309.385150
-9632.000000 -15509.000000 2309.385150
-9634.000000 -15509.000000 2309.385150
-9636.000000 -15509.000000 2309.385150
-9638.000000 -15509.000000 2309.385150
-9640.000000 -15509.000000 2309.385150
-9642.000000 -15509.000000 2309.385150
-9644.000000 -15509.000000 2309.385150
-9646.000000 -15509.000000 2309.385150
-9648.000000 -15509.000000 2309.385150
-9650.000000 -15509.000000 2309.385150
-9652.000000 -15509.000000 2309.385150
-9654.000000 -15509.000000 2309.385150
-9656.000000 -15509.000000 2309.385150
-9658.000000 -15509.000000 2309.385150
-9660.000000 -15509.000000 2309.385150
-9662.000000 -15509.000000 2309.385150
-9664.000000 -15509.000000 2309.385150
-9666.000000 -15509.000000 2309.385150
-9668.000000 -15509.000000 2309.385150
-9670.000000 -15509.000000 2309.385150
-9672.000000 -15509.000000 2309.385150
-9674.000000 -15509.000000 2309.385150
-9678.000000 -15509.000000 2309.385150
-9679.691739 -15509.000000 2308.318371
-9681.383479 -15509.000000 2307.251591
-9683.075218 -15509.000000 2306.184812
-9684.766957 -15509.000000 2305.118033
-9686.458696 -15509.000000 2304.051253
-9688.150436 -15509.000000 2302.984474
-9689.842175 -15509.000000 2301.917694
-9691.533914 -15509.000000 2300.850915
-9693.225654 -15509.000000 2299.784136
-9694.917393 -15509.000000 2298.717356
-9696.609132 -15509.000000 2297.650577
-9698.300871 -15509.000000 2296.583798
-9699.992611 -15509.000000 2295.517018
-9701.684350 -15509.000000 2294.450239
-9703.376089 -15509.000000 2293.383460
-9705.067828 -15509.000000 2292.316680
-9706.759568 -15509.000000 2291.249901
-9708.451307 -15509.000000 2290.183121
-9710.143046 -15509.000000 2289.116342
-9711.834786 -15509.000000 2288.049563
-9713.526525 -15509.000000 2286.982783
-9715.218264 -15509.000000 2285.916004
-9716.910003 -15509.000000 2284.849225
-9718.601743 -15509.000000 2283.782445
-9720.293482 -15509.000000 2282.715666
-9721.985221 -15509.000000 2281.648887
-9723.676961 -15509.000000 2280.582107
-9725.368700 -15509.000000 2279.515328
-9727.060439 -15509.000000 2278.448548
-9728.752178 -15509.000000 2277.381769
-9730.443918 -15509.000000 2276.314990
-9732.135657 -15509.000000 2275.248210
-9733.827396 -15509.000000 2274.181431
-9735.519135 -15509.000000 2273.114652
-9737.210875 -15509.000000 2272.047872
-9738.902614 -15509.000000 2270.981093
-9740.594353 -15509.000000 2269.914314
-9742.286093 -15509.000000 2268.847534
-9743.977832 -15509.000000 2267.780755
-9745.669571 -15509.000000 2266.713975
-9747.361310 -15509.000000 2265.647196
-9749.053050 -15509.000000 2264.580417
-9750.744789 -15509.000000 2263.513637
-9752.436528 -15509.000000 2262.446858
-9754.128268 -15509.000000 2261.380079
-9755.820007 -15509.000000 2260.313299
-9757.511746 -15509.000000 2259.246520
-9759.203485 -15509.000000 2258.179740
-9760.895225 -15509.000000 2257.112961
-9762.586964 -15509.000000 2256.046182
-9764.278703 -15509.000000 2254.979402
-9765.970442 -15509.000000 2253.912623
-9767.662182 -15509.000000 2252.845844
-9769.353921 -15509.000000 2251.779064
-9771.045660 -15509.000000 2250.712285
-9772.737400 -15509.000000 2249.645506
-9774.429139 -15509.000000 2248.578726
-9776.120878 -15509.000000 2247.511947
-9777.812617 -15509.000000 2246.445167
-9779.504357 -15509.000000 2245.378388
-9781.196096 -15509.000000 2244.311609
-9782.887835 -15509.000000 2243.244829
-9784.579575 -15509.000000 2242.178050
-9786.271314 -15509.000000 2241.111271
-9787.963053 -15509.000000 2240.044491
-9789.654792 -15509.000000 2238.977712
-9791.346532 -15509.000000 2237.910933
-9793.038271 -15509.000000 2236.844153
-9794.730010 -15509.000000 2235.777374
-9796.421750 -15509.000000 2234.710594
-9798.113489 -15509.000000 2233.643815
-9799.805228 -15509.000000 2232.577036
-9801.496967 -15509.000000 2231.510256
-9803.188707 -15509.000000 2230.443477
-9804.880446 -15509.000000 2229.376698
-9806.572185 -15509.000000 2228.309918
-9808.263924 -15509.000000 2227.243139
-9809.955664 -15509.000000 2226.176360
-9811.647403 -15509.000000 2225.109580
-9813.339142 -15509.000000 2224.042801
-9815.030882 -15509.000000 2222.976021
-9816.722621 -15509.000000 2221.909242
-9818.414360 -15509.000000 2220.842463
-9820.106099 -15509.000000 2219.775683
-9821.797839 -15509.000000 2218.708904
-9823.489578 -15509.000000 2217.642125
-9825.181317 -15509.000000 2216.575345
-9826.873057 -15509.000000 2215.508566
-9828.564796 -15509.000000 2214.441787
-9830.256535 -15509.000000 2213.375007
-9831.948274 -15509.000000 2212.308228
-9833.640014 -15509.000000 2211.241448
-9835.331753 -15509.000000 2210.174669
-9837.023492 -15509.000000 2209.107890
-9838.715231 -15509.000000 2208.041110
-9840.406971 -15509.000000 2206.974331
-9842.098710 -15509.000000 2205.907552
-9843.790449 -15509.000000 2204.840772
-9845.482189 -15509.000000 2203.773993
-9847.173928 -15509.000000 2202.707214
-9848.865667 -15509.000000 2201.640434
-9850.557406 -15509.000000 2200.573655
-9852.249146 -15509.000000 2199.506875
-9853.940885 -15509.000000 2198.440096
-9855.632624 -15509.000000 2197.373317
-9857.324364 -15509.000000 2196.306537
-9859.016103 -15509.000000 2195.239758
-9860.707842 -15509.000000 2194.172979
-9862.399581 -15509.000000 2193.106199
-9864.091321 -15509.000000 2192.039420
-9865.783060 -15509.000000 2190.972641
-9867.474799 -15509.000000 2189.905861
-9869.166538 -15509.000000 2188.839082
-9870.858278 -15509.000000 2187.772302
-9872.550017 -15509.000000 2186.705523
-9874.241756 -15509.000000 2185.638744
-9875.933496 -15509.000000 2184.571964
-9877.625235 -15509.000000 2183.505185
-9879.316974 -15509.000000 2182.438406
-9881.008713 -15509.000000 2181.371626
-9882.700453 -15509.000000 2180.304847
-9884.392192 -15509.000000 2179.238067
-9886.083931 -15509.000000 2178.171288
-9887.775671 -15509.000000 2177.104509
-9889.467410 -15509.000000 2176.037729
-9891.159149 -15509.000000 2174.970950
-9892.850888 -15509.000000 2173.904171
-9894.542628 -15509.000000 2172.837391
-9896.234367 -15509.000000 2171.770612
-9897.926106 -15509.000000 2170.703833
-9899.617846 -15509.000000 2169.637053
-9901.309585 -15509.000000 2168.570274
-9903.001324 -15509.000000 2167.503494
-9904.693063 -15509.000000 2166.436715
-9906.384803 -15509.000000 2165.369936
-9908.076542 -15509.000000 2164.303156
-9909.768281 -15509.000000 2163.236377
-9911.460020 -15509.000000 2162.169598
-9913.151760 -15509.000000 2161.102818
-9914.843499 -15509.000000 2160.036039
-9916.535238 -15509.000000 2158.969260
-9918.226978 -15509.000000 2157.902480
-9919.918717 -15509.000000 2156.835701
-9921.610456 -15509.000000 2155.768921
-9923.302195 -15509.000000 2154.702142
-9924.993935 -15509.000000 2153.635363
-9926.685674 -15509.000000 2152.568583
-9928.377413 -15509.000000 2151.501804
-9930.069153 -15509.000000 2150.435025
-9931.760892 -15509.000000 2149.368245
-9933.452631 -15509.000000 2148.301466
-9935.144370 -15509.000000 2147.234687
-9936.836110 -15509.000000 2146.167907
-9938.527849 -15509.000000 2145.101128
-9940.219588 -15509.000000 2144.034348
-9941.911327 -15509.000000 2142.967569
-9943.603067 -15509.000000 2141.900790
-9945.294806 -15509.000000 2140.834010
-9946.986545 -15509.000000 2139.767231
-9948.678285 -15509.000000 2138.700452
-9950.370024 -15509.000000 2137.633672
-9952.061763 -15509.000000 2136.566893
-9953.753502 -15509.000000 2135.500114
-9955.445242 -15509.000000 2134.433334
-9957.136981 -15509.000000 2133.366555
-9958.828720 -15509.000000 2132.299775
-9960.520460 -15509.000000 2131.232996
-9962.212199 -15509.000000 2130.166217
-9963.903938 -15509.000000 2129.099437
-9965.595677 -15509.000000 2128.032658
-9967.287417 -15509.000000 2126.965879
-9968.979156 -15509.000000 2125.899099
-9970.670895 -15509.000000 2124.832320
-9972.362634 -15509.000000 2123.765541
-9974.054374 -15509.000000 2122.698761
-9975.746113 -15509.000000 2121.631982
-9977.437852 -15509.000000 2120.565202
-9979.129592 -15509.000000 2119.498423
-9980.821331 -15509.000000 2118.431644
-9982.513070 -15509.000000 2117.364864
-9984.204809 -15509.000000 2116.298085
-9985.896549 -15509.000000 2115.231306
-9987.588288 -15509.000000 2114.164526
-9989.280027 -15509.000000 2113.097747
-9990.971767 -15509.000000 2112.030968
-9992.663506 -15509.000000 2110.964188
-9994.355245 -15509.000000 2109.897409
-9996.046984 -15509.000000 2108.830629
-9997.738724 -15509.000000 2107.763850
-9999.430463 -15509.000000 2106.697071
-10001.122202 -15509.000000 2105.630291
-10002.813942 -15509.000000 2104.563512
-10004.505681 -15509.000000 2103.496733
-10006.197420 -15509.000000 2102.429953
-10007.889159 -15509.000000 2101.363174
-10009.580899 -15509.000000 2100.296395
-10011.272638 -15509.000000 2099.229615
-10012.964377 -15509.000000 2098.162836
-10014.656116 -15509.000000 2097.096056
-10016.347856 -15509.000000 2096.029277
-10018.039595 -15509.000000 2094.962498
-10019.731334 -15509.000000 2093.895718
-10021.423074 -15509.000000 2092.828939
-10023.114813 -15509.000000 2091.762160
-10024.806552 -15509.000000 2090.695380
-10026.498291 -15509.000000 2089.628601
-10028.190031 -15509.000000 2088.561821
-10029.881770 -15509.000000 2087.495042
-10031.573509 -15509.000000 2086.428263
-10033.265249 -15509.000000 2085.361483
-10034.956988 -15509.000000 2084.294704
-10036.648727 -15509.000000 2083.227925
-10038.340466 -15509.000000 2082.161145
-10040.032206 -15509.000000 2081.094366
-10041.723945 -15509.000000 2080.027587
-10043.415684 -15509.000000 2078.960807
-10045.107423 -15509.000000 2077.894028
-10046.799163 -15509.000000 2076.827248
-10048.490902 -15509.000000 2075.760469
-10050.182641 -15509.000000 2074.693690
-10051.874381 -15509.000000 2073.626910
-10053.566120 -15509.000000 2072.560131
-10055.257859 -15509.000000 2071.493352
-10056.949598 -15509.000000 2070.426572
-10058.641338 -15509.000000 2069.359793
-10060.333077 -15509.000000 2068.293014
-10062.024816 -15509.000000 2067.226234
-10063.716556 -15509.000000 2066.159455
-10065.408295 -15509.000000 2065.092675
-10067.100034 -15509.000000 2064.025896
-10068.791773 -15509.000000 2062.959117
-10070.483513 -15509.000000 2061.892337
-10072.175252 -15509.000000 2060.825558
-10073.866991 -15509.000000 2059.758779
-10075.558730 -15509.000000 2058.691999
-10077.250470 -15509.000000 2057.625220
-10078.942209 -15509.000000 2056.558441
-10080.633948 -15509.000000 2055.491661
-10082.325688 -15509.000000 2054.424882
-10084.017427 -15509.000000 2053.358102
-10085.709166 -15509.000000 2052.291323
-10087.400905 -15509.000000 2051.224544
-10089.092645 -15509.000000 2050.157764
-10090.784384 -15509.000000 2049.090985
-10092.476123 -15509.000000 2048.024206
-10094.167863 -15509.000000 2046.957426
-10095.859602 -15509.000000 2045.890647
-10097.551341 -15509.000000 2044.823868
-10099.243080 -15509.000000 2043.757088
-10100.934820 -15509.000000 2042.690309
-10102.626559 -15509.000000 2041.623529
-10104.318298 -15509.000000 2040.556750
-10106.010037 -15509.000000 2039.489971
-10107.701777 -15509.000000 2038.423191
-10109.393516 -15509.000000 2037.356412
-10111.085255 -15509.000000 2036.289633
-10112.776995 -15509.000000 2035.222853
-10114.468734 -15509.000000 2034.156074
-10116.160473 -15509.000000 2033.089295
-10117.852212 -15509.000000 2032.022515
-10119.543952 -15509.000000 2030.955736
-10121.235691 -15509.000000 2029.888956
-10122.927430 -15509.000000 2028.822177
-10124.619170 -15509.000000 2027.755398
-10126.310909 -15509.000000 2026.688618
-10128.002648 -15509.000000 2025.621839
-10129.694387 -15509.000000 2024.555060
-10131.386127 -15509.000000 2023.488280
-10133.077866 -15509.000000 2022.421501
-10134.769605 -15509.000000 2021.354722
-10136.461345 -15509.000000 2020.287942
-10138.153084 -15509.000000 2019.221163
-10139.844823 -15509.000000 2018.154383
-10141.536562 -15509.000000 2017.087604
-10143.228302 -15509.000000 2016.020825
-10144.920041 -15509.000000 2014.954045
-10146.611780 -15509.000000 2013.887266
-10148.303519 -15509.000000 2012.820487
-10149.995259 -15509.000000 2011.753707
-10151.686998 -15509.000000 2010.686928
-10153.378737 -15509.000000 2009.620149
-10155.070477 -15509.000000 2008.553369
-10156.762216 -15509.000000 2007.486590
-10158.453955 -15509.000000 2006.419810
-10160.145694 -15509.000000 2005.353031
-10161.837434 -15509.000000 2004.286252
-10163.529173 -15509.000000 2003.219472
-10165.220912 -15509.000000 2002.152693
-10166.912652 -15509.000000 2001.085914
-10168.604391 -15509.000000 2000.019134
-10170.296130 -15509.000000 1998.952355
-10171.987869 -15509.000000 1997.885575
-10173.679609 -15509.000000 1996.818796
-10175.371348 -15509.000000 1995.752017
-10177.063087 -15509.000000 1994.685237
-10178.754826 -15509.000000 1993.618458
-10180.446566 -15509.000000 1992.551679
-10182.138305 -15509.000000 1991.484899
-10183.830044 -15509.000000 1990.418120
-10185.521784 -15509.000000 1989.351341
-10187.213523 -15509.000000 1988.284561
-10188.905262 -15509.000000 1987.217782
-10190.597001 -15509.000000 1986.151002
-10192.288741 -15509.000000 1985.084223
-10193.980480 -15509.000000 1984.017444
-10195.672219 -15509.000000 1982.950664
-10197.363959 -15509.000000 1981.883885
-10199.055698 -15509.000000 1980.817106
-10200.747437 -15509.000000 1979.750326
-10202.439176 -15509.000000 1978.683547
-10204.130916 -15509.000000 1977.616768
-10205.822655 -15509.000000 1976.549988
-10207.514394 -15509.000000 1975.483209
-10209.206133 -15509.000000 1974.416429
-10210.897873 -15509.000000 1973.349650
-10212.589612 -15509.000000 1972.282871
-10214.281351 -15509.000000 1971.216091
-10215.973091 -15509.000000 1970.149312
-10217.664830 -15509.000000 1969.082533
-10219.356569 -15509.000000 1968.015753
-10221.048308 -15509.000000 1966.948974
-10222.740048 -15509.000000 1965.882195
-10224.431787 -15509.000000 1964.815415
-10226.123526 -15509.000000 1963.748636
-10227.815266 -15509.000000 1962.681856
-10229.507005 -15509.000000 1961.615077
-10231.198744 -15509.000000 1960.548298
-10232.890483 -15509.000000 1959.481518
-10234.582223 -15509.000000 1958.414739
-10236.273962 -15509.000000 1957.347960
-10237.965701 -15509.000000 1956.281180
-10239.657441 -15509.000000 1955.214401
-10241.349180 -15509.000000 1954.147622
-10243.040919 -15509.000000 1953.080842
-10244.732658 -15509.000000 1952.014063
-10246.424398 -15509.000000 1950.947283
-10248.116137 -15509.000000 1949.880504
-10249.807876 -15509.000000 1948.813725
-10251.499615 -15509.000000 1947.746945
-10253.191355 -15509.000000 1946.680166
-10254.883094 -15509.000000 1945.613387
-10256.574833 -15509.000000 1944.546607
-10258.266573 -15509.000000 1943.479828
-10259.958312 -15509.000000 1942.413049
-10261.650051 -15509.000000 1941.346269
-10263.341790 -15509.000000 1940.279490
-10265.033530 -15509.000000 1939.212710
-10266.725269 -15509.000000 1938.145931
-10268.417008 -15509.000000 1937.079152
-10270.108748 -15509.000000 1936.012372
-10271.800487 -15509.000000 1934.945593
-10273.492226 -15509.000000 1933.878814
-10275.183965 -15509.000000 1932.812034
-10276.875705 -15509.000000 1931.745255
-10278.567444 -15509.000000 1930.678476
-10280.259183 -15509.000000 1929.611696
-10281.950922 -15509.000000 1928.544917
-10283.642662 -15509.000000 1927.478137
-10285.334401 -15509.000000 1926.411358
-10287.026140 -15509.000000 1925.344579
-10288.717880 -15509.000000 1924.277799
-10290.409619 -15509.000000 1923.211020
-10292.101358 -15509.000000 1922.144241
-10293.793097 -15509.000000 1921.077461
-10295.484837 -15509.000000 1920.010682
-10297.176576 -15509.000000 1918.943902
-10298.868315 -15509.000000 1917.877123
-10300.560055 -15509.000000 1916.810344
-10302.251794 -15509.000000 1915.743564
-10303.943533 -15509.000000 1914.676785
-10305.635272 -15509.000000 1913.610006
-10307.327012 -15509.000000 1912.543226
-10309.018751 -15509.000000 1911.476447
-10310.710490 -15509.000000 1910.409668
-10312.402229 -15509.000000 1909.342888
-10314.093969 -15509.000000 1908.276109
-10315.785708 -15509.000000 1907.209329
-10317.477447 -15509.000000 1906.142550
-10319.169187 -15509.000000 1905.075771
-10320.860926 -15509.000000 1904.008991
-10322.552665 -15509.000000 1902.942212
-10324.244404 -15509.000000 1901.875433
-10325.936144 -15509.000000 1900.808653
-10327.627883 -15509.000000 1899.741874
-10329.319622 -15509.000000 1898.675095
-10331.011362 -15509.000000 1897.608315
-10332.703101 -15509.000000 1896.541536
-10334.394840 -15509.000000 1895.474756
-10336.086579 -15509.000000 1894.407977
-10337.778319 -15509.000000 1893.341198
-10339.470058 -15509.000000 1892.274418
-10341.161797 -15509.000000 1891.207639
-10342.853537 -15509.000000 1890.140860
-10344.545276 -15509.000000 1889.074080
-10346.237015 -15509.000000 1888.007301
-10347.928754 -15509.000000 1886.940522
-10349.620494 -15509.000000 1885.873742
-10351.312233 -15509.000000 1884.806963
-10353.003972 -15509.000000 1883.740183
-10354.695711 -15509.000000 1882.673404
-10356.387451 -15509.000000 1881.606625
-10358.079190 -15509.000000 1880.539845
-10359.770929 -15509.000000 1879.473066
-10361.462669 -15509.000000 1878.406287
-10363.154408 -15509.000000 1877.339507
-10364.846147 -15509.000000 1876.272728
-10366.537886 -15509.000000 1875.205949
-10368.229626 -15509.000000 1874.139169
-10369.921365 -15509.000000 1873.072390
-10371.613104 -15509.000000 1872.005610
-10373.304844 -15509.000000 1870.938831
-10374.996583 -15509.000000 1869.872052
-10376.688322 -15509.000000 1868.805272
-10378.380061 -15509.000000 1867.738493
-10380.071801 -15509.000000 1866.671714
-10381.763540 -15509.000000 1865.604934
-10383.455279 -15509.000000 1864.538155
-10385.147018 -15509.000000 1863.471376
-10386.838758 -15509.000000 1862.404596
-10388.530497 -15509.000000 1861.337817
-10390.222236 -15509.000000 1860.271037
-10391.913976 -15509.000000 1859.204258
-10393.605715 -15509.000000 1858.137479
-10395.297454 -15509.000000 1857.070699
-10396.989193 -15509.000000 1856.003920
-10398.680933 -15509.000000 1854.937141
-10400.372672 -15509.000000 1853.870361
-10402.064411 -15509.000000 1852.803582
-10403.756151 -15509.000000 1851.736803
-10405.447890 -15509.000000 1850.670023
-10407.139629 -15509.000000 1849.603244
-10408.831368 -15509.000000 1848.536464
-10410.523108 -15509.000000 1847.469685
-10412.214847 -15509.000000 1846.402906
-10413.906586 -15509.000000 1845.336126
-10415.598325 -15509.000000 1844.269347
-10417.290065 -15509.000000 1843.202568
-10418.981804 -15509.000000 1842.135788
-10420.673543 -15509.000000 1841.069009
-10422.365283 -15509.000000 1840.002230
-10424.057022 -15509.000000 1838.935450
-10425.748761 -15509.000000 1837.868671
-10427.440500 -15509.000000 1836.801891
-10429.132240 -15509.000000 1835.735112
-10430.823979 -15509.000000 1834.668333
-10432.515718 -15509.000000 1833.601553
-10434.207458 -15509.000000 1832.534774
-10435.899197 -15509.000000 1831.467995
-10437.590936 -15509.000000 1830.401215
-10439.282675 -15509.000000 1829.334436
-10440.974415 -15509.000000 1828.267656
-10442.666154 -15509.000000 1827.200877
-10444.357893 -15509.000000 1826.134098
-10446.049633 -15509.000000 1825.067318
-10447.741372 -15509.000000 1824.000539
-10449.433111 -15509.000000 1822.933760
-10451.124850 -15509.000000 1821.866980
-10452.816590 -15509.000000 1820.800201
-10454.508329 -15509.000000 1819.733422
-10456.200068 -15509.000000 1818.666642
-10457.891807 -15509.000000 1817.599863
-10459.583547 -15509.000000 1816.533083
-10461.275286 -15509.000000 1815.466304
-10462.967025 -15509.000000 1814.399525
-10464.658765 -15509.000000 1813.332745
-10466.350504 -15509.000000 1812.265966
-10468.042243 -15509.000000 1811.199187
-10469.733982 -15509.000000 1810.132407
-10471.425722 -15509.000000 1809.065628
-10473.117461 -15509.000000 1807.998849
-10474.809200 -15509.000000 1806.932069
-10476.500940 -15509.000000 1805.865290
-10478.192679 -15509.000000 1804.798510
-10479.884418 -15509.000000 1803.731731
-10481.576157 -15509.000000 1802.664952
-10483.267897 -15509.000000 1801.598172
-10484.959636 -15509.000000 1800.531393
-10486.651375 -15509.000000 1799.464614
-10488.343114 -15509.000000 1798.397834
-10490.034854 -15509.000000 1797.331055
-10491.726593 -15509.000000 1796.264276
-10493.418332 -15509.000000 1795.197496
-10495.110072 -15509.000000 1794.130717
-10496.801811 -15509.000000 1793.063937
-10498.493550 -15509.000000 1791.997158
-10500.185289 -15509.000000 1790.930379
-10501.877029 -15509.000000 1789.863599
-10503.568768 -15509.000000 1788.796820
-10505.260507 -15509.000000 1787.730041
-10506.952247 -15509.000000 1786.663261
-10508.643986 -15509.000000 1785.596482
-10510.335725 -15509.000000 1784.529703
-10512.027464 -15509.000000 1783.462923
-10513.719204 -15509.000000 1782.396144
-10515.410943 -15509.000000 1781.329364
-10517.102682 -15509.000000 1780.262585
-10518.794421 -15509.000000 1779.195806
-10520.486161 -15509.000000 1778.129026
-10522.177900 -15509.000000 1777.062247
-10523.869639 -15509.000000 1775.995468
-10525.561379 -15509.000000 1774.928688
-10527.253118 -15509.000000 1773.861909
-10528.944857 -15509.000000 1772.795130
-10530.636596 -15509.000000 1771.728350
-10532.328336 -15509.000000 1770.661571
-10534.020075 -15509.000000 1769.594791
-10535.711814 -15509.000000 1768.528012
-10537.403554 -15509.000000 1767.461233
-10539.095293 -15509.000000 1766.394453
-10540.787032 -15509.000000 1765.327674
-10542.478771 -15509.000000 1764.260895
-10544.170511 -15509.000000 1763.194115
-10545.862250 -15509.000000 1762.127336
-10547.553989 -15509.000000 1761.060557
-10549.245729 -15509.000000 1759.993777
-10550.937468 -15509.000000 1758.926998
-10552.629207 -15509.000000 1757.860218
-10554.320946 -15509.000000 1756.793439
-10556.012686 -15509.000000 1755.726660
-10557.704425 -15509.000000 1754.659880
-10559.396164 -15509.000000 1753.593101
-10561.087903 -15509.000000 1752.526322
-10562.779643 -15509.000000 1751.459542
-10564.471382 -15509.000000 1750.392763
-10566.163121 -15509.000000 1749.325983
-10567.854861 -15509.000000 1748.259204
-10569.546600 -15509.000000 1747.192425
-10571.238339 -15509.000000 1746.125645
-10572.930078 -15509.000000 1745.058866
-10574.621818 -15509.000000 1743.992087
-10576.313557 -15509.000000 1742.925307
-10578.005296 -15509.000000 1741.858528
-10579.697036 -15509.000000 1740.791749
-10581.388775 -15509.000000 1739.724969
-10583.080514 -15509.000000 1738.658190
-10584.772253 -15509.000000 1737.591410
-10586.463993 -15509.000000 1736.524631
-10588.155732 -15509.000000 1735.457852
-10589.847471 -15509.000000 1734.391072
-10591.539210 -15509.000000 1733.324293
-10593.230950 -15509.000000 1732.257514
-10594.922689 -15509.000000 1731.190734
-10596.614428 -15509.000000 1730.123955
-10598.306168 -15509.000000 1729.057176
-10599.997907 -15509.000000 1727.990396
-10601.689646 -15509.000000 1726.923617
-10603.381385 -15509.000000 1725.856837
-10605.073125 -15509.000000 1724.790058
-10606.764864 -15509.000000 1723.723279
-10608.456603 -15509.000000 1722.656499
-10610.148343 -15509.000000 1721.589720
-10611.840082 -15509.000000 1720.522941
-10613.531821 -15509.000000 1719.456161
-10615.223560 -15509.000000 1718.389382
-10616.915300 -15509.000000 1717.322603
-10618.607039 -15509.000000 1716.255823
-10620.298778 -15509.000000 1715.189044
-10621.990517 -15509.000000 1714.122264
-10623.682257 -15509.000000 1713.055485
-10625.373996 -15509.000000 1711.988706
-10627.065735 -15509.000000 1710.921926
-10628.757475 -15509.000000 1709.855147
-10630.449214 -15509.000000 1708.788368
-10632.140953 -15509.000000 1707.721588
-10633.832692 -15509.000000 1706.654809
-10635.524432 -15509.000000 1705.588030
-10637.216171 -15509.000000 1704.521250
-10638.907910 -15509.000000 1703.454471
-10640.599650 -15509.000000 1702.387691
-10642.291389 -15509.000000 1701.320912
-10643.983128 -15509.000000 1700.254133
-10645.674867 -15509.000000 1699.187353
-10647.366607 -15509.000000 1698.120574
-10649.058346 -15509.000000 1697.053795
-10650.750085 -15509.000000 1695.987015
-10652.441825 -15509.000000 1694.920236
-10654.133564 -15509.000000 1693.853457
-10655.825303 -15509.000000 1692.786677
-10657.517042 -15509.000000 1691.719898
-10659.208782 -15509.000000 1690.653118
-10660.900521 -15509.000000 1689.586339
-10662.592260 -15509.000000 1688.519560
-10664.283999 -15509.000000 1687.452780
-10665.975739 -15509.000000 1686.386001
-10667.667478 -15509.000000 1685.319222
-10669.359217 -15509.000000 1684.252442
-10671.050957 -15509.000000 1683.185663
-10672.742696 -15509.000000 1682.118884
-10674.434435 -15509.000000 1681.052104
-10676.126174 -15509.000000 1679.985325
-10677.817914 -15509.000000 1678.918545
-10679.509653 -15509.000000 1677.851766
-10681.201392 -15509.000000 1676.784987
-10682.893132 -15509.000000 1675.718207
-10684.584871 -15509.000000 1674.651428
-10686.276610 -15509.000000 1673.584649
-10687.968349 -15509.000000 1672.517869
-10689.660089 -15509.000000 1671.451090
-10691.351828 -15509.000000 1670.384311
-10693.043567 -15509.000000 1669.317531
-10694.735306 -15509.000000 1668.250752
-10696.427046 -15509.000000 1667.183972
-10698.118785 -15509.000000 1666.117193
-10699.810524 -15509.000000 1665.050414
-10701.502264 -15509.000000 1663.983634
-10703.194003 -15509.000000 1662.916855
-10704.885742 -15509.000000 1661.850076
-10706.577481 -15509.000000 1660.783296
-10708.269221 -15509.000000 1659.716517
-10709.960960 -15509.000000 1658.649737
-10711.652699 -15509.000000 1657.582958
-10713.344439 -15509.000000 1656.516179
-10715.036178 -15509.000000 1655.449399
-10716.727917 -15509.000000 1654.382620
-10718.419656 -15509.000000 1653.315841
-10720.111396 -15509.000000 1652.249061
-10721.803135 -15509.000000 1651.182282
-10723.494874 -15509.000000 1650.115503
-10725.186613 -15509.000000 1649.048723
-10726.878353 -15509.000000 1647.981944
-10728.570092 -15509.000000 1646.915164
-10730.261831 -15509.000000 1645.848385
-10731.953571 -15509.000000 1644.781606
-10733.645310 -15509.000000 1643.714826
-10735.337049 -15509.000000 1642.648047
-10737.028788 -15509.000000 1641.581268
-10738.720528 -15509.000000 1640.514488
-10740.412267 -15509.000000 1639.447709
-10742.104006 -15509.000000 1638.380930
-10743.795746 -15509.000000 1637.314150
-10745.487485 -15509.000000 1636.247371
-10747.179224 -15509.000000 1635.180591
-10748.870963 -15509.000000 1634.113812
-10750.562703 -15509.000000 1633.047033
-10752.254442 -15509.000000 1631.980253
-10753.946181 -15509.000000 1630.913474
-10755.637920 -15509.000000 1629.846695
-10757.329660 -15509.000000 1628.779915
-10759.021399 -15509.000000 1627.713136
-10760.713138 -15509.000000 1626.646357
-10762.404878 -15509.000000 1625.579577
-10764.096617 -15509.000000 1624.512798
-10765.788356 -15509.000000 1623.446018
-10767.480095 -15509.000000 1622.379239
-10769.171835 -15509.000000 1621.312460
-10770.863574 -15509.000000 1620.245680
-10772.555313 -15509.000000 1619.178901
-10774.247053 -15509.000000 1618.112122
-10775.938792 -15509.000000 1617.045342
-10777.630531 -15509.000000 1615.978563
-10779.322270 -15509.000000 1614.911784
-10781.014010 -15509.000000 1613.845004
-10782.705749 -15509.000000 1612.778225
-10784.397488 -15509.000000 1611.711445
-10786.089228 -15509.000000 1610.644666
-10787.780967 -15509.000000 1609.577887
-10789.472706 -15509.000000 1608.511107
-10791.164445 -15509.000000 1607.444328
-10792.856185 -15509.000000 1606.377549
-10794.547924 -15509.000000 1605.310769
-10796.239663 -15509.000000 1604.243990
-10797.931402 -15509.000000 1603.177211
-10799.623142 -15509.000000 1602.110431
-10801.314881 -15509.000000 1601.043652
-10803.006620 -15509.000000 1599.976872
-10804.698360 -15509.000000 1598.910093
-10806.390099 -15509.000000 1597.843314
-10808.081838 -15509.000000 1596.776534
-10809.773577 -15509.000000 1595.709755
-10811.465317 -15509.000000 1594.642976
-10813.157056 -15509.000000 1593.576196
-10814.848795 -15509.000000 1592.509417
-10816.540535 -15509.000000 1591.442638
-10818.232274 -15509.000000 1590.375858
-10819.924013 -15509.000000 1589.309079
-10822.000000 -15509.000000 1588.000000
-10824.000000 -15509.000000 1588.000000
-10826.000000 -15509.000000 1588.000000
-10828.000000 -15509.000000 1588.000000
-10830.000000 -15509.000000 1588.000000
-10832.000000 -15509.000000 1588.000000
-10834.000000 -15509.000000 1588.000000
-10836.000000 -15509.000000 1588.000000
-10838.000000 -15509.000000 1588.000000
-10840.000000 -15509.000000 1588.000000
-10842.000000 -15509.000000 1588.000000
-10844.000000 -15509.000000 1588.000000
-10846.000000 -15509.000000 1588.000000
-10848.000000 -15509.000000 1588.000000
-10850.000000 -15509.000000 1588.000000
-10852.000000 -15509.000000 1588.000000
-10854.000000 -15509.000000 1588.000000
-10856.000000 -15509.000000 1588.000000
-10858.000000 -15509.000000 1588.000000
-10860.000000 -15509.000000 1588.000000
-10862.000000 -15509.000000 1588.000000
-10864.000000 -15509.000000 1588.000000
-10866.000000 -15509.000000 1588.000000
-10868.000000 -15509.000000 1588.000000
-10870.000000 -15509.000000 1588.000000
-10872.000000 -15509.000000 1588.000000
-10874.000000 -15509.000000 1588.000000
-10876.000000 -15509.000000 1588.000000
-10878.000000 -15509.000000 1588.000000
-10880.000000 -15509.000000 1588.000000
-10882.000000 -15509.000000 1588.000000
-10884.000000 -15509.000000 1588.000000
-10886.000000 -15509.000000 1588.000000
-10888.000000 -15509.000000 1588.000000
-10890.000000 -15509.000000 1588.000000
-10892.000000 -15509.000000 1588.000000
-10894.000000 -15509.000000 1588.000000
-10896.000000 -15509.000000 1588.000000
-10898.000000 -15509.000000 1588.000000
-10900.000000 -15509.000000 1588.000000
-10902.000000 -15509.000000 1588.000000
-10904.000000 -15509.000000 1588.000000
-10906.000000 -15509.000000 1588.000000
-10908.000000 -15509.000000 1588.000000
-10910.000000 -15509.000000 1588.000000
-10912.000000 -15509.000000 1588.000000
-10914.000000 -15509.000000 1588.000000
-10916.000000 -15509.000000 1588.000000
-10918.000000 -15509.000000 1588.000000
-10920.000000 -15509.000000 1588.000000
-10922.000000 -15509.000000 1588.000000
-10924.000000 -15509.000000 1588.000000
-10926.000000 -15509.000000 1588.000000
-10928.000000 -15509.000000 1588.000000
-10930.000000 -15509.000000 1588.000000
-10932.000000 -15509.000000 1588.000000
-10934.000000 -15509.000000 1588.000000
-10936.000000 -15509.000000 1588.000000
-10938.000000 -15509.000000 1588.000000
-10940.000000 -15509.000000 1588.000000
-10942.000000 -15509.000000 1588.000000
-10944.000000 -15509.000000 1588.000000
-10946.000000 -15509.000000 1588.000000
-10948.000000 -15509.000000 1588.000000
-10950.000000 -15509.000000 1588.000000
-10952.000000 -15509.000000 1588.000000
-10954.000000 -15509.000000 1588.000000
-10956.000000 -15509.000000 1588.000000
-10958.000000 -15509.000000 1588.000000
-10960.000000 -15509.000000 1588.000000
-10962.000000 -15509.000000 1588.000000
-10964.000000 -15509.000000 1588.000000
-10966.000000 -15509.000000 1588.000000
-10968.000000 -15509.000000 1588.000000
-10970.000000 -15509.000000 1588.000000
-10972.000000 -15509.000000 1588.000000
-10974.000000 -15509.000000 1588.000000
-10976.000000 -15509.000000 1588.000000
-10978.000000 -15509.000000 1588.000000
-10980.000000 -15509.000000 1588.000000
-10982.000000 -15509.000000 1588.000000
-10984.000000 -15509.000000 1588.000000
-10986.000000 -15509.000000 1588.000000
-10988.000000 -15509.000000 1588.000000
-10990.000000 -15509.000000 1588.000000
-10992.000000 -15509.000000 1588.000000
-10994.000000 -15509.000000 1588.000000
-10996.000000 -15509.000000 1588.000000
-10998.000000 -15509.000000 1588.000000
-11000.000000 -15509.000000 1588.000000
-11002.000000 -15509.000000 1588.000000
-11004.000000 -15509.000000 1588.000000
-11006.000000 -15509.000000 1588.000000
-11008.000000 -15509.000000 1588.000000
-11010.000000 -15509.000000 1588.000000
-11012.000000 -15509.000000 1588.000000
-11014.000000 -15509.000000 1588.000000
-11016.000000 -15509.000000 1588.000000
-11018.000000 -15509.000000 1588.000000
-11020.000000 -15509.000000 1588.000000
-11022.000000 -15509.000000 1588.000000
-11024.000000 -15509.000000 1588.000000
-11026.000000 -15509.000000 1588.000000
-11028.000000 -15509.000000 1588.000000
-11030.000000 -15509.000000 1588.000000
-11032.000000 -15509.000000 1588.000000
-11034.000000 -15509.000000 1588.000000
-11036.000000 -15509.000000 1588.000000
-11038.000000 -15509.000000 1588.000000
-11040.000000 -15509.000000 1588.000000
-11042.000000 -15509.000000 1588.000000
-11044.000000 -15509.000000 1588.000000
-11046.000000 -15509.000000 1588.000000
-11048.000000 -15509.000000 1588.000000
-11050.000000 -15509.000000 1588.000000
-11052.000000 -15509.000000 1588.000000
-11054.000000 -15509.000000 1588.000000
-11056.000000 -15509.000000 1588.000000
-11058.000000 -15509.000000 1588.000000
-11060.000000 -15509.000000 1588.000000
-11062.000000 -15509.000000 1588.000000
-11064.000000 -15509.000000 1588.000000
-11066.000000 -15509.000000 1588.000000
-11068.000000 -15509.000000 1588.000000
-11070.000000 -15509.000000 1588.000000
-11072.000000 -15509.000000 1588.000000
-11074.000000 -15509.000000 1588.000000
-11076.000000 -15509.000000 1588.000000
-11078.000000 -15509.000000 1588.000000
-11080.000000 -15509.000000 1588.000000
-11082.000000 -15509.000000 1588.000000
-11084.000000 -15509.000000 1588.000000
-11086.000000 -15509.000000 1588.000000
-11088.000000 -15509.000000 1588.000000
-11090.000000 -15509.000000 1588.000000
-11092.000000 -15509.000000 1588.000000
-11094.000000 -15509.000000 1588.000000
-11096.000000 -15509.000000 1588.000000
-11098.000000 -15509.000000 1588.000000
-11100.000000 -15509.000000 1588.000000
-11102.000000 -15509.000000 1588.000000
-11104.000000 -15509.000000 1588.000000
-11106.000000 -15509.000000 1588.000000
-11108.000000 -15509.000000 1588.000000
-11110.000000 -15509.000000 1588.000000
-11112.000000 -15509.000000 1588.000000
-11114.000000 -15509.000000 1588.000000
-11116.000000 -15509.000000 1588.000000
-11118.000000 -15509.000000 1588.000000
-11120.000000 -15509.000000 1588.000000
-11122.000000 -15509.000000 1588.000000
-11124.000000 -15509.000000 1588.000000
-11126.000000 -15509.000000 1588.000000
-11128.000000 -15509.000000 1588.000000
-11130.000000 -15509.000000 1588.000000
-11132.000000 -15509.000000 1588.000000
-11134.000000 -15509.000000 1588.000000
-11136.000000 -15509.000000 1588.000000
-11138.000000 -15509.000000 1588.000000
-11140.000000 -15509.000000 1588.000000
-11142.000000 -15509.000000 1588.000000
-11144.000000 -15509.000000 1588.000000
-11146.000000 -15509.000000 1588.000000
-11148.000000 -15509.000000 1588.000000
-11150.000000 -15509.000000 1588.000000
-11152.000000 -15509.000000 1588.000000
-11154.000000 -15509.000000 1588.000000
-11156.000000 -15509.000000 1588.000000
-11158.000000 -15509.000000 1588.000000
-11160.000000 -15509.000000 1588.000000
-11162.000000 -15509.000000 1588.000000
-11164.000000 -15509.000000 1588.000000
-11166.000000 -15509.000000 1588.000000
-11168.000000 -15509.000000 1588.000000
-11170.000000 -15509.000000 1588.000000
-11172.000000 -15509.000000 1588.000000
-11174.000000 -15509.000000 1588.000000
-11176.000000 -15509.000000 1588.000000
-11178.000000 -15509.000000 1588.000000
-11180.000000 -15509.000000 1588.000000
-11182.000000 -15509.000000 1588.000000
-11184.000000 -15509.000000 1588.000000
-11186.000000 -15509.000000 1588.000000
-11188.000000 -15509.000000 1588.000000
-11190.000000 -15509.000000 1588.000000
-11192.000000 -15509.000000 1588.000000
-11194.000000 -15509.000000 1588.000000
-11196.000000 -15509.000000 1588.000000
-11198.000000 -15509.000000 1588.000000
-11202.000000 -15509.000000 1588.000000
-11203.999978 -15509.000000 1587.990630
-11205.999956 -15509.000000 1587.981259
-11207.999934 -15509.000000 1587.971889
-11209.999912 -15509.000000 1587.962519
-11211.999890 -15509.000000 1587.953148
-11213.999868 -15509.000000 1587.943778
-11215.999846 -15509.000000 1587.934408
-11217.999824 -15509.000000 1587.925037
-11219.999802 -15509.000000 1587.915667
-11221.999780 -15509.000000 1587.906297
-11223.999759 -15509.000000 1587.896926
-11225.999737 -15509.000000 1587.887556
-11227.999715 -15509.000000 1587.878186
-11229.999693 -15509.000000 1587.868815
-11231.999671 -15509.000000 1587.859445
-11233.999649 -15509.000000 1587.850075
-11235.999627 -15509.000000 1587.840705
-11237.999605 -15509.000000 1587.831334
-11239.999583 -15509.000000 1587.821964
-11241.999561 -15509.000000 1587.812594
-11243.999539 -15509.000000 1587.803223
-11245.999517 -15509.000000 1587.793853
-11247.999495 -15509.000000 1587.784483
-11249.999473 -15509.000000 1587.775112
-11251.999451 -15509.000000 1587.765742
-11253.999429 -15509.000000 1587.756372
-11255.999407 -15509.000000 1587.747001
-11257.999385 -15509.000000 1587.737631
-11259.999363 -15509.000000 1587.728261
-11261.999341 -15509.000000 1587.718890
-11263.999320 -15509.000000 1587.709520
-11265.999298 -15509.000000 1587.700150
-11267.999276 -15509.000000 1587.690779
-11269.999254 -15509.000000 1587.681409
-11271.999232 -15509.000000 1587.672039
-11273.999210 -15509.000000 1587.662668
-11275.999188 -15509.000000 1587.653298
-11277.999166 -15509.000000 1587.643928
-11279.999144 -15509.000000 1587.634557
-11281.999122 -15509.000000 1587.625187
-11283.999100 -15509.000000 1587.615817
-11285.999078 -15509.000000 1587.606446
-11287.999056 -15509.000000 1587.597076
-11289.999034 -15509.000000 1587.587706
-11291.999012 -15509.000000 1587.578336
-11293.998990 -15509.000000 1587.568965
-11295.998968 -15509.000000 1587.559595
-11297.998946 -15509.000000 1587.550225
-11299.998924 -15509.000000 1587.540854
-11301.998902 -15509.000000 1587.531484
-11303.998881 -15509.000000 1587.522114
-11305.998859 -15509.000000 1587.512743
-11307.998837 -15509.000000 1587.503373
-11309.998815 -15509.000000 1587.494003
-11311.998793 -15509.000000 1587.484632
-11313.998771 -15509.000000 1587.475262
-11315.998749 -15509.000000 1587.465892
-11317.998727 -15509.000000 1587.456521
-11319.998705 -15509.000000 1587.447151
-11321.998683 -15509.000000 1587.437781
-11323.998661 -15509.000000 1587.428410
-11325.998639 -15509.000000 1587.419040
-11327.998617 -15509.000000 1587.409670
-11329.998595 -15509.000000 1587.400299
-11331.998573 -15509.000000 1587.390929
-11333.998551 -15509.000000 1587.381559
-11335.998529 -15509.000000 1587.372188
-11337.998507 -15509.000000 1587.362818
-11339.998485 -15509.000000 1587.353448
-11341.998463 -15509.000000 1587.344077
-11343.998441 -15509.000000 1587.334707
-11345.998420 -15509.000000 1587.325337
-11347.998398 -15509.000000 1587.315967
-11349.998376 -15509.000000 1587.306596
-11351.998354 -15509.000000 1587.297226
-11353.998332 -15509.000000 1587.287856
-11355.998310 -15509.000000 1587.278485
-11357.998288 -15509.000000 1587.269115
-11359.998266 -15509.000000 1587.259745
-11361.998244 -15509.000000 1587.250374
-11363.998222 -15509.000000 1587.241004
-11365.998200 -15509.000000 1587.231634
-11367.998178 -15509.000000 1587.222263
-11369.998156 -15509.000000 1587.212893
-11371.998134 -15509.000000 1587.203523
-11373.998112 -15509.000000 1587.194152
-11375.998090 -15509.000000 1587.184782
-11377.998068 -15509.000000 1587.175412
-11379.998046 -15509.000000 1587.166041
-11381.998024 -15509.000000 1587.156671
-11383.998002 -15509.000000 1587.147301
-11385.997981 -15509.000000 1587.137930
-11387.997959 -15509.000000 1587.128560
-11389.997937 -15509.000000 1587.119190
-11391.997915 -15509.000000 1587.109819
-11393.997893 -15509.000000 1587.100449
-11395.997871 -15509.000000 1587.091079
-11397.997849 -15509.000000 1587.081708
-11399.997827 -15509.000000 1587.072338
-11401.997805 -15509.000000 1587.062968
-11403.997783 -15509.000000 1587.053598
-11405.997761 -15509.000000 1587.044227
-11407.997739 -15509.000000 1587.034857
-11409.997717 -15509.000000 1587.025487
-11411.997695 -15509.000000 1587.016116
-11413.997673 -15509.000000 1587.006746
-11415.997651 -15509.000000 1586.997376
-11417.997629 -15509.000000 1586.988005
-11419.997607 -15509.000000 1586.978635
-11421.997585 -15509.000000 1586.969265
-11423.997563 -15509.000000 1586.959894
-11425.997542 -15509.000000 1586.950524
-11427.997520 -15509.000000 1586.941154
-11429.997498 -15509.000000 1586.931783
-11431.997476 -15509.000000 1586.922413
-11433.997454 -15509.000000 1586.913043
-11435.997432 -15509.000000 1586.903672
-11437.997410 -15509.000000 1586.894302
-11439.997388 -15509.000000 1586.884932
-11441.997366 -15509.000000 1586.875561
-11443.997344 -15509.000000 1586.866191
-11445.997322 -15509.000000 1586.856821
-11447.997300 -15509.000000 1586.847450
-11449.997278 -15509.000000 1586.838080
-11451.997256 -15509.000000 1586.828710
-11453.997234 -15509.000000 1586.819339
-11455.997212 -15509.000000 1586.809969
-11457.997190 -15509.000000 1586.800599
-11459.997168 -15509.000000 1586.791228
-11461.997146 -15509.000000 1586.781858
-11463.997124 -15509.000000 1586.772488
-11465.997102 -15509.000000 1586.763118
-11467.997081 -15509.000000 1586.753747
-11469.997059 -15509.000000 1586.744377
-11471.997037 -15509.000000 1586.735007
-11473.997015 -15509.000000 1586.725636
-11475.996993 -15509.000000 1586.716266
-11477.996971 -15509.000000 1586.706896
-11479.996949 -15509.000000 1586.697525
-11481.996927 -15509.000000 1586.688155
-11483.996905 -15509.000000 1586.678785
-11485.996883 -15509.000000 1586.669414
-11487.996861 -15509.000000 1586.660044
-11489.996839 -15509.000000 1586.650674
-11491.996817 -15509.000000 1586.641303
-11493.996795 -15509.000000 1586.631933
-11495.996773 -15509.000000 1586.622563
-11497.996751 -15509.000000 1586.613192
-11499.996729 -15509.000000 1586.603822
-11501.996707 -15509.000000 1586.594452
-11503.996685 -15509.000000 1586.585081
-11505.996663 -15509.000000 1586.575711
-11507.996642 -15509.000000 1586.566341
-11509.996620 -15509.000000 1586.556970
-11511.996598 -15509.000000 1586.547600
-11513.996576 -15509.000000 1586.538230
-11515.996554 -15509.000000 1586.528859
-11517.996532 -15509.000000 1586.519489
-11519.996510 -15509.000000 1586.510119
-11521.996488 -15509.000000 1586.500749
-11523.996466 -15509.000000 1586.491378
-11525.996444 -15509.000000 1586.482008
-11527.996422 -15509.000000 1586.472638
-11529.996400 -15509.000000 1586.463267
-11531.996378 -15509.000000 1586.453897
-11533.996356 -15509.000000 1586.444527
-11535.996334 -15509.000000 1586.435156
-11537.996312 -15509.000000 1586.425786
-11539.996290 -15509.000000 1586.416416
-11541.996268 -15509.000000 1586.407045
-11543.996246 -15509.000000 1586.397675
-11545.996224 -15509.000000 1586.388305
-11547.996203 -15509.000000 1586.378934
-11549.996181 -15509.000000 1586.369564
-11551.996159 -15509.000000 1586.360194
-11553.996137 -15509.000000 1586.350823
-11555.996115 -15509.000000 1586.341453
-11557.996093 -15509.000000 1586.332083
-11559.996071 -15509.000000 1586.322712
-11561.996049 -15509.000000 1586.313342
-11563.996027 -15509.000000 1586.303972
-11565.996005 -15509.000000 1586.294601
-11567.995983 -15509.000000 1586.285231
-11569.995961 -15509.000000 1586.275861
-11571.995939 -15509.000000 1586.266490
-11573.995917 -15509.000000 1586.257120
-11575.995895 -15509.000000 1586.247750
-11577.995873 -15509.000000 1586.238380
-11579.995851 -15509.000000 1586.229009
-11581.995829 -15509.000000 1586.219639
-11583.995807 -15509.000000 1586.210269
-11585.995785 -15509.000000 1586.200898
-11587.995763 -15509.000000 1586.191528
-11589.995742 -15509.000000 1586.182158
-11591.995720 -15509.000000 1586.172787
-11593.995698 -15509.000000 1586.163417
-11595.995676 -15509.000000 1586.154047
-11597.995654 -15509.000000 1586.144676
-11599.995632 -15509.000000 1586.135306
-11601.995610 -15509.000000 1586.125936
-11603.995588 -15509.000000 1586.116565
-11605.995566 -15509.000000 1586.107195
-11607.995544 -15509.000000 1586.097825
-11609.995522 -15509.000000 1586.088454
-11611.995500 -15509.000000 1586.079084
-11613.995478 -15509.000000 1586.069714
-11615.995456 -15509.000000 1586.060343
-11617.995434 -15509.000000 1586.050973
-11619.995412 -15509.000000 1586.041603
-11621.995390 -15509.000000 1586.032232
-11623.995368 -15509.000000 1586.022862
-11625.995346 -15509.000000 1586.013492
-11627.995324 -15509.000000 1586.004121
-11629.995303 -15509.000000 1585.994751
-11631.995281 -15509.000000 1585.985381
-11633.995259 -15509.000000 1585.976011
-11635.995237 -15509.000000 1585.966640
-11637.995215 -15509.000000 1585.957270
-11639.995193 -15509.000000 1585.947900
-11641.995171 -15509.000000 1585.938529
-11643.995149 -15509.000000 1585.929159
-11645.995127 -15509.000000 1585.919789
-11647.995105 -15509.000000 1585.910418
-11649.995083 -15509.000000 1585.901048
-11651.995061 -15509.000000 1585.891678
-11653.995039 -15509.000000 1585.882307
-11655.995017 -15509.000000 1585.872937
-11657.994995 -15509.000000 1585.863567
-11659.994973 -15509.000000 1585.854196
-11661.994951 -15509.000000 1585.844826
-11663.994929 -15509.000000 1585.835456
-11665.994907 -15509.000000 1585.826085
-11667.994885 -15509.000000 1585.816715
-11669.994864 -15509.000000 1585.807345
-11671.994842 -15509.000000 1585.797974
-11673.994820 -15509.000000 1585.788604
-11675.994798 -15509.000000 1585.779234
-11677.994776 -15509.000000 1585.769863
-11679.994754 -15509.000000 1585.760493
-11681.994732 -15509.000000 1585.751123
-11683.994710 -15509.000000 1585.741752
-11685.994688 -15509.000000 1585.732382
-11687.994666 -15509.000000 1585.723012
-11689.994644 -15509.000000 1585.713641
-11691.994622 -15509.000000 1585.704271
-11693.994600 -15509.000000 1585.694901
-11695.994578 -15509.000000 1585.685531
-11697.994556 -15509.000000 1585.676160
-11699.994534 -15509.000000 1585.666790
-11701.994512 -15509.000000 1585.657420
-11703.994490 -15509.000000 1585.648049
-11705.994468 -15509.000000 1585.638679
-11707.994446 -15509.000000 1585.629309
-11709.994424 -15509.000000 1585.619938
-11711.994403 -15509.000000 1585.610568
-11713.994381 -15509.000000 1585.601198
-11715.994359 -15509.000000 1585.591827
-11717.994337 -15509.000000 1585.582457
-11719.994315 -15509.000000 1585.573087
-11721.994293 -15509.000000 1585.563716
-11723.994271 -15509.000000 1585.554346
-11725.994249 -15509.000000 1585.544976
-11727.994227 -15509.000000 1585.535605
-11729.994205 -15509.000000 1585.526235
-11731.994183 -15509.000000 1585.516865
-11733.994161 -15509.000000 1585.507494
-11735.994139 -15509.000000 1585.498124
-11737.994117 -15509.000000 1585.488754
-11739.994095 -15509.000000 1585.479383
-11741.994073 -15509.000000 1585.470013
-11743.994051 -15509.000000 1585.460643
-11745.994029 -15509.000000 1585.451272
-11747.994007 -15509.000000 1585.441902
-11749.993985 -15509.000000 1585.432532
-11751.993964 -15509.000000 1585.423162
-11753.993942 -15509.000000 1585.413791
-11755.993920 -15509.000000 1585.404421
-11757.993898 -15509.000000 1585.395051
-11759.993876 -15509.000000 1585.385680
-11761.993854 -15509.000000 1585.376310
-11763.993832 -15509.000000 1585.366940
-11765.993810 -15509.000000 1585.357569
-11767.993788 -15509.000000 1585.348199
-11769.993766 -15509.000000 1585.338829
-11771.993744 -15509.000000 1585.329458
-11773.993722 -15509.000000 1585.320088
-11775.993700 -15509.000000 1585.310718
-11777.993678 -15509.000000 1585.301347
-11779.993656 -15509.000000 1585.291977
-11781.993634 -15509.000000 1585.282607
-11783.993612 -15509.000000 1585.273236
-11785.993590 -15509.000000 1585.263866
-11787.993568 -15509.000000 1585.254496
-11789.993546 -15509.000000 1585.245125
-11791.993524 -15509.000000 1585.235755
-11793.993503 -15509.000000 1585.226385
-11795.993481 -15509.000000 1585.217014
-11797.993459 -15509.000000 1585.207644
-11799.993437 -15509.000000 1585.198274
-11801.993415 -15509.000000 1585.188903
-11803.993393 -15509.000000 1585.179533
-11805.993371 -15509.000000 1585.170163
-11807.993349 -15509.000000 1585.160793
-11809.993327 -15509.000000 1585.151422
-11811.993305 -15509.000000 1585.142052
-11813.993283 -15509.000000 1585.132682
-11815.993261 -15509.000000 1585.123311
-11817.993239 -15509.000000 1585.113941
-11819.993217 -15509.000000 1585.104571
-11821.993195 -15509.000000 1585.095200
-11823.993173 -15509.000000 1585.085830
-11825.993151 -15509.000000 1585.076460
-11827.993129 -15509.000000 1585.067089
-11829.993107 -15509.000000 1585.057719
-11831.993085 -15509.000000 1585.048349
-11833.993064 -15509.000000 1585.038978
-11835.993042 -15509.000000 1585.029608
-11837.993020 -15509.000000 1585.020238
-11839.992998 -15509.000000 1585.010867
-11841.992976 -15509.000000 1585.001497
-11843.992954 -15509.000000 1584.992127
-11845.992932 -15509.000000 1584.982756
-11847.992910 -15509.000000 1584.973386
-11849.992888 -15509.000000 1584.964016
-11851.992866 -15509.000000 1584.954645
-11853.992844 -15509.000000 1584.945275
-11855.992822 -15509.000000 1584.935905
-11857.992800 -15509.000000 1584.926534
-11859.992778 -15509.000000 1584.917164
-11861.992756 -15509.000000 1584.907794
-11863.992734 -15509.000000 1584.898423
-11865.992712 -15509.000000 1584.889053
-11867.992690 -15509.000000 1584.879683
-11869.992668 -15509.000000 1584.870313
-11871.992646 -15509.000000 1584.860942
-11873.992625 -15509.000000 1584.851572
-11875.992603 -15509.000000 1584.842202
-11877.992581 -15509.000000 1584.832831
-11879.992559 -15509.000000 1584.823461
-11881.992537 -15509.000000 1584.814091
-11883.992515 -15509.000000 1584.804720
-11885.992493 -15509.000000 1584.795350
-11887.992471 -15509.000000 1584.785980
-11889.992449 -15509.000000 1584.776609
-11891.992427 -15509.000000 1584.767239
-11893.992405 -15509.000000 1584.757869
-11895.992383 -15509.000000 1584.748498
-11897.992361 -15509.000000 1584.739128
-11899.992339 -15509.000000 1584.729758
-11901.992317 -15509.000000 1584.720387
-11903.992295 -15509.000000 1584.711017
-11905.992273 -15509.000000 1584.701647
-11907.992251 -15509.000000 1584.692276
-11909.992229 -15509.000000 1584.682906
-11911.992207 -15509.000000 1584.673536
-11913.992185 -15509.000000 1584.664165
-11915.992164 -15509.000000 1584.654795
-11917.992142 -15509.000000 1584.645425
-11919.992120 -15509.000000 1584.636054
-11921.992098 -15509.000000 1584.626684
-11923.992076 -15509.000000 1584.617314
-11925.992054 -15509.000000 1584.607944
-11927.992032 -15509.000000 1584.598573
-11929.992010 -15509.000000 1584.589203
-11931.991988 -15509.000000 1584.579833
-11933.991966 -15509.000000 1584.570462
-11935.991944 -15509.000000 1584.561092
-11937.991922 -15509.000000 1584.551722
-11939.991900 -15509.000000 1584.542351
-11941.991878 -15509.000000 1584.532981
-11943.991856 -15509.000000 1584.523611
-11945.991834 -15509.000000 1584.514240
-11947.991812 -15509.000000 1584.504870
-11949.991790 -15509.000000 1584.495500
-11951.991768 -15509.000000 1584.486129
-11953.991746 -15509.000000 1584.476759
-11955.991725 -15509.000000 1584.467389
-11957.991703 -15509.000000 1584.458018
-11959.991681 -15509.000000 1584.448648
-11961.991659 -15509.000000 1584.439278
-11963.991637 -15509.000000 1584.429907
-11965.991615 -15509.000000 1584.420537
-11967.991593 -15509.000000 1584.411167
-11969.991571 -15509.000000 1584.401796
-11971.991549 -15509.000000 1584.392426
-11973.991527 -15509.000000 1584.383056
-11975.991505 -15509.000000 1584.373685
-11977.991483 -15509.000000 1584.364315
-11979.991461 -15509.000000 1584.354945
-11981.991439 -15509.000000 1584.345575
-11983.991417 -15509.000000 1584.336204
-11985.991395 -15509.000000 1584.326834
-11987.991373 -15509.000000 1584.317464
-11989.991351 -15509.000000 1584.308093
-11991.991329 -15509.000000 1584.298723
-11993.991307 -15509.000000 1584.289353
-11995.991286 -15509.000000 1584.279982
-11997.991264 -15509.000000 1584.270612
-11999.991242 -15509.000000 1584.261242
-12001.991220 -15509.000000 1584.251871
-12003.991198 -15509.000000 1584.242501
-12005.991176 -15509.000000 1584.233131
-12007.991154 -15509.000000 1584.223760
-12009.991132 -15509.000000 1584.214390
-12011.991110 -15509.000000 1584.205020
-12013.991088 -15509.000000 1584.195649
-12015.991066 -15509.000000 1584.186279
-12017.991044 -15509.000000 1584.176909
-12019.991022 -15509.000000 1584.167538
-12021.991000 -15509.000000 1584.158168
-12023.990978 -15509.000000 1584.148798
-12025.990956 -15509.000000 1584.139427
-12027.990934 -15509.000000 1584.130057
-12029.990912 -15509.000000 1584.120687
-12031.990890 -15509.000000 1584.111316
-12033.990868 -15509.000000 1584.101946
-12035.990846 -15509.000000 1584.092576
-12037.990825 -15509.000000 1584.083206
-12039.990803 -15509.000000 1584.073835
-12041.990781 -15509.000000 1584.064465
-12043.990759 -15509.000000 1584.055095
-12045.990737 -15509.000000 1584.045724
-12047.990715 -15509.000000 1584.036354
-12049.990693 -15509.000000 1584.026984
-12051.990671 -15509.000000 1584.017613
-12053.990649 -15509.000000 1584.008243
-12055.990627 -15509.000000 1583.998873
-12057.990605 -15509.000000 1583.989502
-12059.990583 -15509.000000 1583.980132
-12061.990561 -15509.000000 1583.970762
-12063.990539 -15509.000000 1583.961391
-12065.990517 -15509.000000 1583.952021
-12067.990495 -15509.000000 1583.942651
-12069.990473 -15509.000000 1583.933280
-12071.990451 -15509.000000 1583.923910
-12073.990429 -15509.000000 1583.914540
-12075.990407 -15509.000000 1583.905169
-12077.990386 -15509.000000 1583.895799
-12079.990364 -15509.000000 1583.886429
-12081.990342 -15509.000000 1583.877058
-12083.990320 -15509.000000 1583.867688
-12085.990298 -15509.000000 1583.858318
-12087.990276 -15509.000000 1583.848947
-12089.990254 -15509.000000 1583.839577
-12091.990232 -15509.000000 1583.830207
-12093.990210 -15509.000000 1583.820836
-12095.990188 -15509.000000 1583.811466
-12097.990166 -15509.000000 1583.802096
-12099.990144 -15509.000000 1583.792726
-12101.990122 -15509.000000 1583.783355
-12103.990100 -15509.000000 1583.773985
-12105.990078 -15509.000000 1583.764615
-12107.990056 -15509.000000 1583.755244
-12109.990034 -15509.000000 1583.745874
-12111.990012 -15509.000000 1583.736504
-12113.989990 -15509.000000 1583.727133
-12115.989968 -15509.000000 1583.717763
-12117.989947 -15509.000000 1583.708393
-12119.989925 -15509.000000 1583.699022
-12121.989903 -15509.000000 1583.689652
-12123.989881 -15509.000000 1583.680282
-12125.989859 -15509.000000 1583.670911
-12127.989837 -15509.000000 1583.661541
-12129.989815 -15509.000000 1583.652171
-12131.989793 -15509.000000 1583.642800
-12133.989771 -15509.000000 1583.633430
-12135.989749 -15509.000000 1583.624060
-12137.989727 -15509.000000 1583.614689
-12139.989705 -15509.000000 1583.605319
-12141.989683 -15509.000000 1583.595949
-12143.989661 -15509.000000 1583.586578
-12145.989639 -15509.000000 1583.577208
-12147.989617 -15509.000000 1583.567838
-12149.989595 -15509.000000 1583.558467
-12151.989573 -15509.000000 1583.549097
-12153.989551 -15509.000000 1583.539727
-12155.989529 -15509.000000 1583.530357
-12157.989507 -15509.000000 1583.520986
-12159.989486 -15509.000000 1583.511616
-12161.989464 -15509.000000 1583.502246
-12163.989442 -15509.000000 1583.492875
-12165.989420 -15509.000000 1583.483505
-12167.989398 -15509.000000 1583.474135
-12169.989376 -15509.000000 1583.464764
-12171.989354 -15509.000000 1583.455394
-12173.989332 -15509.000000 1583.446024
-12175.989310 -15509.000000 1583.436653
-12177.989288 -15509.000000 1583.427283
-12179.989266 -15509.000000 1583.417913
-12181.989244 -15509.000000 1583.408542
-12183.989222 -15509.000000 1583.399172
-12185.989200 -15509.000000 1583.389802
-12187.989178 -15509.000000 1583.380431
-12189.989156 -15509.000000 1583.371061
-12191.989134 -15509.000000 1583.361691
-12193.989112 -15509.000000 1583.352320
-12195.989090 -15509.000000 1583.342950
-12197.989068 -15509.000000 1583.333580
-12199.989047 -15509.000000 1583.324209
-12201.989025 -15509.000000 1583.314839
-12203.989003 -15509.000000 1583.305469
-12205.988981 -15509.000000 1583.296098
-12207.988959 -15509.000000 1583.286728
-12209.988937 -15509.000000 1583.277358
-12211.988915 -15509.000000 1583.267988
-12213.988893 -15509.000000 1583.258617
-12215.988871 -15509.000000 1583.249247
-12217.988849 -15509.000000 1583.239877
-12219.988827 -15509.000000 1583.230506
-12221.988805 -15509.000000 1583.221136
-12223.988783 -15509.000000 1583.211766
-12225.988761 -15509.000000 1583.202395
-12227.988739 -15509.000000 1583.193025
-12229.988717 -15509.000000 1583.183655
-12231.988695 -15509.000000 1583.174284
-12233.988673 -15509.000000 1583.164914
-12235.988651 -15509.000000 1583.155544
-12237.988629 -15509.000000 1583.146173
-12239.988608 -15509.000000 1583.136803
-12241.988586 -15509.000000 1583.127433
-12243.988564 -15509.000000 1583.118062
-12245.988542 -15509.000000 1583.108692
-12247.988520 -15509.000000 1583.099322
-12249.988498 -15509.000000 1583.089951
-12251.988476 -15509.000000 1583.080581
-12253.988454 -15509.000000 1583.071211
-12255.988432 -15509.000000 1583.061840
-12257.988410 -15509.000000 1583.052470
-12259.988388 -15509.000000 1583.043100
-12261.988366 -15509.000000 1583.033729
-12263.988344 -15509.000000 1583.024359
-12265.988322 -15509.000000 1583.014989
-12267.988300 -15509.000000 1583.005619
-12269.988278 -15509.000000 1582.996248
-12271.988256 -15509.000000 1582.986878
-12273.988234 -15509.000000 1582.977508
-12275.988212 -15509.000000 1582.968137
-12277.988190 -15509.000000 1582.958767
-12279.988168 -15509.000000 1582.949397
-12281.988147 -15509.000000 1582.940026
-12283.988125 -15509.000000 1582.930656
-12285.988103 -15509.000000 1582.921286
-12287.988081 -15509.000000 1582.911915
-12289.988059 -15509.000000 1582.902545
-12291.988037 -15509.000000 1582.893175
-12293.988015 -15509.000000 1582.883804
-12295.987993 -15509.000000 1582.874434
-12297.987971 -15509.000000 1582.865064
-12299.987949 -15509.000000 1582.855693
-12301.987927 -15509.000000 1582.846323
-12303.987905 -15509.000000 1582.836953
-12305.987883 -15509.000000 1582.827582
-12307.987861 -15509.000000 1582.818212
-12309.987839 -15509.000000 1582.808842
-12311.987817 -15509.000000 1582.799471
-12313.987795 -15509.000000 1582.790101
-12315.987773 -15509.000000 1582.780731
-12317.987751 -15509.000000 1582.771360
-12319.987729 -15509.000000 1582.761990
-12321.987708 -15509.000000 1582.752620
-12323.987686 -15509.000000 1582.743249
-12325.987664 -15509.000000 1582.733879
-12327.987642 -15509.000000 1582.724509
-12329.987620 -15509.000000 1582.715139
-12331.987598 -15509.000000 1582.705768
-12333.987576 -15509.000000 1582.696398
-12335.987554 -15509.000000 1582.687028
-12337.987532 -15509.000000 1582.677657
-12339.987510 -15509.000000 1582.668287
-12341.987488 -15509.000000 1582.658917
-12343.987466 -15509.000000 1582.649546
-12345.987444 -15509.000000 1582.640176
-12347.987422 -15509.000000 1582.630806
-12349.987400 -15509.000000 1582.621435
-12351.987378 -15509.000000 1582.612065
-12353.987356 -15509.000000 1582.602695
-12355.987334 -15509.000000 1582.593324
-12357.987312 -15509.000000 1582.583954
-12359.987290 -15509.000000 1582.574584
-12361.987269 -15509.000000 1582.565213
-12363.987247 -15509.000000 1582.555843
-12365.987225 -15509.000000 1582.546473
-12367.987203 -15509.000000 1582.537102
-12369.987181 -15509.000000 1582.527732
-12371.987159 -15509.000000 1582.518362
-12373.987137 -15509.000000 1582.508991
-12375.987115 -15509.000000 1582.499621
-12377.987093 -15509.000000 1582.490251
-12379.987071 -15509.000000 1582.480880
-12381.987049 -15509.000000 1582.471510
-12383.987027 -15509.000000 1582.462140
-12385.987005 -15509.000000 1582.452770
-12387.986983 -15509.000000 1582.443399
-12389.986961 -15509.000000 1582.434029
-12391.986939 -15509.000000 1582.424659
-12393.986917 -15509.000000 1582.415288
-12395.986895 -15509.000000 1582.405918
-12397.986873 -15509.000000 1582.396548
-12399.986851 -15509.000000 1582.387177
-12401.986829 -15509.000000 1582.377807
-12403.986808 -15509.000000 1582.368437
-12405.986786 -15509.000000 1582.359066
-12407.986764 -15509.000000 1582.349696
-12409.986742 -15509.000000 1582.340326
-12411.986720 -15509.000000 1582.330955
-12413.986698 -15509.000000 1582.321585
-12415.986676 -15509.000000 1582.312215
-12417.986654 -15509.000000 1582.302844
-12419.986632 -15509.000000 1582.293474
-12421.986610 -15509.000000 1582.284104
-12423.986588 -15509.000000 1582.274733
-12425.986566 -15509.000000 1582.265363
-12427.986544 -15509.000000 1582.255993
-12429.986522 -15509.000000 1582.246622
-12431.986500 -15509.000000 1582.237252
-12433.986478 -15509.000000 1582.227882
-12435.986456 -15509.000000 1582.218511
-12437.986434 -15509.000000 1582.209141
-12439.986412 -15509.000000 1582.199771
-12441.986390 -15509.000000 1582.190401
-12443.986369 -15509.000000 1582.181030
-12445.986347 -15509.000000 1582.171660
-12447.986325 -15509.000000 1582.162290
-12449.986303 -15509.000000 1582.152919
-12451.986281 -15509.000000 1582.143549
-12453.986259 -15509.000000 1582.134179
-12455.986237 -15509.000000 1582.124808
-12457.986215 -15509.000000 1582.115438
-12459.986193 -15509.000000 1582.106068
-12461.986171 -15509.000000 1582.096697
-12463.986149 -15509.000000 1582.087327
-12465.986127 -15509.000000 1582.077957
-12467.986105 -15509.000000 1582.068586
-12469.986083 -15509.000000 1582.059216
-12471.986061 -15509.000000 1582.049846
-12473.986039 -15509.000000 1582.040475
-12475.986017 -15509.000000 1582.031105
-12477.985995 -15509.000000 1582.021735
-12479.985973 -15509.000000 1582.012364
-12481.985951 -15509.000000 1582.002994
-12483.985930 -15509.000000 1581.993624
-12485.985908 -15509.000000 1581.984253
-12487.985886 -15509.000000 1581.974883
-12489.985864 -15509.000000 1581.965513
-12491.985842 -15509.000000 1581.956142
-12493.985820 -15509.000000 1581.946772
-12495.985798 -15509.000000 1581.937402
-12497.985776 -15509.000000 1581.928032
-12499.985754 -15509.000000 1581.918661
-12501.985732 -15509.000000 1581.909291
-12503.985710 -15509.000000 1581.899921
-12505.985688 -15509.000000 1581.890550
-12507.985666 -15509.000000 1581.881180
-12509.985644 -15509.000000 1581.871810
-12511.985622 -15509.000000 1581.862439
-12513.985600 -15509.000000 1581.853069
-12515.985578 -15509.000000 1581.843699
-12517.985556 -15509.000000 1581.834328
-12519.985534 -15509.000000 1581.824958
-12521.985512 -15509.000000 1581.815588
-12523.985490 -15509.000000 1581.806217
-12525.985469 -15509.000000 1581.796847
-12527.985447 -15509.000000 1581.787477
-12529.985425 -15509.000000 1581.778106
-12531.985403 -15509.000000 1581.768736
-12533.985381 -15509.000000 1581.759366
-12535.985359 -15509.000000 1581.749995
-12537.985337 -15509.000000 1581.740625
-12539.985315 -15509.000000 1581.731255
-12541.985293 -15509.000000 1581.721884
-12543.985271 -15509.000000 1581.712514
-12545.985249 -15509.000000 1581.703144
-12547.985227 -15509.000000 1581.693773
-12549.985205 -15509.000000 1581.684403
-12551.985183 -15509.000000 1581.675033
-12553.985161 -15509.000000 1581.665662
-12555.985139 -15509.000000 1581.656292
-12557.985117 -15509.000000 1581.646922
-12559.985095 -15509.000000 1581.637552
-12561.985073 -15509.000000 1581.628181
-12563.985051 -15509.000000 1581.618811
-12565.985030 -15509.000000 1581.609441
-12567.985008 -15509.000000 1581.600070
-12569.984986 -15509.000000 1581.590700
-12571.984964 -15509.000000 1581.581330
-12573.984942 -15509.000000 1581.571959
-12575.984920 -15509.000000 1581.562589
-12577.984898 -15509.000000 1581.553219
-12579.984876 -15509.000000 1581.543848
-12581.984854 -15509.000000 1581.534478
-12583.984832 -15509.000000 1581.525108
-12585.984810 -15509.000000 1581.515737
-12587.984788 -15509.000000 1581.506367
-12589.984766 -15509.000000 1581.496997
-12591.984744 -15509.000000 1581.487626
-12593.984722 -15509.000000 1581.478256
-12595.984700 -15509.000000 1581.468886
-12597.984678 -15509.000000 1581.459515
-12599.984656 -15509.000000 1581.450145
-12601.984634 -15509.000000 1581.440775
-12603.984612 -15509.000000 1581.431404
-12605.984591 -15509.000000 1581.422034
-12607.984569 -15509.000000 1581.412664
-12609.984547 -15509.000000 1581.403293
-12611.984525 -15509.000000 1581.393923
-12613.984503 -15509.000000 1581.384553
-12615.984481 -15509.000000 1581.375183
-12617.984459 -15509.000000 1581.365812
-12619.984437 -15509.000000 1581.356442
-12621.984415 -15509.000000 1581.347072
-12623.984393 -15509.000000 1581.337701
-12625.984371 -15509.000000 1581.328331
-12627.984349 -15509.000000 1581.318961
-12629.984327 -15509.000000 1581.309590
-12631.984305 -15509.000000 1581.300220
-12633.984283 -15509.000000 1581.290850
-12635.984261 -15509.000000 1581.281479
-12637.984239 -15509.000000 1581.272109
-12639.984217 -15509.000000 1581.262739
-12641.984195 -15509.000000 1581.253368
-12643.984173 -15509.000000 1581.243998
-12645.984151 -15509.000000 1581.234628
-12647.984130 -15509.000000 1581.225257
-12649.984108 -15509.000000 1581.215887
-12651.984086 -15509.000000 1581.206517
-12653.984064 -15509.000000 1581.197146
-12655.984042 -15509.000000 1581.187776
-12657.984020 -15509.000000 1581.178406
-12659.983998 -15509.000000 1581.169035
-12661.983976 -15509.000000 1581.159665
-12663.983954 -15509.000000 1581.150295
-12665.983932 -15509.000000 1581.140924
-12667.983910 -15509.000000 1581.131554
-12669.983888 -15509.000000 1581.122184
-12671.983866 -15509.000000 1581.112814
-12673.983844 -15509.000000 1581.103443
-12675.983822 -15509.000000 1581.094073
-12677.983800 -15509.000000 1581.084703
-12679.983778 -15509.000000 1581.075332
-12681.983756 -15509.000000 1581.065962
-12683.983734 -15509.000000 1581.056592
-12685.983712 -15509.000000 1581.047221
-12687.983691 -15509.000000 1581.037851
-12689.983669 -15509.000000 1581.028481
-12691.983647 -15509.000000 1581.019110
-12693.983625 -15509.000000 1581.009740
-12695.983603 -15509.000000 1581.000370
-12697.983581 -15509.000000 1580.990999
-12699.983559 -15509.000000 1580.981629
-12701.983537 -15509.000000 1580.972259
-12703.983515 -15509.000000 1580.962888
-12705.983493 -15509.000000 1580.953518
-12707.983471 -15509.000000 1580.944148
-12709.983449 -15509.000000 1580.934777
-12711.983427 -15509.000000 1580.925407
-12713.983405 -15509.000000 1580.916037
-12715.983383 -15509.000000 1580.906666
-12717.983361 -15509.000000 1580.897296
-12719.983339 -15509.000000 1580.887926
-12721.983317 -15509.000000 1580.878555
-12723.983295 -15509.000000 1580.869185
-12725.983273 -15509.000000 1580.859815
-12727.983251 -15509.000000 1580.850445
-12729.983230 -15509.000000 1580.841074
-12731.983208 -15509.000000 1580.831704
-12733.983186 -15509.000000 1580.822334
-12735.983164 -15509.000000 1580.812963
-12737.983142 -15509.000000 1580.803593
-12739.983120 -15509.000000 1580.794223
-12741.983098 -15509.000000 1580.784852
-12743.983076 -15509.000000 1580.775482
-12745.983054 -15509.000000 1580.766112
-12747.983032 -15509.000000 1580.756741
-12749.983010 -15509.000000 1580.747371
-12751.982988 -15509.000000 1580.738001
-12753.982966 -15509.000000 1580.728630
-12755.982944 -15509.000000 1580.719260
-12757.982922 -15509.000000 1580.709890
-12759.982900 -15509.000000 1580.700519
-12761.982878 -15509.000000 1580.691149
-12763.982856 -15509.000000 1580.681779
-12765.982834 -15509.000000 1580.672408
-12767.982812 -15509.000000 1580.663038
-12769.982791 -15509.000000 1580.653668
-12771.982769 -15509.000000 1580.644297
-12773.982747 -15509.000000 1580.634927
-12775.982725 -15509.000000 1580.625557
-12777.982703 -15509.000000 1580.616186
-12779.982681 -15509.000000 1580.606816
-12781.982659 -15509.000000 1580.597446
-12783.982637 -15509.000000 1580.588075
-12785.982615 -15509.000000 1580.578705
-12787.982593 -15509.000000 1580.569335
-12789.982571 -15509.000000 1580.559965
-12791.982549 -15509.000000 1580.550594
-12793.982527 -15509.000000 1580.541224
-12795.982505 -15509.000000 1580.531854
-12797.982483 -15509.000000 1580.522483
-12799.982461 -15509.000000 1580.513113
-12801.982439 -15509.000000 1580.503743
-12803.982417 -15509.000000 1580.494372
-12805.982395 -15509.000000 1580.485002
-12807.982373 -15509.000000 1580.475632
-12809.982352 -15509.000000 1580.466261
-12811.982330 -15509.000000 1580.456891
-12813.982308 -15509.000000 1580.447521
-12815.982286 -15509.000000 1580.438150
-12817.982264 -15509.000000 1580.428780
-12819.982242 -15509.000000 1580.419410
-12821.982220 -15509.000000 1580.410039
-12823.982198 -15509.000000 1580.400669
-12825.982176 -15509.000000 1580.391299
-12827.982154 -15509.000000 1580.381928
-12829.982132 -15509.000000 1580.372558
-12831.982110 -15509.000000 1580.363188
-12833.982088 -15509.000000 1580.353817
-12835.982066 -15509.000000 1580.344447
-12837.982044 -15509.000000 1580.335077
-12839.982022 -15509.000000 1580.325706
-12841.982000 -15509.000000 1580.316336
-12843.981978 -15509.000000 1580.306966
-12845.981956 -15509.000000 1580.297596
-12847.981934 -15509.000000 1580.288225
-12849.981912 -15509.000000 1580.278855
-12851.981891 -15509.000000 1580.269485
-12853.981869 -15509.000000 1580.260114
-12855.981847 -15509.000000 1580.250744
-12857.981825 -15509.000000 1580.241374
-12859.981803 -15509.000000 1580.232003
-12861.981781 -15509.000000 1580.222633
-12863.981759 -15509.000000 1580.213263
-12865.981737 -15509.000000 1580.203892
-12867.981715 -15509.000000 1580.194522
-12869.981693 -15509.000000 1580.185152
-12871.981671 -15509.000000 1580.175781
-12873.981649 -15509.000000 1580.166411
-12875.981627 -15509.000000 1580.157041
-12877.981605 -15509.000000 1580.147670
-12879.981583 -15509.000000 1580.138300
-12881.981561 -15509.000000 1580.128930
-12883.981539 -15509.000000 1580.119559
-12885.981517 -15509.000000 1580.110189
-12887.981495 -15509.000000 1580.100819
-12889.981473 -15509.000000 1580.091448
-12891.981452 -15509.000000 1580.082078
-12893.981430 -15509.000000 1580.072708
-12895.981408 -15509.000000 1580.063337
-12897.981386 -15509.000000 1580.053967
-12899.981364 -15509.000000 1580.044597
-12901.981342 -15509.000000 1580.035227
-12903.981320 -15509.000000 1580.025856
-12905.981298 -15509.000000 1580.016486
-12909.500000 -15509.000000 1580.000000
-12909.517148 -15508.972800 1578.000258
-12909.534296 -15508.945599 1576.000517
-12909.551444 -15508.918399 1574.000775
-12909.568592 -15508.891199 1572.001034
-12909.585740 -15508.863999 1570.001292
-12909.602888 -15508.836798 1568.001551
-12909.620036 -15508.809598 1566.001809
-12909.637184 -15508.782398 1564.002068
-12909.654332 -15508.755198 1562.002326
-12909.671480 -15508.727997 1560.002585
-12909.688628 -15508.700797 1558.002843
-12909.705776 -15508.673597 1556.003102
-12909.722924 -15508.646397 1554.003360
-12909.740072 -15508.619196 1552.003619
-12909.757220 -15508.591996 1550.003877
-12909.774368 -15508.564796 1548.004136
-12909.791516 -15508.537596 1546.004394
-12909.808664 -15508.510395 1544.004653
-12909.825812 -15508.483195 1542.004911
-12909.842960 -15508.455995 1540.005170
-12909.860108 -15508.428795 1538.005428
-12909.877256 -15508.401594 1536.005687
-12909.894404 -15508.374394 1534.005945
-12909.911552 -15508.347194 1532.006204
-12909.928700 -15508.319994 1530.006462
-12909.945848 -15508.292793 1528.006721
-12909.962996 -15508.265593 1526.006979
-12909.980144 -15508.238393 1524.007238
-12909.997292 -15508.211193 1522.007496
-12910.014440 -15508.183992 1520.007755
-12910.031588 -15508.156792 1518.008013
-12910.048736 -15508.129592 1516.008272
-12910.065884 -15508.102392 1514.008530
-12910.083032 -15508.075191 1512.008789
-12910.100180 -15508.047991 1510.009047
-12910.117328 -15508.020791 1508.009306
-12910.134476 -15507.993591 1506.009564
-12910.151624 -15507.966390 1504.009823
-12910.168772 -15507.939190 1502.010081
-12910.185919 -15507.911990 1500.010340
-12910.203067 -15507.884790 1498.010598
-12910.220215 -15507.857589 1496.010857
-12910.237363 -15507.830389 1494.011115
-12910.254511 -15507.803189 1492.011374
-12910.271659 -15507.775988 1490.011632
-12910.288807 -15507.748788 1488.011891
-12910.305955 -15507.721588 1486.012149
-12910.323103 -15507.694388 1484.012408
-12910.340251 -15507.667187 1482.012666
-12910.357399 -15507.639987 1480.012925
-12910.374547 -15507.612787 1478.013183
-12910.391695 -15507.585587 1476.013442
-12910.408843 -15507.558386 1474.013700
-12910.425991 -15507.531186 1472.013959
-12910.443139 -15507.503986 1470.014217
-12910.460287 -15507.476786 1468.014476
-12910.477435 -15507.449585 1466.014734
-12910.494583 -15507.422385 1464.014993
-12910.511731 -15507.395185 1462.015251
-12910.528879 -15507.367985 1460.015510
-12910.546027 -15507.340784 1458.015768
-12910.563175 -15507.313584 1456.016027
-12910.580323 -15507.286384 1454.016285
-12910.597471 -15507.259184 1452.016544
-12910.614619 -15507.231983 1450.016802
-12910.631767 -15507.204783 1448.017061
-12910.648915 -15507.177583 1446.017319
-12910.666063 -15507.150383 1444.017578
-12910.683211 -15507.123182 1442.017836
-12910.700359 -15507.095982 1440.018095
-12910.717507 -15507.068782 1438.018353
-12910.734655 -15507.041582 1436.018612
-12910.751803 -15507.014381 1434.018870
-12910.768951 -15506.987181 1432.019129
-12910.786099 -15506.959981 1430.019387
-12910.803247 -15506.932781 1428.019646
-12910.820395 -15506.905580 1426.019904
-12910.837543 -15506.878380 1424.020162
-12910.854691 -15506.851180 1422.020421
-12910.871839 -15506.823980 1420.020679
-12910.888987 -15506.796779 1418.020938
-12910.906135 -15506.769579 1416.021196
-12910.923283 -15506.742379 1414.021455
-12910.940431 -15506.715179 1412.021713
-12910.957579 -15506.687978 1410.021972
-12910.974727 -15506.660778 1408.022230
-12910.991875 -15506.633578 1406.022489
-12911.009023 -15506.606378 1404.022747
-12911.026171 -15506.579177 1402.023006
-12911.043319 -15506.551977 1400.023264
-12911.060467 -15506.524777 1398.023523
-12911.077615 -15506.497576 1396.023781
-12911.094763 -15506.470376 1394.024040
-12911.111911 -15506.443176 1392.024298
-12911.129059 -15506.415976 1390.024557
-12911.146207 -15506.388775 1388.024815
-12911.163355 -15506.361575 1386.025074
-12911.180503 -15506.334375 1384.025332
-12911.197651 -15506.307175 1382.025591
-12911.214799 -15506.279974 1380.025849
-12911.231947 -15506.252774 1378.026108
-12911.249095 -15506.225574 1376.026366
-12911.266243 -15506.198374 1374.026625
-12911.283391 -15506.171173 1372.026883
-12911.300539 -15506.143973 1370.027142
-12911.317687 -15506.116773 1368.027400
-12911.334835 -15506.089573 1366.027659
-12911.351983 -15506.062372 1364.027917
-12911.369131 -15506.035172 1362.028176
-12911.386279 -15506.007972 1360.028434
-12911.403427 -15505.980772 1358.028693
-12911.420575 -15505.953571 1356.028951
-12911.437723 -15505.926371 1354.029210
-12911.454871 -15505.899171 1352.029468
-12911.472019 -15505.871971 1350.029727
-12911.489167 -15505.844770 1348.029985
-12911.506315 -15505.817570 1346.030244
-12911.523462 -15505.790370 1344.030502
-12911.540610 -15505.763170 1342.030761
-12911.557758 -15505.735969 1340.031019
-12911.574906 -15505.708769 1338.031278
-12911.592054 -15505.681569 1336.031536
-12911.609202 -15505.654369 1334.031795
-12911.626350 -15505.627168 1332.032053
-12911.643498 -15505.599968 1330.032312
-12911.660646 -15505.572768 1328.032570
-12911.677794 -15505.545568 1326.032829
-12911.694942 -15505.518367 1324.033087
-12911.712090 -15505.491167 1322.033346
-12911.729238 -15505.463967 1320.033604
-12911.746386 -15505.436767 1318.033863
-12911.763534 -15505.409566 1316.034121
-12911.780682 -15505.382366 1314.034380
-12911.797830 -15505.355166 1312.034638
-12911.814978 -15505.327965 1310.034897
-12911.832126 -15505.300765 1308.035155
-12911.849274 -15505.273565 1306.035414
-12911.866422 -15505.246365 1304.035672
-12911.883570 -15505.219164 1302.035931
-12911.900718 -15505.191964 1300.036189
-12911.917866 -15505.164764 1298.036448
-12911.935014 -15505.137564 1296.036706
-12911.952162 -15505.110363 1294.036965
-12911.969310 -15505.083163 1292.037223
-12911.986458 -15505.055963 1290.037482
-12912.003606 -15505.028763 1288.037740
-12912.020754 -15505.001562 1286.037999
-12912.037902 -15504.974362 1284.038257
-12912.055050 -15504.947162 1282.038516
-12912.072198 -15504.919962 1280.038774
-12912.089346 -15504.892761 1278.039033
-12912.106494 -15504.865561 1276.039291
-12912.123642 -15504.838361 1274.039550
-12912.140790 -15504.811161 1272.039808
-12912.157938 -15504.783960 1270.040066
-12912.175086 -15504.756760 1268.040325
-12912.192234 -15504.729560 1266.040583
-12912.209382 -15504.702360 1264.040842
-12912.226530 -15504.675159 1262.041100
-12912.243678 -15504.647959 1260.041359
-12912.260826 -15504.620759 1258.041617
-12912.277974 -15504.593559 1256.041876
-12912.295122 -15504.566358 1254.042134
-12912.312270 -15504.539158 1252.042393
-12912.329418 -15504.511958 1250.042651
-12912.346566 -15504.484758 1248.042910
-12912.363714 -15504.457557 1246.043168
-12912.380862 -15504.430357 1244.043427
-12912.398010 -15504.403157 1242.043685
-12912.415158 -15504.375957 1240.043944
-12912.432306 -15504.348756 1238.044202
-12912.449454 -15504.321556 1236.044461
-12912.466602 -15504.294356 1234.044719
-12912.483750 -15504.267156 1232.044978
-12912.500898 -15504.239955 1230.045236
-12912.518046 -15504.212755 1228.045495
-12912.535194 -15504.185555 1226.045753
-12912.552342 -15504.158354 1224.046012
-12912.569490 -15504.131154 1222.046270
-12912.586638 -15504.103954 1220.046529
-12912.603786 -15504.076754 1218.046787
-12912.620934 -15504.049553 1216.047046
-12912.638082 -15504.022353 1214.047304
-12912.655230 -15503.995153 1212.047563
-12912.672378 -15503.967953 1210.047821
-12912.689526 -15503.940752 1208.048080
-12912.706674 -15503.913552 1206.048338
-12912.723822 -15503.886352 1204.048597
-12912.740970 -15503.859152 1202.048855
-12912.758118 -15503.831951 1200.049114
-12912.775266 -15503.804751 1198.049372
-12912.792414 -15503.777551 1196.049631
-12912.809562 -15503.750351 1194.049889
-12912.826710 -15503.723150 1192.050148
-12912.843858 -15503.695950 1190.050406
-12912.861005 -15503.668750 1188.050665
-12912.878153 -15503.641550 1186.050923
-12912.895301 -15503.614349 1184.051182
-12912.912449 -15503.587149 1182.051440
-12912.929597 -15503.559949 1180.051699
-12912.946745 -15503.532749 1178.051957
-12912.963893 -15503.505548 1176.052216
-12912.981041 -15503.478348 1174.052474
-12912.998189 -15503.451148 1172.052733
-12913.015337 -15503.423948 1170.052991
-12913.032485 -15503.396747 1168.053250
-12913.049633 -15503.369547 1166.053508
-12913.066781 -15503.342347 1164.053767
-12913.083929 -15503.315147 1162.054025
-12913.101077 -15503.287946 1160.054284
-12913.118225 -15503.260746 1158.054542
-12913.135373 -15503.233546 1156.054801
-12913.152521 -15503.206346 1154.055059
-12913.169669 -15503.179145 1152.055318
-12913.186817 -15503.151945 1150.055576
-12913.203965 -15503.124745 1148.055835
-12913.221113 -15503.097545 1146.056093
-12913.238261 -15503.070344 1144.056352
-12913.255409 -15503.043144 1142.056610
-12913.272557 -15503.015944 1140.056869
-12913.289705 -15502.988744 1138.057127
-12913.306853 -15502.961543 1136.057386
-12913.324001 -15502.934343 1134.057644
-12913.341149 -15502.907143 1132.057903
-12913.358297 -15502.879942 1130.058161
-12913.375445 -15502.852742 1128.058420
-12913.392593 -15502.825542 1126.058678
-12913.409741 -15502.798342 1124.058937
-12913.426889 -15502.771141 1122.059195
-12913.444037 -15502.743941 1120.059454
-12913.461185 -15502.716741 1118.059712
-12913.478333 -15502.689541 1116.059971
-12913.495481 -15502.662340 1114.060229
-12913.512629 -15502.635140 1112.060487
-12913.529777 -15502.607940 1110.060746
-12913.546925 -15502.580740 1108.061004
-12913.564073 -15502.553539 1106.061263
-12913.581221 -15502.526339 1104.061521
-12913.598369 -15502.499139 1102.061780
-12913.615517 -15502.471939 1100.062038
-12913.632665 -15502.444738 1098.062297
-12913.649813 -15502.417538 1096.062555
-12913.666961 -15502.390338 1094.062814
-12913.684109 -15502.363138 1092.063072
-12913.701257 -15502.335937 1090.063331
-12913.718405 -15502.308737 1088.063589
-12913.735553 -15502.281537 1086.063848
-12913.752701 -15502.254337 1084.064106
-12913.769849 -15502.227136 1082.064365
-12913.786997 -15502.199936 1080.064623
-12913.804145 -15502.172736 1078.064882
-12913.821293 -15502.145536 1076.065140
-12913.838441 -15502.118335 1074.065399
-12913.855589 -15502.091135 1072.065657
-12913.872737 -15502.063935 1070.065916
-12913.889885 -15502.036735 1068.066174
-12913.907033 -15502.009534 1066.066433
-12913.924181 -15501.982334 1064.066691
-12913.941329 -15501.955134 1062.066950
-12913.958477 -15501.927934 1060.067208
-12913.975625 -15501.900733 1058.067467
-12913.992773 -15501.873533 1056.067725
-12914.009921 -15501.846333 1054.067984
-12914.027069 -15501.819133 1052.068242
-12914.044217 -15501.791932 1050.068501
-12914.061365 -15501.764732 1048.068759
-12914.078513 -15501.737532 1046.069018
-12914.095661 -15501.710331 1044.069276
-12914.112809 -15501.683131 1042.069535
-12914.129957 -15501.655931 1040.069793
-12914.147105 -15501.628731 1038.070052
-12914.164253 -15501.601530 1036.070310
-12914.181401 -15501.574330 1034.070569
-12914.198549 -15501.547130 1032.070827
-12914.215696 -15501.519930 1030.071086
-12914.232844 -15501.492729 1028.071344
-12914.249992 -15501.465529 1026.071603
-12914.267140 -15501.438329 1024.071861
-12914.284288 -15501.411129 1022.072120
-12914.301436 -15501.383928 1020.072378
-12914.318584 -15501.356728 1018.072637
-12914.335732 -15501.329528 1016.072895
-12914.352880 -15501.302328 1014.073154
-12914.370028 -15501.275127 1012.073412
-12914.387176 -15501.247927 1010.073671
-12914.404324 -15501.220727 1008.073929
-12914.421472 -15501.193527 1006.074188
-12914.438620 -15501.166326 1004.074446
-12914.455768 -15501.139126 1002.074705
-12914.472916 -15501.111926 1000.074963
-12914.490064 -15501.084726 998.075222
-12914.507212 -15501.057525 996.075480
-12914.524360 -15501.030325 994.075739
-12914.541508 -15501.003125 992.075997
-12914.558656 -15500.975925 990.076256
-12914.575804 -15500.948724 988.076514
-12914.592952 -15500.921524 986.076773
-12914.610100 -15500.894324 984.077031
-12914.627248 -15500.867124 982.077290
-12914.644396 -15500.839923 980.077548
-12914.661544 -15500.812723 978.077807
-12914.678692 -15500.785523 976.078065
-12914.695840 -15500.758323 974.078324
-12914.712988 -15500.731122 972.078582
-12914.730136 -15500.703922 970.078841
-12914.747284 -15500.676722 968.079099
-12914.764432 -15500.649522 966.079358
-12914.781580 -15500.622321 964.079616
-12914.798728 -15500.595121 962.079875
-12914.815876 -15500.567921 960.080133
-12914.833024 -15500.540721 958.080391
-12914.850172 -15500.513520 956.080650
-12914.867320 -15500.486320 954.080908
-12914.884468 -15500.459120 952.081167
-12914.901616 -15500.431919 950.081425
-12914.918764 -15500.404719 948.081684
-12914.935912 -15500.377519 946.081942
-12914.953060 -15500.350319 944.082201
-12914.970208 -15500.323118 942.082459
-12914.987356 -15500.295918 940.082718
-12915.004504 -15500.268718 938.082976
-12915.021652 -15500.241518 936.083235
-12915.038800 -15500.214317 934.083493
-12915.055948 -15500.187117 932.083752
-12915.073096 -15500.159917 930.084010
-12915.090244 -15500.132717 928.084269
-12915.107392 -15500.105516 926.084527
-12915.124540 -15500.078316 924.084786
-12915.141688 -15500.051116 922.085044
-12915.158836 -15500.023916 920.085303
-12915.175984 -15499.996715 918.085561
-12915.193132 -15499.969515 916.085820
-12915.210280 -15499.942315 914.086078
-12915.227428 -15499.915115 912.086337
-12915.244576 -15499.887914 910.086595
-12915.261724 -15499.860714 908.086854
-12915.278872 -15499.833514 906.087112
-12915.296020 -15499.806314 904.087371
-12915.313168 -15499.779113 902.087629
-12915.330316 -15499.751913 900.087888
-12915.347464 -15499.724713 898.088146
-12915.364612 -15499.697513 896.088405
-12915.381760 -15499.670312 894.088663
-12915.398908 -15499.643112 892.088922
-12915.416056 -15499.615912 890.089180
-12915.433204 -15499.588712 888.089439
-12915.450352 -15499.561511 886.089697
-12915.467500 -15499.534311 884.089956
-12915.484648 -15499.507111 882.090214
-12915.501796 -15499.479911 880.090473
-12915.518944 -15499.452710 878.090731
-12915.536092 -15499.425510 876.090990
-12915.553239 -15499.398310 874.091248
-12915.570387 -15499.371110 872.091507
-12915.587535 -15499.343909 870.091765
-12915.604683 -15499.316709 868.092024
-12915.621831 -15499.289509 866.092282
-12915.638979 -15499.262308 864.092541
-12915.656127 -15499.235108 862.092799
-12915.673275 -15499.207908 860.093058
-12915.690423 -15499.180708 858.093316
-12915.707571 -15499.153507 856.093575
-12915.724719 -15499.126307 854.093833
-12915.741867 -15499.099107 852.094092
-12915.759015 -15499.071907 850.094350
-12915.776163 -15499.044706 848.094609
-12915.793311 -15499.017506 846.094867
-12915.810459 -15498.990306 844.095126
-12915.827607 -15498.963106 842.095384
-12915.844755 -15498.935905 840.095643
-12915.861903 -15498.908705 838.095901
-12915.879051 -15498.881505 836.096160
-12915.896199 -15498.854305 834.096418
-12915.913347 -15498.827104 832.096677
-12915.930495 -15498.799904 830.096935
-12915.947643 -15498.772704 828.097194
-12915.964791 -15498.745504 826.097452
-12915.981939 -15498.718303 824.097711
-12915.999087 -15498.691103 822.097969
-12916.016235 -15498.663903 820.098228
-12916.033383 -15498.636703 818.098486
-12916.050531 -15498.609502 816.098745
-12916.067679 -15498.582302 814.099003
-12916.084827 -15498.555102 812.099262
-12916.101975 -15498.527902 810.099520
-12916.119123 -15498.500701 808.099779
-12916.136271 -15498.473501 806.100037
-12916.153419 -15498.446301 804.100295
-12916.170567 -15498.419101 802.100554
-12916.187715 -15498.391900 800.100812
-12916.204863 -15498.364700 798.101071
-12916.222011 -15498.337500 796.101329
-12916.239159 -15498.310300 794.101588
-12916.256307 -15498.283099 792.101846
-12916.273455 -15498.255899 790.102105
-12916.290603 -15498.228699 788.102363
-12916.307751 -15498.201499 786.102622
-12916.324899 -15498.174298 784.102880
-12916.342047 -15498.147098 782.103139
-12916.359195 -15498.119898 780.103397
-12916.376343 -15498.092697 778.103656
-12916.393491 -15498.065497 776.103914
-12916.410639 -15498.038297 774.104173
-12916.427787 -15498.011097 772.104431
-12916.444935 -15497.983896 770.104690
-12916.462083 -15497.956696 768.104948
-12916.479231 -15497.929496 766.105207
-12916.496379 -15497.902296 764.105465
-12916.513527 -15497.875095 762.105724
-12916.530675 -15497.847895 760.105982
-12916.547823 -15497.820695 758.106241
-12916.564971 -15497.793495 756.106499
-12916.582119 -15497.766294 754.106758
-12916.599267 -15497.739094 752.107016
-12916.616415 -15497.711894 750.107275
-12916.633563 -15497.684694 748.107533
-12916.650711 -15497.657493 746.107792
-12916.667859 -15497.630293 744.108050
-12916.685007 -15497.603093 742.108309
-12916.702155 -15497.575893 740.108567
-12916.719303 -15497.548692 738.108826
-12916.736451 -15497.521492 736.109084
-12916.753599 -15497.494292 734.109343
-12916.770747 -15497.467092 732.109601
-12916.787895 -15497.439891 730.109860
-12916.805043 -15497.412691 728.110118
-12916.822191 -15497.385491 726.110377
-12916.839339 -15497.358291 724.110635
-12916.856487 -15497.331090 722.110894
-12916.873635 -15497.303890 720.111152
-12916.890783 -15497.276690 718.111411
-12916.907930 -15497.249490 716.111669
-12916.925078 -15497.222289 714.111928
-12916.942226 -15497.195089 712.112186
-12916.959374 -15497.167889 710.112445
-12916.976522 -15497.140689 708.112703
-12916.993670 -15497.113488 706.112962
-12917.010818 -15497.086288 704.113220
-12917.027966 -15497.059088 702.113479
-12917.045114 -15497.031888 700.113737
-12917.062262 -15497.004687 698.113996
-12917.079410 -15496.977487 696.114254
-12917.096558 -15496.950287 694.114513
-12917.113706 -15496.923087 692.114771
-12917.130854 -15496.895886 690.115030
-12917.148002 -15496.868686 688.115288
-12917.165150 -15496.841486 686.115547
-12917.182298 -15496.814285 684.115805
-12917.199446 -15496.787085 682.116064
-12917.216594 -15496.759885 680.116322
-12917.233742 -15496.732685 678.116581
-12917.250890 -15496.705484 676.116839
-12917.268038 -15496.678284 674.117098
-12917.285186 -15496.651084 672.117356
-12917.302334 -15496.623884 670.117615
-12917.319482 -15496.596683 668.117873
-12917.336630 -15496.569483 666.118132
-12917.353778 -15496.542283 664.118390
-12917.370926 -15496.515083 662.118649
-12917.388074 -15496.487882 660.118907
-12917.405222 -15496.460682 658.119166
-12917.422370 -15496.433482 656.119424
-12917.439518 -15496.406282 654.119683
-12917.456666 -15496.379081 652.119941
-12917.473814 -15496.351881 650.120199
-12917.490962 -15496.324681 648.120458
-12917.508110 -15496.297481 646.120716
-12917.525258 -15496.270280 644.120975
-12917.542406 -15496.243080 642.121233
-12917.559554 -15496.215880 640.121492
-12917.576702 -15496.188680 638.121750
-12917.593850 -15496.161479 636.122009
-12917.610998 -15496.134279 634.122267
-12917.628146 -15496.107079 632.122526
-12917.645294 -15496.079879 630.122784
-12917.662442 -15496.052678 628.123043
-12917.679590 -15496.025478 626.123301
-12917.696738 -15495.998278 624.123560
-12917.713886 -15495.971078 622.123818
-12917.731034 -15495.943877 620.124077
-12917.748182 -15495.916677 618.124335
-12917.765330 -15495.889477 616.124594
-12917.782478 -15495.862277 614.124852
-12917.799626 -15495.835076 612.125111
-12917.816774 -15495.807876 610.125369
-12917.833922 -15495.780676 608.125628
-12917.851070 -15495.753476 606.125886
-12917.868218 -15495.726275 604.126145
-12917.885366 -15495.699075 602.126403
-12917.902514 -15495.671875 600.126662
-12917.919662 -15495.644674 598.126920
-12917.936810 -15495.617474 596.127179
-12917.953958 -15495.590274 594.127437
-12917.971106 -15495.563074 592.127696
-12917.988254 -15495.535873 590.127954
-12918.005402 -15495.508673 588.128213
-12918.022550 -15495.481473 586.128471
-12918.039698 -15495.454273 584.128730
-12918.056846 -15495.427072 582.128988
-12918.073994 -15495.399872 580.129247
-12918.091142 -15495.372672 578.129505
-12918.108290 -15495.345472 576.129764
-12918.125438 -15495.318271 574.130022
-12918.142586 -15495.291071 572.130281
-12918.159734 -15495.263871 570.130539
-12918.176882 -15495.236671 568.130798
-12918.194030 -15495.209470 566.131056
-12918.211178 -15495.182270 564.131315
-12918.228326 -15495.155070 562.131573
-12918.245473 -15495.127870 560.131832
-12918.262621 -15495.100669 558.132090
-12918.279769 -15495.073469 556.132349
-12918.296917 -15495.046269 554.132607
-12918.314065 -15495.019069 552.132866
-12918.331213 -15494.991868 550.133124
-12918.348361 -15494.964668 548.133383
-12918.365509 -15494.937468 546.133641
-12918.382657 -15494.910268 544.133900
-12918.399805 -15494.883067 542.134158
-12918.416953 -15494.855867 540.134417
-12918.434101 -15494.828667 538.134675
-12918.451249 -15494.801467 536.134934
-12918.468397 -15494.774266 534.135192
-12918.485545 -15494.747066 532.135451
-12918.502693 -15494.719866 530.135709
-12918.519841 -15494.692666 528.135968
-12918.536989 -15494.665465 526.136226
-12918.554137 -15494.638265 524.136485
-12918.571285 -15494.611065 522.136743
-12918.588433 -15494.583865 520.137002
-12918.605581 -15494.556664 518.137260
-12918.622729 -15494.529464 516.137519
-12918.639877 -15494.502264 514.137777
-12918.657025 -15494.475063 512.138036
-12918.674173 -15494.447863 510.138294
-12918.691321 -15494.420663 508.138553
-12918.708469 -15494.393463 506.138811
-12918.725617 -15494.366262 504.139070
-12918.742765 -15494.339062 502.139328
-12918.759913 -15494.311862 500.139587
-12918.777061 -15494.284662 498.139845
-12918.794209 -15494.257461 496.140104
-12918.811357 -15494.230261 494.140362
-12918.828505 -15494.203061 492.140620
-12918.845653 -15494.175861 490.140879
-12918.862801 -15494.148660 488.141137
-12918.879949 -15494.121460 486.141396
-12918.897097 -15494.094260 484.141654
-12918.914245 -15494.067060 482.141913
-12918.931393 -15494.039859 480.142171
-12918.948541 -15494.012659 478.142430
-12918.965689 -15493.985459 476.142688
-12918.982837 -15493.958259 474.142947
-12918.999985 -15493.931058 472.143205
-12919.017133 -15493.903858 470.143464
-12919.034281 -15493.876658 468.143722
-12919.051429 -15493.849458 466.143981
-12919.068577 -15493.822257 464.144239
-12919.085725 -15493.795057 462.144498
-12919.102873 -15493.767857 460.144756
-12919.120021 -15493.740657 458.145015
-12919.137169 -15493.713456 456.145273
-12919.154317 -15493.686256 454.145532
-12919.171465 -15493.659056 452.145790
-12919.188613 -15493.631856 450.146049
-12919.205761 -15493.604655 448.146307
-12919.222909 -15493.577455 446.146566
-12919.240057 -15493.550255 444.146824
-12919.257205 -15493.523055 442.147083
-12919.274353 -15493.495854 440.147341
-12919.291501 -15493.468654 438.147600
-12919.308649 -15493.441454 436.147858
-12919.325797 -15493.414254 434.148117
-12919.342945 -15493.387053 432.148375
-12919.360093 -15493.359853 430.148634
-12919.377241 -15493.332653 428.148892
-12919.394389 -15493.305453 426.149151
-12919.411537 -15493.278252 424.149409
-12919.428685 -15493.251052 422.149668
-12919.445833 -15493.223852 420.149926
-12919.462981 -15493.196651 418.150185
-12919.480129 -15493.169451 416.150443
-12919.497277 -15493.142251 414.150702
-12919.514425 -15493.115051 412.150960
-12919.531573 -15493.087850 410.151219
-12919.548721 -15493.060650 408.151477
-12919.565869 -15493.033450 406.151736
-12919.583016 -15493.006250 404.151994
-12919.600164 -15492.979049 402.152253
-12919.617312 -15492.951849 400.152511
-12919.634460 -15492.924649 398.152770
-12919.651608 -15492.897449 396.153028
-12919.668756 -15492.870248 394.153287
-12919.685904 -15492.843048 392.153545
-12919.703052 -15492.815848 390.153804
-12919.720200 -15492.788648 388.154062
-12919.737348 -15492.761447 386.154321
-12919.754496 -15492.734247 384.154579
-12919.771644 -15492.707047 382.154838
-12919.788792 -15492.679847 380.155096
-12919.805940 -15492.652646 378.155355
-12919.823088 -15492.625446 376.155613
-12919.840236 -15492.598246 374.155872
-12919.857384 -15492.571046 372.156130
-12919.874532 -15492.543845 370.156389
-12919.891680 -15492.516645 368.156647
-12919.908828 -15492.489445 366.156906
-12919.925976 -15492.462245 364.157164
-12919.943124 -15492.435044 362.157423
-12919.960272 -15492.407844 360.157681
-12919.977420 -15492.380644 358.157940
-12919.994568 -15492.353444 356.158198
-12920.011716 -15492.326243 354.158457
-12920.028864 -15492.299043 352.158715
-12920.046012 -15492.271843 350.158974
-12920.063160 -15492.244643 348.159232
-12920.080308 -15492.217442 346.159491
-12920.097456 -15492.190242 344.159749
-12920.114604 -15492.163042 342.160008
-12920.131752 -15492.135842 340.160266
-12920.148900 -15492.108641 338.160524
-12920.166048 -15492.081441 336.160783
-12920.183196 -15492.054241 334.161041
-12920.200344 -15492.027040 332.161300
-12920.217492 -15491.999840 330.161558
-12920.234640 -15491.972640 328.161817
-12920.251788 -15491.945440 326.162075
-12920.268936 -15491.918239 324.162334
-12920.286084 -15491.891039 322.162592
-12920.303232 -15491.863839 320.162851
-12920.320380 -15491.836639 318.163109
-12920.337528 -15491.809438 316.163368
-12920.354676 -15491.782238 314.163626
-12920.371824 -15491.755038 312.163885
-12920.388972 -15491.727838 310.164143
-12920.406120 -15491.700637 308.164402
-12920.423268 -15491.673437 306.164660
-12920.440416 -15491.646237 304.164919
-12920.457564 -15491.619037 302.165177
-12920.474712 -15491.591836 300.165436
-12920.491860 -15491.564636 298.165694
-12920.509008 -15491.537436 296.165953
-12920.526156 -15491.510236 294.166211
-12920.543304 -15491.483035 292.166470
-12920.560452 -15491.455835 290.166728
-12920.577600 -15491.428635 288.166987
-12920.594748 -15491.401435 286.167245
-12920.611896 -15491.374234 284.167504
-12920.629044 -15491.347034 282.167762
-12920.646192 -15491.319834 280.168021
-12920.663340 -15491.292634 278.168279
-12920.680488 -15491.265433 276.168538
-12920.697636 -15491.238233 274.168796
-12920.714784 -15491.211033 272.169055
-12920.731932 -15491.183833 270.169313
-12920.749080 -15491.156632 268.169572
-12920.766228 -15491.129432 266.169830
-12920.783376 -15491.102232 264.170089
-12920.800524 -15491.075032 262.170347
-12920.817672 -15491.047831 260.170606
-12920.834820 -15491.020631 258.170864
-12920.851968 -15490.993431 256.171123
-12920.869116 -15490.966231 254.171381
-12920.886264 -15490.939030 252.171640
-12920.903412 -15490.911830 250.171898
-12920.920560 -15490.884630 248.172157
-12920.937707 -15490.857429 246.172415
-12920.954855 -15490.830229 244.172674
-12920.972003 -15490.803029 242.172932
-12920.989151 -15490.775829 240.173191
-12921.006299 -15490.748628 238.173449
-12921.023447 -15490.721428 236.173708
-12921.040595 -15490.694228 234.173966
-12921.057743 -15490.667028 232.174225
-12921.074891 -15490.639827 230.174483
-12921.092039 -15490.612627 228.174742
-12921.109187 -15490.585427 226.175000
-12921.126335 -15490.558227 224.175259
-12921.143483 -15490.531026 222.175517
-12921.160631 -15490.503826 220.175776
-12921.177779 -15490.476626 218.176034
-12921.194927 -15490.449426 216.176293
-12921.212075 -15490.422225 214.176551
-12921.229223 -15490.395025 212.176810
-12921.246371 -15490.367825 210.177068
-12921.263519 -15490.340625 208.177327
-12921.280667 -15490.313424 206.177585
-12921.297815 -15490.286224 204.177844
-12921.314963 -15490.259024 202.178102
-12921.332111 -15490.231824 200.178361
-12921.349259 -15490.204623 198.178619
-12921.366407 -15490.177423 196.178878
-12921.383555 -15490.150223 194.179136
-12921.400703 -15490.123023 192.179395
-12921.417851 -15490.095822 190.179653
-12921.434999 -15490.068622 188.179912
-12921.452147 -15490.041422 186.180170
-12921.469295 -15490.014222 184.180428
-12921.486443 -15489.987021 182.180687
-12921.503591 -15489.959821 180.180945
-12921.520739 -15489.932621 178.181204
-12921.537887 -15489.905421 176.181462
-12921.555035 -15489.878220 174.181721
-12921.572183 -15489.851020 172.181979
-12921.589331 -15489.823820 170.182238
-12921.606479 -15489.796620 168.182496
-12921.623627 -15489.769419 166.182755
-12921.640775 -15489.742219 164.183013
-12921.657923 -15489.715019 162.183272
-12921.675071 -15489.687819 160.183530
-12921.692219 -15489.660618 158.183789
-12921.709367 -15489.633418 156.184047
-12921.726515 -15489.606218 154.184306
-12921.743663 -15489.579017 152.184564
-12921.760811 -15489.551817 150.184823
-12921.777959 -15489.524617 148.185081
-12921.795107 -15489.497417 146.185340
-12921.812255 -15489.470216 144.185598
-12921.829403 -15489.443016 142.185857
-12921.846551 -15489.415816 140.186115
-12921.863699 -15489.388616 138.186374
-12921.880847 -15489.361415 136.186632
-12921.897995 -15489.334215 134.186891
-12921.915143 -15489.307015 132.187149
-12921.932291 -15489.279815 130.187408
-12921.949439 -15489.252614 128.187666
-12921.966587 -15489.225414 126.187925
-12921.983735 -15489.198214 124.188183
-12922.000883 -15489.171014 122.188442
-12922.018031 -15489.143813 120.188700
-12922.035179 -15489.116613 118.188959
-12922.052327 -15489.089413 116.189217
-12922.069475 -15489.062213 114.189476
-12922.086623 -15489.035012 112.189734
-12922.103771 -15489.007812 110.189993
-12922.120919 -15488.980612 108.190251
-12922.138067 -15488.953412 106.190510
-12922.155215 -15488.926211 104.190768
-12922.172363 -15488.899011 102.191027
-12922.189511 -15488.871811 100.191285
-12922.206659 -15488.844611 98.191544
-12922.223807 -15488.817410 96.191802
-12922.240955 -15488.790210 94.192061
-12922.258103 -15488.763010 92.192319
-12922.275250 -15488.735810 90.192578
-12922.292398 -15488.708609 88.192836
-12922.309546 -15488.681409 86.193095
-12922.326694 -15488.654209 84.193353
-12922.343842 -15488.627009 82.193612
-12922.360990 -15488.599808 80.193870
-12922.378138 -15488.572608 78.194129
-12922.395286 -15488.545408 76.194387
-12922.412434 -15488.518208 74.194646
-12922.429582 -15488.491007 72.194904
-12922.446730 -15488.463807 70.195163
-12922.463878 -15488.436607 68.195421
-12922.481026 -15488.409406 66.195680
-12922.498174 -15488.382206 64.195938
-12922.515322 -15488.355006 62.196197
-12922.532470 -15488.327806 60.196455
-12922.549618 -15488.300605 58.196714
-12922.566766 -15488.273405 56.196972
-12922.583914 -15488.246205 54.197231
-12922.601062 -15488.219005 52.197489
-12922.618210 -15488.191804 50.197748
-12922.635358 -15488.164604 48.198006
-12922.652506 -15488.137404 46.198265
-12922.669654 -15488.110204 44.198523
-12922.686802 -15488.083003 42.198782
-12922.703950 -15488.055803 40.199040
-12922.721098 -15488.028603 38.199299
-12922.738246 -15488.001403 36.199557
-12922.755394 -15487.974202 34.199816
-12922.772542 -15487.947002 32.200074
-12922.789690 -15487.919802 30.200332
-12922.806838 -15487.892602 28.200591
-12922.823986 -15487.865401 26.200849
-12922.841134 -15487.838201 24.201108
-12922.858282 -15487.811001 22.201366
-12922.875430 -15487.783801 20.201625
-12922.892578 -15487.756600 18.201883
-12922.909726 -15487.729400 16.202142
-12922.926874 -15487.702200 14.202400
-12922.944022 -15487.675000 12.202659
-12922.961170 -15487.647799 10.202917
-12922.978318 -15487.620599 8.203176
-12922.995466 -15487.593399 6.203434
-12923.012614 -15487.566199 4.203693
-12923.029762 -15487.538998 2.203951
-12923.046910 -15487.511798 0.204210
-12923.064058 -15487.484598 -1.795532
-12923.081206 -15487.457398 -3.795273
-12923.098354 -15487.430197 -5.795015
-12923.115502 -15487.402997 -7.794756
-12923.132650 -15487.375797 -9.794498
-12923.149798 -15487.348597 -11.794239
-12923.166946 -15487.321396 -13.793981
-12923.184094 -15487.294196 -15.793722
-12923.201242 -15487.266996 -17.793464
-12923.218390 -15487.239795 -19.793205
-12923.235538 -15487.212595 -21.792947
-12923.252686 -15487.185395 -23.792688
-12923.269834 -15487.158195 -25.792430
-12923.286982 -15487.130994 -27.792171
-12923.304130 -15487.103794 -29.791913
-12923.321278 -15487.076594 -31.791654
-12923.338426 -15487.049394 -33.791396
-12923.355574 -15487.022193 -35.791137
-12923.372722 -15486.994993 -37.790879
-12923.389870 -15486.967793 -39.790620
-12923.407018 -15486.940593 -41.790362
-12923.424166 -15486.913392 -43.790103
-12923.441314 -15486.886192 -45.789845
-12923.458462 -15486.858992 -47.789586
-12923.475610 -15486.831792 -49.789328
-12923.492758 -15486.804591 -51.789069
-12923.509906 -15486.777391 -53.788811
-12923.527054 -15486.750191 -55.788552
-12923.544202 -15486.722991 -57.788294
-12923.561350 -15486.695790 -59.788035
-12923.578498 -15486.668590 -61.787777
-12923.595646 -15486.641390 -63.787518
-12923.612794 -15486.614190 -65.787260
-12923.629941 -15486.586989 -67.787001
-12923.647089 -15486.559789 -69.786743
-12923.664237 -15486.532589 -71.786484
-12923.681385 -15486.505389 -73.786226
-12923.698533 -15486.478188 -75.785967
-12923.715681 -15486.450988 -77.785709
-12923.732829 -15486.423788 -79.785450
-12923.749977 -15486.396588 -81.785192
-12923.767125 -15486.369387 -83.784933
-12923.784273 -15486.342187 -85.784675
-12923.801421 -15486.314987 -87.784416
-12923.818569 -15486.287787 -89.784158
-12923.835717 -15486.260586 -91.783899
-12923.852865 -15486.233386 -93.783641
-12923.870013 -15486.206186 -95.783382
-12923.887161 -15486.178986 -97.783124
-12923.904309 -15486.151785 -99.782865
-12923.921457 -15486.124585 -101.782607
-12923.938605 -15486.097385 -103.782348
-12923.955753 -15486.070185 -105.782090
-12923.972901 -15486.042984 -107.781831
-12924.000000 -15486.000000 -110.942000
-12923.925763 -15486.031441 -112.940374
-12923.851527 -15486.062883 -114.938749
-12923.777290 -15486.094324 -116.937123
-12923.703054 -15486.125765 -118.935498
-12923.628817 -15486.157207 -120.933872
-12923.554581 -15486.188648 -122.932247
-12923.480344 -15486.220090 -124.930621
-12923.406108 -15486.251531 -126.928995
-12923.331871 -15486.282972 -128.927370
-12923.257635 -15486.314414 -130.925744
-12923.183398 -15486.345855 -132.924119
-12923.109161 -15486.377296 -134.922493
-12923.034925 -15486.408738 -136.920868
-12922.960688 -15486.440179 -138.919242
-12922.886452 -15486.471620 -140.917617
-12922.812215 -15486.503062 -142.915991
-12922.737979 -15486.534503 -144.914365
-12922.663742 -15486.565944 -146.912740
-12922.589506 -15486.597386 -148.911114
-12922.515269 -15486.628827 -150.909489
-12922.441033 -15486.660269 -152.907863
-12922.366796 -15486.691710 -154.906238
-12922.292559 -15486.723151 -156.904612
-12922.218323 -15486.754593 -158.902986
-12922.144086 -15486.786034 -160.901361
-12922.069850 -15486.817475 -162.899735
-12921.995613 -15486.848917 -164.898110
-12921.921377 -15486.880358 -166.896484
-12921.847140 -15486.911799 -168.894859
-12921.772904 -15486.943241 -170.893233
-12921.698667 -15486.974682 -172.891607
-12921.624431 -15487.006124 -174.889982
-12921.550194 -15487.037565 -176.888356
-12921.475957 -15487.069006 -178.886731
-12921.401721 -15487.100448 -180.885105
-12921.327484 -15487.131889 -182.883480
-12921.253248 -15487.163330 -184.881854
-12921.179011 -15487.194772 -186.880228
-12921.104775 -15487.226213 -188.878603
-12921.030538 -15487.257654 -190.876977
-12920.956302 -15487.289096 -192.875352
-12920.882065 -15487.320537 -194.873726
-12920.807829 -15487.351978 -196.872101
-12920.733592 -15487.383420 -198.870475
-12920.659355 -15487.414861 -200.868850
-12920.585119 -15487.446303 -202.867224
-12920.510882 -15487.477744 -204.865598
-12920.436646 -15487.509185 -206.863973
-12920.362409 -15487.540627 -208.862347
-12920.288173 -15487.572068 -210.860722
-12920.213936 -15487.603509 -212.859096
-12920.139700 -15487.634951 -214.857471
-12920.065463 -15487.666392 -216.855845
-12919.991227 -15487.697833 -218.854219
-12919.916990 -15487.729275 -220.852594
-12919.842753 -15487.760716 -222.850968
-12919.768517 -15487.792158 -224.849343
-12919.694280 -15487.823599 -226.847717
-12919.620044 -15487.855040 -228.846092
-12919.545807 -15487.886482 -230.844466
-12919.471571 -15487.917923 -232.842840
-12919.397334 -15487.949364 -234.841215
-12919.323098 -15487.980806 -236.839589
-12919.248861 -15488.012247 -238.837964
-12919.174625 -15488.043688 -240.836338
-12919.100388 -15488.075130 -242.834713
-12919.026151 -15488.106571 -244.833087
-12918.951915 -15488.138013 -246.831461
-12918.877678 -15488.169454 -248.829836
-12918.803442 -15488.200895 -250.828210
-12918.729205 -15488.232337 -252.826585
-12918.654969 -15488.263778 -254.824959
-12918.580732 -15488.295219 -256.823334
-12918.506496 -15488.326661 -258.821708
-12918.432259 -15488.358102 -260.820083
-12918.358023 -15488.389543 -262.818457
-12918.283786 -15488.420985 -264.816831
-12918.209549 -15488.452426 -266.815206
-12918.135313 -15488.483867 -268.813580
-12918.061076 -15488.515309 -270.811955
-12917.986840 -15488.546750 -272.810329
-12917.912603 -15488.578192 -274.808704
-12917.838367 -15488.609633 -276.807078
-12917.764130 -15488.641074 -278.805452
-12917.689894 -15488.672516 -280.803827
-12917.615657 -15488.703957 -282.802201
-12917.541421 -15488.735398 -284.800576
-12917.467184 -15488.766840 -286.798950
-12917.392947 -15488.798281 -288.797325
-12917.318711 -15488.829722 -290.795699
-12917.244474 -15488.861164 -292.794073
-12917.170238 -15488.892605 -294.792448
-12917.096001 -15488.924047 -296.790822
-12917.021765 -15488.955488 -298.789197
-12916.947528 -15488.986929 -300.787571
-12916.873292 -15489.018371 -302.785946
-12916.799055 -15489.049812 -304.784320
-12916.724819 -15489.081253 -306.782694
-12916.650582 -15489.112695 -308.781069
-12916.576345 -15489.144136 -310.779443
-12916.502109 -15489.175577 -312.777818
-12916.427872 -15489.207019 -314.776192
-12916.353636 -15489.238460 -316.774567
-12916.279399 -15489.269901 -318.772941
-12916.205163 -15489.301343 -320.771316
-12916.130926 -15489.332784 -322.769690
-12916.056690 -15489.364226 -324.768064
-12915.982453 -15489.395667 -326.766439
-12915.908217 -15489.427108 -328.764813
-12915.833980 -15489.458550 -330.763188
-12915.759743 -15489.489991 -332.761562
-12915.685507 -15489.521432 -334.759937
-12915.611270 -15489.552874 -336.758311
-12915.537034 -15489.584315 -338.756685
-12915.462797 -15489.615756 -340.755060
-12915.388561 -15489.647198 -342.753434
-12915.314324 -15489.678639 -344.751809
-12915.240088 -15489.710081 -346.750183
-12915.165851 -15489.741522 -348.748558
-12915.091615 -15489.772963 -350.746932
-12915.017378 -15489.804405 -352.745306
-12914.943141 -15489.835846 -354.743681
-12914.868905 -15489.867287 -356.742055
-12914.794668 -15489.898729 -358.740430
-12914.720432 -15489.930170 -360.738804
-12914.646195 -15489.961611 -362.737179
-12914.571959 -15489.993053 -364.735553
-12914.497722 -15490.024494 -366.733927
-12914.423486 -15490.055935 -368.732302
-12914.349249 -15490.087377 -370.730676
-12914.275013 -15490.118818 -372.729051
-12914.200776 -15490.150260 -374.727425
-12914.126539 -15490.181701 -376.725800
-12914.052303 -15490.213142 -378.724174
-12913.978066 -15490.244584 -380.722549
-12913.903830 -15490.276025 -382.720923
-12913.829593 -15490.307466 -384.719297
-12913.755357 -15490.338908 -386.717672
-12913.681120 -15490.370349 -388.716046
-12913.606884 -15490.401790 -390.714421
-12913.532647 -15490.433232 -392.712795
-12913.458411 -15490.464673 -394.711170
-12913.384174 -15490.496115 -396.709544
-12913.309937 -15490.527556 -398.707918
-12913.235701 -15490.558997 -400.706293
-12913.161464 -15490.590439 -402.704667
-12913.087228 -15490.621880 -404.703042
-12913.012991 -15490.653321 -406.701416
-12912.938755 -15490.684763 -408.699791
-12912.864518 -15490.716204 -410.698165
-12912.790282 -15490.747645 -412.696539
-12912.716045 -15490.779087 -414.694914
-12912.641809 -15490.810528 -416.693288
-12912.567572 -15490.841969 -418.691663
-12912.493335 -15490.873411 -420.690037
-12912.419099 -15490.904852 -422.688412
-12912.344862 -15490.936294 -424.686786
-12912.270626 -15490.967735 -426.685160
-12912.196389 -15490.999176 -428.683535
-12912.122153 -15491.030618 -430.681909
-12912.047916 -15491.062059 -432.680284
-12911.973680 -15491.093500 -434.678658
-12911.899443 -15491.124942 -436.677033
-12911.825207 -15491.156383 -438.675407
-12911.750970 -15491.187824 -440.673782
-12911.676733 -15491.219266 -442.672156
-12911.602497 -15491.250707 -444.670530
-12911.528260 -15491.282149 -446.668905
-12911.454024 -15491.313590 -448.667279
-12911.379787 -15491.345031 -450.665654
-12911.305551 -15491.376473 -452.664028
-12911.231314 -15491.407914 -454.662403
-12911.157078 -15491.439355 -456.660777
-12911.082841 -15491.470797 -458.659151
-12911.008605 -15491.502238 -460.657526
-12910.934368 -15491.533679 -462.655900
-12910.860132 -15491.565121 -464.654275
-12910.785895 -15491.596562 -466.652649
-12910.711658 -15491.628003 -468.651024
-12910.637422 -15491.659445 -470.649398
-12910.563185 -15491.690886 -472.647772
-12910.488949 -15491.722328 -474.646147
-12910.414712 -15491.753769 -476.644521
-12910.340476 -15491.785210 -478.642896
-12910.266239 -15491.816652 -480.641270
-12910.192003 -15491.848093 -482.639645
-12910.117766 -15491.879534 -484.638019
-12910.043530 -15491.910976 -486.636393
-12909.969293 -15491.942417 -488.634768
-12909.895056 -15491.973858 -490.633142
-12909.820820 -15492.005300 -492.631517
-12909.746583 -15492.036741 -494.629891
-12909.672347 -15492.068183 -496.628266
-12909.598110 -15492.099624 -498.626640
-12909.523874 -15492.131065 -500.625015
-12909.449637 -15492.162507 -502.623389
-12909.375401 -15492.193948 -504.621763
-12909.301164 -15492.225389 -506.620138
-12909.226928 -15492.256831 -508.618512
-12909.152691 -15492.288272 -510.616887
-12909.078454 -15492.319713 -512.615261
-12909.004218 -15492.351155 -514.613636
-12908.929981 -15492.382596 -516.612010
-12908.855745 -15492.414038 -518.610384
-12908.781508 -15492.445479 -520.608759
-12908.707272 -15492.476920 -522.607133
-12908.633035 -15492.508362 -524.605508
-12908.558799 -15492.539803 -526.603882
-12908.484562 -15492.571244 -528.602257
-12908.410326 -15492.602686 -530.600631
-12908.336089 -15492.634127 -532.599005
-12908.261852 -15492.665568 -534.597380
-12908.187616 -15492.697010 -536.595754
-12908.113379 -15492.728451 -538.594129
-12908.039143 -15492.759892 -540.592503
-12907.964906 -15492.791334 -542.590878
-12907.890670 -15492.822775 -544.589252
-12907.816433 -15492.854217 -546.587626
-12907.742197 -15492.885658 -548.586001
-12907.667960 -15492.917099 -550.584375
-12907.593724 -15492.948541 -552.582750
-12907.519487 -15492.979982 -554.581124
-12907.445250 -15493.011423 -556.579499
-12907.371014 -15493.042865 -558.577873
-12907.296777 -15493.074306 -560.576248
-12907.222541 -15493.105747 -562.574622
-12907.148304 -15493.137189 -564.572996
-12907.074068 -15493.168630 -566.571371
-12906.999831 -15493.200072 -568.569745
-12906.925595 -15493.231513 -570.568120
-12906.851358 -15493.262954 -572.566494
-12906.777122 -15493.294396 -574.564869
-12906.702885 -15493.325837 -576.563243
-12906.628648 -15493.357278 -578.561617
-12906.554412 -15493.388720 -580.559992
-12906.480175 -15493.420161 -582.558366
-12906.405939 -15493.451602 -584.556741
-12906.331702 -15493.483044 -586.555115
-12906.257466 -15493.514485 -588.553490
-12906.183229 -15493.545926 -590.551864
-12906.108993 -15493.577368 -592.550238
-12906.034756 -15493.608809 -594.548613
-12905.960520 -15493.640251 -596.546987
-12905.886283 -15493.671692 -598.545362
-12905.812046 -15493.703133 -600.543736
-12905.737810 -15493.734575 -602.542111
-12905.663573 -15493.766016 -604.540485
-12905.589337 -15493.797457 -606.538859
-12905.515100 -15493.828899 -608.537234
-12905.440864 -15493.860340 -610.535608
-12905.366627 -15493.891781 -612.533983
-12905.292391 -15493.923223 -614.532357
-12905.218154 -15493.954664 -616.530732
-12905.143918 -15493.986106 -618.529106
-12905.069681 -15494.017547 -620.527481
-12904.995444 -15494.048988 -622.525855
-12904.921208 -15494.080430 -624.524229
-12904.846971 -15494.111871 -626.522604
-12904.772735 -15494.143312 -628.520978
-12904.698498 -15494.174754 -630.519353
-12904.624262 -15494.206195 -632.517727
-12904.550025 -15494.237636 -634.516102
-12904.475789 -15494.269078 -636.514476
-12904.401552 -15494.300519 -638.512850
-12904.327316 -15494.331960 -640.511225
-12904.253079 -15494.363402 -642.509599
-12904.178842 -15494.394843 -644.507974
-12904.104606 -15494.426285 -646.506348
-12904.030369 -15494.457726 -648.504723
-12903.956133 -15494.489167 -650.503097
-12903.881896 -15494.520609 -652.501471
-12903.807660 -15494.552050 -654.499846
-12903.733423 -15494.583491 -656.498220
-12903.659187 -15494.614933 -658.496595
-12903.584950 -15494.646374 -660.494969
-12903.510714 -15494.677815 -662.493344
-12903.436477 -15494.709257 -664.491718
-12903.362240 -15494.740698 -666.490092
-12903.288004 -15494.772140 -668.488467
-12903.213767 -15494.803581 -670.486841
-12903.139531 -15494.835022 -672.485216
-12903.065294 -15494.866464 -674.483590
-12902.991058 -15494.897905 -676.481965
-12902.916821 -15494.929346 -678.480339
-12902.842585 -15494.960788 -680.478714
-12902.768348 -15494.992229 -682.477088
-12902.694112 -15495.023670 -684.475462
-12902.619875 -15495.055112 -686.473837
-12902.545638 -15495.086553 -688.472211
-12902.471402 -15495.117994 -690.470586
-12902.397165 -15495.149436 -692.468960
-12902.322929 -15495.180877 -694.467335
-12902.248692 -15495.212319 -696.465709
-12902.174456 -15495.243760 -698.464083
-12902.100219 -15495.275201 -700.462458
-12902.025983 -15495.306643 -702.460832
-12901.951746 -15495.338084 -704.459207
-12901.877510 -15495.369525 -706.457581
-12901.803273 -15495.400967 -708.455956
-12901.729036 -15495.432408 -710.454330
-12901.654800 -15495.463849 -712.452704
-12901.580563 -15495.495291 -714.451079
-12901.506327 -15495.526732 -716.449453
-12901.432090 -15495.558174 -718.447828
-12901.357854 -15495.589615 -720.446202
-12901.283617 -15495.621056 -722.444577
-12901.209381 -15495.652498 -724.442951
-12901.135144 -15495.683939 -726.441325
-12901.060908 -15495.715380 -728.439700
-12900.986671 -15495.746822 -730.438074
-12900.912434 -15495.778263 -732.436449
-12900.838198 -15495.809704 -734.434823
-12900.763961 -15495.841146 -736.433198
-12900.689725 -15495.872587 -738.431572
-12900.615488 -15495.904028 -740.429947
-12900.541252 -15495.935470 -742.428321
-12900.467015 -15495.966911 -744.426695
-12900.392779 -15495.998353 -746.425070
-12900.318542 -15496.029794 -748.423444
-12900.244306 -15496.061235 -750.421819
-12900.170069 -15496.092677 -752.420193
-12900.095832 -15496.124118 -754.418568
-12900.021596 -15496.155559 -756.416942
-12899.947359 -15496.187001 -758.415316
-12899.873123 -15496.218442 -760.413691
-12899.798886 -15496.249883 -762.412065
-12899.724650 -15496.281325 -764.410440
-12899.650413 -15496.312766 -766.408814
-12899.576177 -15496.344208 -768.407189
-12899.501940 -15496.375649 -770.405563
-12899.427704 -15496.407090 -772.403937
-12899.353467 -15496.438532 -774.402312
-12899.279230 -15496.469973 -776.400686
-12899.204994 -15496.501414 -778.399061
-12899.130757 -15496.532856 -780.397435
-12899.056521 -15496.564297 -782.395810
-12898.982284 -15496.595738 -784.394184
-12898.908048 -15496.627180 -786.392559
-12898.833811 -15496.658621 -788.390933
-12898.759575 -15496.690063 -790.389307
-12898.685338 -15496.721504 -792.387682
-12898.611102 -15496.752945 -794.386056
-12898.536865 -15496.784387 -796.384431
-12898.462628 -15496.815828 -798.382805
-12898.388392 -15496.847269 -800.381180
-12898.314155 -15496.878711 -802.379554
-12898.239919 -15496.910152 -804.377928
-12898.165682 -15496.941593 -806.376303
-12898.091446 -15496.973035 -808.374677
-12898.017209 -15497.004476 -810.373052
-12897.942973 -15497.035917 -812.371426
-12897.868736 -15497.067359 -814.369801
-12897.794500 -15497.098800 -816.368175
-12897.720263 -15497.130242 -818.366549
-12897.646026 -15497.161683 -820.364924
-12897.571790 -15497.193124 -822.363298
-12897.497553 -15497.224566 -824.361673
-12897.423317 -15497.256007 -826.360047
-12897.349080 -15497.287448 -828.358422
-12897.274844 -15497.318890 -830.356796
-12897.200607 -15497.350331 -832.355170
-12897.126371 -15497.381772 -834.353545
-12897.052134 -15497.413214 -836.351919
-12896.977898 -15497.444655 -838.350294
-12896.903661 -15497.476097 -840.348668
-12896.829424 -15497.507538 -842.347043
-12896.755188 -15497.538979 -844.345417
-12896.680951 -15497.570421 -846.343792
-12896.606715 -15497.601862 -848.342166
-12896.532478 -15497.633303 -850.340540
-12896.458242 -15497.664745 -852.338915
-12896.384005 -15497.696186 -854.337289
-12896.309769 -15497.727627 -856.335664
-12896.235532 -15497.759069 -858.334038
-12896.161296 -15497.790510 -860.332413
-12896.087059 -15497.821951 -862.330787
-12896.012822 -15497.853393 -864.329161
-12895.938586 -15497.884834 -866.327536
-12895.864349 -15497.916276 -868.325910
-12895.790113 -15497.947717 -870.324285
-12895.715876 -15497.979158 -872.322659
-12895.641640 -15498.010600 -874.321034
-12895.567403 -15498.042041 -876.319408
-12895.493167 -15498.073482 -878.317782
-12895.418930 -15498.104924 -880.316157
-12895.344694 -15498.136365 -882.314531
-12895.270457 -15498.167806 -884.312906
-12895.196220 -15498.199248 -886.311280
-12895.121984 -15498.230689 -888.309655
-12895.047747 -15498.262131 -890.308029
-12894.973511 -15498.293572 -892.306403
-12894.899274 -15498.325013 -894.304778
-12894.825038 -15498.356455 -896.303152
-12894.750801 -15498.387896 -898.301527
-12894.676565 -15498.419337 -900.299901
-12894.602328 -15498.450779 -902.298276
-12894.528092 -15498.482220 -904.296650
-12894.453855 -15498.513661 -906.295025
-12894.379618 -15498.545103 -908.293399
-12894.305382 -15498.576544 -910.291773
-12894.231145 -15498.607985 -912.290148
-12894.156909 -15498.639427 -914.288522
-12894.082672 -15498.670868 -916.286897
-12894.008436 -15498.702310 -918.285271
-12893.934199 -15498.733751 -920.283646
-12893.859963 -15498.765192 -922.282020
-12893.785726 -15498.796634 -924.280394
-12893.711490 -15498.828075 -926.278769
-12893.637253 -15498.859516 -928.277143
-12893.563016 -15498.890958 -930.275518
-12893.488780 -15498.922399 -932.273892
-12893.414543 -15498.953840 -934.272267
-12893.340307 -15498.985282 -936.270641
-12893.266070 -15499.016723 -938.269015
-12893.191834 -15499.048165 -940.267390
-12893.117597 -15499.079606 -942.265764
-12893.043361 -15499.111047 -944.264139
-12892.969124 -15499.142489 -946.262513
-12892.894888 -15499.173930 -948.260888
-12892.820651 -15499.205371 -950.259262
-12892.746414 -15499.236813 -952.257636
-12892.672178 -15499.268254 -954.256011
-12892.597941 -15499.299695 -956.254385
-12892.523705 -15499.331137 -958.252760
-12892.449468 -15499.362578 -960.251134
-12892.375232 -15499.394019 -962.249509
-12892.300995 -15499.425461 -964.247883
-12892.226759 -15499.456902 -966.246258
-12892.152522 -15499.488344 -968.244632
-12892.078286 -15499.519785 -970.243006
-12892.004049 -15499.551226 -972.241381
-12891.929812 -15499.582668 -974.239755
-12891.855576 -15499.614109 -976.238130
-12891.781339 -15499.645550 -978.236504
-12891.707103 -15499.676992 -980.234879
-12891.632866 -15499.708433 -982.233253
-12891.558630 -15499.739874 -984.231627
-12891.484393 -15499.771316 -986.230002
-12891.410157 -15499.802757 -988.228376
-12891.335920 -15499.834199 -990.226751
-12891.261684 -15499.865640 -992.225125
-12891.187447 -15499.897081 -994.223500
-12891.113210 -15499.928523 -996.221874
-12891.038974 -15499.959964 -998.220248
-12890.964737 -15499.991405 -1000.218623
-12890.890501 -15500.022847 -1002.216997
-12890.816264 -15500.054288 -1004.215372
-12890.742028 -15500.085729 -1006.213746
-12890.667791 -15500.117171 -1008.212121
-12890.593555 -15500.148612 -1010.210495
-12890.519318 -15500.180054 -1012.208869
-12890.445082 -15500.211495 -1014.207244
-12890.370845 -15500.242936 -1016.205618
-12890.296608 -15500.274378 -1018.203993
-12890.222372 -15500.305819 -1020.202367
-12890.148135 -15500.337260 -1022.200742
-12890.073899 -15500.368702 -1024.199116
-12889.999662 -15500.400143 -1026.197491
-12889.925426 -15500.431584 -1028.195865
-12889.851189 -15500.463026 -1030.194239
-12889.776953 -15500.494467 -1032.192614
-12889.702716 -15500.525908 -1034.190988
-12889.628480 -15500.557350 -1036.189363
-12889.554243 -15500.588791 -1038.187737
-12889.480006 -15500.620233 -1040.186112
-12889.405770 -15500.651674 -1042.184486
-12889.331533 -15500.683115 -1044.182860
-12889.257297 -15500.714557 -1046.181235
-12889.183060 -15500.745998 -1048.179609
-12889.108824 -15500.777439 -1050.177984
-12889.034587 -15500.808881 -1052.176358
-12888.960351 -15500.840322 -1054.174733
-12888.886114 -15500.871763 -1056.173107
-12888.811878 -15500.903205 -1058.171481
-12888.737641 -15500.934646 -1060.169856
-12888.663404 -15500.966088 -1062.168230
-12888.589168 -15500.997529 -1064.166605
-12888.514931 -15501.028970 -1066.164979
-12888.440695 -15501.060412 -1068.163354
-12888.366458 -15501.091853 -1070.161728
-12888.292222 -15501.123294 -1072.160102
-12888.217985 -15501.154736 -1074.158477
-12888.143749 -15501.186177 -1076.156851
-12888.069512 -15501.217618 -1078.155226
-12887.995276 -15501.249060 -1080.153600
-12887.921039 -15501.280501 -1082.151975
-12887.846802 -15501.311942 -1084.150349
-12887.772566 -15501.343384 -1086.148724
-12887.698329 -15501.374825 -1088.147098
-12887.624093 -15501.406267 -1090.145472
-12887.549856 -15501.437708 -1092.143847
-12887.475620 -15501.469149 -1094.142221
-12887.401383 -15501.500591 -1096.140596
-12887.327147 -15501.532032 -1098.138970
-12887.252910 -15501.563473 -1100.137345
-12887.178674 -15501.594915 -1102.135719
-12887.104437 -15501.626356 -1104.134093
-12887.030200 -15501.657797 -1106.132468
-12886.955964 -15501.689239 -1108.130842
-12886.881727 -15501.720680 -1110.129217
-12886.807491 -15501.752122 -1112.127591
-12886.733254 -15501.783563 -1114.125966
-12886.659018 -15501.815004 -1116.124340
-12886.584781 -15501.846446 -1118.122714
-12886.510545 -15501.877887 -1120.121089
-12886.436308 -15501.909328 -1122.119463
-12886.362072 -15501.940770 -1124.117838
-12886.287835 -15501.972211 -1126.116212
-12886.213598 -15502.003652 -1128.114587
-12886.139362 -15502.035094 -1130.112961
-12886.065125 -15502.066535 -1132.111335
-12885.990889 -15502.097976 -1134.109710
-12885.916652 -15502.129418 -1136.108084
-12885.842416 -15502.160859 -1138.106459
-12885.768179 -15502.192301 -1140.104833
-12885.693943 -15502.223742 -1142.103208
-12885.619706 -15502.255183 -1144.101582
-12885.545470 -15502.286625 -1146.099957
-12885.471233 -15502.318066 -1148.098331
-12885.396996 -15502.349507 -1150.096705
-12885.322760 -15502.380949 -1152.095080
-12885.248523 -15502.412390 -1154.093454
-12885.174287 -15502.443831 -1156.091829
-12885.100050 -15502.475273 -1158.090203
-12885.025814 -15502.506714 -1160.088578
-12884.951577 -15502.538156 -1162.086952
-12884.877341 -15502.569597 -1164.085326
-12884.803104 -15502.601038 -1166.083701
-12884.728868 -15502.632480 -1168.082075
-12884.654631 -15502.663921 -1170.080450
-12884.580395 -15502.695362 -1172.078824
-12884.506158 -15502.726804 -1174.077199
-12884.431921 -15502.758245 -1176.075573
-12884.357685 -15502.789686 -1178.073947
-12884.283448 -15502.821128 -1180.072322
-12884.209212 -15502.852569 -1182.070696
-12884.134975 -15502.884010 -1184.069071
-12884.060739 -15502.915452 -1186.067445
-12883.986502 -15502.946893 -1188.065820
-12883.912266 -15502.978335 -1190.064194
-12883.838029 -15503.009776 -1192.062568
-12883.763793 -15503.041217 -1194.060943
-12883.689556 -15503.072659 -1196.059317
-12883.615319 -15503.104100 -1198.057692
-12883.541083 -15503.135541 -1200.056066
-12883.466846 -15503.166983 -1202.054441
-12883.392610 -15503.198424 -1204.052815
-12883.318373 -15503.229865 -1206.051190
-12883.244137 -15503.261307 -1208.049564
-12883.169900 -15503.292748 -1210.047938
-12883.095664 -15503.324190 -1212.046313
-12883.021427 -15503.355631 -1214.044687
-12882.947191 -15503.387072 -1216.043062
-12882.872954 -15503.418514 -1218.041436
-12882.798717 -15503.449955 -1220.039811
-12882.724481 -15503.481396 -1222.038185
-12882.650244 -15503.512838 -1224.036559
-12882.576008 -15503.544279 -1226.034934
-12882.501771 -15503.575720 -1228.033308
-12882.427535 -15503.607162 -1230.031683
-12882.353298 -15503.638603 -1232.030057
-12882.279062 -15503.670044 -1234.028432
-12882.204825 -15503.701486 -1236.026806
-12882.130589 -15503.732927 -1238.025180
-12882.056352 -15503.764369 -1240.023555
-12881.982115 -15503.795810 -1242.021929
-12881.907879 -15503.827251 -1244.020304
-12881.833642 -15503.858693 -1246.018678
-12881.759406 -15503.890134 -1248.017053
-12881.685169 -15503.921575 -1250.015427
-12881.610933 -15503.953017 -1252.013801
